:0200000460009A
:100000004643464200000156000000000103030081
:1000100000000000000000000000000000000000E0
:1000200000000000000000000000000000000000D0
:1000300000000000000000000000000000000000C0
:1000400000000000010408000000000000000000A3
:100050000000800000000000000000000000000020
:100060000000000000000000000000000000000090
:100070000000000000000000000000000000000080
:10008000EB04180A063204260000000000000000FD
:10009000050404240000000000000000000000002F
:1000A0000000000000000000000000000000000050
:1000B0000604000000000000000000000000000036
:1000C0000000000000000000000000000000000030
:1000D00020041808000000000000000000000000DC
:1000E0000000000000000000000000000000000010
:1000F0000000000000000000000000000000000000
:10010000D8041808000000000000000000000000F3
:100110000204180804200000000000000000000095
:1001200000000000000000000000000000000000CF
:10013000600400000000000000000000000000005B
:1001400000000000000000000000000000000000AF
:10015000000000000000000000000000000000009F
:10016000000000000000000000000000000000008F
:10017000000000000000000000000000000000007F
:10018000000000000000000000000000000000006F
:10019000000000000000000000000000000000005F
:1001A000000000000000000000000000000000004F
:1001B000000000000000000000000000000000003F
:1001C000000100000010000001000000000000001D
:1001D000000001000000000000000000000000001E
:1001E000000000000000000000000000000000000F
:1001F00000000000000000000000000000000000FF
:10020000FFFFFFFFFFFFFFFFFFFFFFFFFFFFFFFFFE
:10021000FFFFFFFFFFFFFFFFFFFFFFFFFFFFFFFFEE
:10022000FFFFFFFFFFFFFFFFFFFFFFFFFFFFFFFFDE
:10023000FFFFFFFFFFFFFFFFFFFFFFFFFFFFFFFFCE
:10024000FFFFFFFFFFFFFFFFFFFFFFFFFFFFFFFFBE
:10025000FFFFFFFFFFFFFFFFFFFFFFFFFFFFFFFFAE
:10026000FFFFFFFFFFFFFFFFFFFFFFFFFFFFFFFF9E
:10027000FFFFFFFFFFFFFFFFFFFFFFFFFFFFFFFF8E
:10028000FFFFFFFFFFFFFFFFFFFFFFFFFFFFFFFF7E
:10029000FFFFFFFFFFFFFFFFFFFFFFFFFFFFFFFF6E
:1002A000FFFFFFFFFFFFFFFFFFFFFFFFFFFFFFFF5E
:1002B000FFFFFFFFFFFFFFFFFFFFFFFFFFFFFFFF4E
:1002C000FFFFFFFFFFFFFFFFFFFFFFFFFFFFFFFF3E
:1002D000FFFFFFFFFFFFFFFFFFFFFFFFFFFFFFFF2E
:1002E000FFFFFFFFFFFFFFFFFFFFFFFFFFFFFFFF1E
:1002F000FFFFFFFFFFFFFFFFFFFFFFFFFFFFFFFF0E
:10030000FFFFFFFFFFFFFFFFFFFFFFFFFFFFFFFFFD
:10031000FFFFFFFFFFFFFFFFFFFFFFFFFFFFFFFFED
:10032000FFFFFFFFFFFFFFFFFFFFFFFFFFFFFFFFDD
:10033000FFFFFFFFFFFFFFFFFFFFFFFFFFFFFFFFCD
:10034000FFFFFFFFFFFFFFFFFFFFFFFFFFFFFFFFBD
:10035000FFFFFFFFFFFFFFFFFFFFFFFFFFFFFFFFAD
:10036000FFFFFFFFFFFFFFFFFFFFFFFFFFFFFFFF9D
:10037000FFFFFFFFFFFFFFFFFFFFFFFFFFFFFFFF8D
:10038000FFFFFFFFFFFFFFFFFFFFFFFFFFFFFFFF7D
:10039000FFFFFFFFFFFFFFFFFFFFFFFFFFFFFFFF6D
:1003A000FFFFFFFFFFFFFFFFFFFFFFFFFFFFFFFF5D
:1003B000FFFFFFFFFFFFFFFFFFFFFFFFFFFFFFFF4D
:1003C000FFFFFFFFFFFFFFFFFFFFFFFFFFFFFFFF3D
:1003D000FFFFFFFFFFFFFFFFFFFFFFFFFFFFFFFF2D
:1003E000FFFFFFFFFFFFFFFFFFFFFFFFFFFFFFFF1D
:1003F000FFFFFFFFFFFFFFFFFFFFFFFFFFFFFFFF0D
:10040000FFFFFFFFFFFFFFFFFFFFFFFFFFFFFFFFFC
:10041000FFFFFFFFFFFFFFFFFFFFFFFFFFFFFFFFEC
:10042000FFFFFFFFFFFFFFFFFFFFFFFFFFFFFFFFDC
:10043000FFFFFFFFFFFFFFFFFFFFFFFFFFFFFFFFCC
:10044000FFFFFFFFFFFFFFFFFFFFFFFFFFFFFFFFBC
:10045000FFFFFFFFFFFFFFFFFFFFFFFFFFFFFFFFAC
:10046000FFFFFFFFFFFFFFFFFFFFFFFFFFFFFFFF9C
:10047000FFFFFFFFFFFFFFFFFFFFFFFFFFFFFFFF8C
:10048000FFFFFFFFFFFFFFFFFFFFFFFFFFFFFFFF7C
:10049000FFFFFFFFFFFFFFFFFFFFFFFFFFFFFFFF6C
:1004A000FFFFFFFFFFFFFFFFFFFFFFFFFFFFFFFF5C
:1004B000FFFFFFFFFFFFFFFFFFFFFFFFFFFFFFFF4C
:1004C000FFFFFFFFFFFFFFFFFFFFFFFFFFFFFFFF3C
:1004D000FFFFFFFFFFFFFFFFFFFFFFFFFFFFFFFF2C
:1004E000FFFFFFFFFFFFFFFFFFFFFFFFFFFFFFFF1C
:1004F000FFFFFFFFFFFFFFFFFFFFFFFFFFFFFFFF0C
:10050000FFFFFFFFFFFFFFFFFFFFFFFFFFFFFFFFFB
:10051000FFFFFFFFFFFFFFFFFFFFFFFFFFFFFFFFEB
:10052000FFFFFFFFFFFFFFFFFFFFFFFFFFFFFFFFDB
:10053000FFFFFFFFFFFFFFFFFFFFFFFFFFFFFFFFCB
:10054000FFFFFFFFFFFFFFFFFFFFFFFFFFFFFFFFBB
:10055000FFFFFFFFFFFFFFFFFFFFFFFFFFFFFFFFAB
:10056000FFFFFFFFFFFFFFFFFFFFFFFFFFFFFFFF9B
:10057000FFFFFFFFFFFFFFFFFFFFFFFFFFFFFFFF8B
:10058000FFFFFFFFFFFFFFFFFFFFFFFFFFFFFFFF7B
:10059000FFFFFFFFFFFFFFFFFFFFFFFFFFFFFFFF6B
:1005A000FFFFFFFFFFFFFFFFFFFFFFFFFFFFFFFF5B
:1005B000FFFFFFFFFFFFFFFFFFFFFFFFFFFFFFFF4B
:1005C000FFFFFFFFFFFFFFFFFFFFFFFFFFFFFFFF3B
:1005D000FFFFFFFFFFFFFFFFFFFFFFFFFFFFFFFF2B
:1005E000FFFFFFFFFFFFFFFFFFFFFFFFFFFFFFFF1B
:1005F000FFFFFFFFFFFFFFFFFFFFFFFFFFFFFFFF0B
:10060000FFFFFFFFFFFFFFFFFFFFFFFFFFFFFFFFFA
:10061000FFFFFFFFFFFFFFFFFFFFFFFFFFFFFFFFEA
:10062000FFFFFFFFFFFFFFFFFFFFFFFFFFFFFFFFDA
:10063000FFFFFFFFFFFFFFFFFFFFFFFFFFFFFFFFCA
:10064000FFFFFFFFFFFFFFFFFFFFFFFFFFFFFFFFBA
:10065000FFFFFFFFFFFFFFFFFFFFFFFFFFFFFFFFAA
:10066000FFFFFFFFFFFFFFFFFFFFFFFFFFFFFFFF9A
:10067000FFFFFFFFFFFFFFFFFFFFFFFFFFFFFFFF8A
:10068000FFFFFFFFFFFFFFFFFFFFFFFFFFFFFFFF7A
:10069000FFFFFFFFFFFFFFFFFFFFFFFFFFFFFFFF6A
:1006A000FFFFFFFFFFFFFFFFFFFFFFFFFFFFFFFF5A
:1006B000FFFFFFFFFFFFFFFFFFFFFFFFFFFFFFFF4A
:1006C000FFFFFFFFFFFFFFFFFFFFFFFFFFFFFFFF3A
:1006D000FFFFFFFFFFFFFFFFFFFFFFFFFFFFFFFF2A
:1006E000FFFFFFFFFFFFFFFFFFFFFFFFFFFFFFFF1A
:1006F000FFFFFFFFFFFFFFFFFFFFFFFFFFFFFFFF0A
:10070000FFFFFFFFFFFFFFFFFFFFFFFFFFFFFFFFF9
:10071000FFFFFFFFFFFFFFFFFFFFFFFFFFFFFFFFE9
:10072000FFFFFFFFFFFFFFFFFFFFFFFFFFFFFFFFD9
:10073000FFFFFFFFFFFFFFFFFFFFFFFFFFFFFFFFC9
:10074000FFFFFFFFFFFFFFFFFFFFFFFFFFFFFFFFB9
:10075000FFFFFFFFFFFFFFFFFFFFFFFFFFFFFFFFA9
:10076000FFFFFFFFFFFFFFFFFFFFFFFFFFFFFFFF99
:10077000FFFFFFFFFFFFFFFFFFFFFFFFFFFFFFFF89
:10078000FFFFFFFFFFFFFFFFFFFFFFFFFFFFFFFF79
:10079000FFFFFFFFFFFFFFFFFFFFFFFFFFFFFFFF69
:1007A000FFFFFFFFFFFFFFFFFFFFFFFFFFFFFFFF59
:1007B000FFFFFFFFFFFFFFFFFFFFFFFFFFFFFFFF49
:1007C000FFFFFFFFFFFFFFFFFFFFFFFFFFFFFFFF39
:1007D000FFFFFFFFFFFFFFFFFFFFFFFFFFFFFFFF29
:1007E000FFFFFFFFFFFFFFFFFFFFFFFFFFFFFFFF19
:1007F000FFFFFFFFFFFFFFFFFFFFFFFFFFFFFFFF09
:10080000FFFFFFFFFFFFFFFFFFFFFFFFFFFFFFFFF8
:10081000FFFFFFFFFFFFFFFFFFFFFFFFFFFFFFFFE8
:10082000FFFFFFFFFFFFFFFFFFFFFFFFFFFFFFFFD8
:10083000FFFFFFFFFFFFFFFFFFFFFFFFFFFFFFFFC8
:10084000FFFFFFFFFFFFFFFFFFFFFFFFFFFFFFFFB8
:10085000FFFFFFFFFFFFFFFFFFFFFFFFFFFFFFFFA8
:10086000FFFFFFFFFFFFFFFFFFFFFFFFFFFFFFFF98
:10087000FFFFFFFFFFFFFFFFFFFFFFFFFFFFFFFF88
:10088000FFFFFFFFFFFFFFFFFFFFFFFFFFFFFFFF78
:10089000FFFFFFFFFFFFFFFFFFFFFFFFFFFFFFFF68
:1008A000FFFFFFFFFFFFFFFFFFFFFFFFFFFFFFFF58
:1008B000FFFFFFFFFFFFFFFFFFFFFFFFFFFFFFFF48
:1008C000FFFFFFFFFFFFFFFFFFFFFFFFFFFFFFFF38
:1008D000FFFFFFFFFFFFFFFFFFFFFFFFFFFFFFFF28
:1008E000FFFFFFFFFFFFFFFFFFFFFFFFFFFFFFFF18
:1008F000FFFFFFFFFFFFFFFFFFFFFFFFFFFFFFFF08
:10090000FFFFFFFFFFFFFFFFFFFFFFFFFFFFFFFFF7
:10091000FFFFFFFFFFFFFFFFFFFFFFFFFFFFFFFFE7
:10092000FFFFFFFFFFFFFFFFFFFFFFFFFFFFFFFFD7
:10093000FFFFFFFFFFFFFFFFFFFFFFFFFFFFFFFFC7
:10094000FFFFFFFFFFFFFFFFFFFFFFFFFFFFFFFFB7
:10095000FFFFFFFFFFFFFFFFFFFFFFFFFFFFFFFFA7
:10096000FFFFFFFFFFFFFFFFFFFFFFFFFFFFFFFF97
:10097000FFFFFFFFFFFFFFFFFFFFFFFFFFFFFFFF87
:10098000FFFFFFFFFFFFFFFFFFFFFFFFFFFFFFFF77
:10099000FFFFFFFFFFFFFFFFFFFFFFFFFFFFFFFF67
:1009A000FFFFFFFFFFFFFFFFFFFFFFFFFFFFFFFF57
:1009B000FFFFFFFFFFFFFFFFFFFFFFFFFFFFFFFF47
:1009C000FFFFFFFFFFFFFFFFFFFFFFFFFFFFFFFF37
:1009D000FFFFFFFFFFFFFFFFFFFFFFFFFFFFFFFF27
:1009E000FFFFFFFFFFFFFFFFFFFFFFFFFFFFFFFF17
:1009F000FFFFFFFFFFFFFFFFFFFFFFFFFFFFFFFF07
:100A0000FFFFFFFFFFFFFFFFFFFFFFFFFFFFFFFFF6
:100A1000FFFFFFFFFFFFFFFFFFFFFFFFFFFFFFFFE6
:100A2000FFFFFFFFFFFFFFFFFFFFFFFFFFFFFFFFD6
:100A3000FFFFFFFFFFFFFFFFFFFFFFFFFFFFFFFFC6
:100A4000FFFFFFFFFFFFFFFFFFFFFFFFFFFFFFFFB6
:100A5000FFFFFFFFFFFFFFFFFFFFFFFFFFFFFFFFA6
:100A6000FFFFFFFFFFFFFFFFFFFFFFFFFFFFFFFF96
:100A7000FFFFFFFFFFFFFFFFFFFFFFFFFFFFFFFF86
:100A8000FFFFFFFFFFFFFFFFFFFFFFFFFFFFFFFF76
:100A9000FFFFFFFFFFFFFFFFFFFFFFFFFFFFFFFF66
:100AA000FFFFFFFFFFFFFFFFFFFFFFFFFFFFFFFF56
:100AB000FFFFFFFFFFFFFFFFFFFFFFFFFFFFFFFF46
:100AC000FFFFFFFFFFFFFFFFFFFFFFFFFFFFFFFF36
:100AD000FFFFFFFFFFFFFFFFFFFFFFFFFFFFFFFF26
:100AE000FFFFFFFFFFFFFFFFFFFFFFFFFFFFFFFF16
:100AF000FFFFFFFFFFFFFFFFFFFFFFFFFFFFFFFF06
:100B0000FFFFFFFFFFFFFFFFFFFFFFFFFFFFFFFFF5
:100B1000FFFFFFFFFFFFFFFFFFFFFFFFFFFFFFFFE5
:100B2000FFFFFFFFFFFFFFFFFFFFFFFFFFFFFFFFD5
:100B3000FFFFFFFFFFFFFFFFFFFFFFFFFFFFFFFFC5
:100B4000FFFFFFFFFFFFFFFFFFFFFFFFFFFFFFFFB5
:100B5000FFFFFFFFFFFFFFFFFFFFFFFFFFFFFFFFA5
:100B6000FFFFFFFFFFFFFFFFFFFFFFFFFFFFFFFF95
:100B7000FFFFFFFFFFFFFFFFFFFFFFFFFFFFFFFF85
:100B8000FFFFFFFFFFFFFFFFFFFFFFFFFFFFFFFF75
:100B9000FFFFFFFFFFFFFFFFFFFFFFFFFFFFFFFF65
:100BA000FFFFFFFFFFFFFFFFFFFFFFFFFFFFFFFF55
:100BB000FFFFFFFFFFFFFFFFFFFFFFFFFFFFFFFF45
:100BC000FFFFFFFFFFFFFFFFFFFFFFFFFFFFFFFF35
:100BD000FFFFFFFFFFFFFFFFFFFFFFFFFFFFFFFF25
:100BE000FFFFFFFFFFFFFFFFFFFFFFFFFFFFFFFF15
:100BF000FFFFFFFFFFFFFFFFFFFFFFFFFFFFFFFF05
:100C0000FFFFFFFFFFFFFFFFFFFFFFFFFFFFFFFFF4
:100C1000FFFFFFFFFFFFFFFFFFFFFFFFFFFFFFFFE4
:100C2000FFFFFFFFFFFFFFFFFFFFFFFFFFFFFFFFD4
:100C3000FFFFFFFFFFFFFFFFFFFFFFFFFFFFFFFFC4
:100C4000FFFFFFFFFFFFFFFFFFFFFFFFFFFFFFFFB4
:100C5000FFFFFFFFFFFFFFFFFFFFFFFFFFFFFFFFA4
:100C6000FFFFFFFFFFFFFFFFFFFFFFFFFFFFFFFF94
:100C7000FFFFFFFFFFFFFFFFFFFFFFFFFFFFFFFF84
:100C8000FFFFFFFFFFFFFFFFFFFFFFFFFFFFFFFF74
:100C9000FFFFFFFFFFFFFFFFFFFFFFFFFFFFFFFF64
:100CA000FFFFFFFFFFFFFFFFFFFFFFFFFFFFFFFF54
:100CB000FFFFFFFFFFFFFFFFFFFFFFFFFFFFFFFF44
:100CC000FFFFFFFFFFFFFFFFFFFFFFFFFFFFFFFF34
:100CD000FFFFFFFFFFFFFFFFFFFFFFFFFFFFFFFF24
:100CE000FFFFFFFFFFFFFFFFFFFFFFFFFFFFFFFF14
:100CF000FFFFFFFFFFFFFFFFFFFFFFFFFFFFFFFF04
:100D0000FFFFFFFFFFFFFFFFFFFFFFFFFFFFFFFFF3
:100D1000FFFFFFFFFFFFFFFFFFFFFFFFFFFFFFFFE3
:100D2000FFFFFFFFFFFFFFFFFFFFFFFFFFFFFFFFD3
:100D3000FFFFFFFFFFFFFFFFFFFFFFFFFFFFFFFFC3
:100D4000FFFFFFFFFFFFFFFFFFFFFFFFFFFFFFFFB3
:100D5000FFFFFFFFFFFFFFFFFFFFFFFFFFFFFFFFA3
:100D6000FFFFFFFFFFFFFFFFFFFFFFFFFFFFFFFF93
:100D7000FFFFFFFFFFFFFFFFFFFFFFFFFFFFFFFF83
:100D8000FFFFFFFFFFFFFFFFFFFFFFFFFFFFFFFF73
:100D9000FFFFFFFFFFFFFFFFFFFFFFFFFFFFFFFF63
:100DA000FFFFFFFFFFFFFFFFFFFFFFFFFFFFFFFF53
:100DB000FFFFFFFFFFFFFFFFFFFFFFFFFFFFFFFF43
:100DC000FFFFFFFFFFFFFFFFFFFFFFFFFFFFFFFF33
:100DD000FFFFFFFFFFFFFFFFFFFFFFFFFFFFFFFF23
:100DE000FFFFFFFFFFFFFFFFFFFFFFFFFFFFFFFF13
:100DF000FFFFFFFFFFFFFFFFFFFFFFFFFFFFFFFF03
:100E0000FFFFFFFFFFFFFFFFFFFFFFFFFFFFFFFFF2
:100E1000FFFFFFFFFFFFFFFFFFFFFFFFFFFFFFFFE2
:100E2000FFFFFFFFFFFFFFFFFFFFFFFFFFFFFFFFD2
:100E3000FFFFFFFFFFFFFFFFFFFFFFFFFFFFFFFFC2
:100E4000FFFFFFFFFFFFFFFFFFFFFFFFFFFFFFFFB2
:100E5000FFFFFFFFFFFFFFFFFFFFFFFFFFFFFFFFA2
:100E6000FFFFFFFFFFFFFFFFFFFFFFFFFFFFFFFF92
:100E7000FFFFFFFFFFFFFFFFFFFFFFFFFFFFFFFF82
:100E8000FFFFFFFFFFFFFFFFFFFFFFFFFFFFFFFF72
:100E9000FFFFFFFFFFFFFFFFFFFFFFFFFFFFFFFF62
:100EA000FFFFFFFFFFFFFFFFFFFFFFFFFFFFFFFF52
:100EB000FFFFFFFFFFFFFFFFFFFFFFFFFFFFFFFF42
:100EC000FFFFFFFFFFFFFFFFFFFFFFFFFFFFFFFF32
:100ED000FFFFFFFFFFFFFFFFFFFFFFFFFFFFFFFF22
:100EE000FFFFFFFFFFFFFFFFFFFFFFFFFFFFFFFF12
:100EF000FFFFFFFFFFFFFFFFFFFFFFFFFFFFFFFF02
:100F0000FFFFFFFFFFFFFFFFFFFFFFFFFFFFFFFFF1
:100F1000FFFFFFFFFFFFFFFFFFFFFFFFFFFFFFFFE1
:100F2000FFFFFFFFFFFFFFFFFFFFFFFFFFFFFFFFD1
:100F3000FFFFFFFFFFFFFFFFFFFFFFFFFFFFFFFFC1
:100F4000FFFFFFFFFFFFFFFFFFFFFFFFFFFFFFFFB1
:100F5000FFFFFFFFFFFFFFFFFFFFFFFFFFFFFFFFA1
:100F6000FFFFFFFFFFFFFFFFFFFFFFFFFFFFFFFF91
:100F7000FFFFFFFFFFFFFFFFFFFFFFFFFFFFFFFF81
:100F8000FFFFFFFFFFFFFFFFFFFFFFFFFFFFFFFF71
:100F9000FFFFFFFFFFFFFFFFFFFFFFFFFFFFFFFF61
:100FA000FFFFFFFFFFFFFFFFFFFFFFFFFFFFFFFF51
:100FB000FFFFFFFFFFFFFFFFFFFFFFFFFFFFFFFF41
:100FC000FFFFFFFFFFFFFFFFFFFFFFFFFFFFFFFF31
:100FD000FFFFFFFFFFFFFFFFFFFFFFFFFFFFFFFF21
:100FE000FFFFFFFFFFFFFFFFFFFFFFFFFFFFFFFF11
:100FF000FFFFFFFFFFFFFFFFFFFFFFFFFFFFFFFF01
:10100000D10020432914006000000000000000000F
:101010002010006000100060002405600000000047
:10102000000000600030050000000000FFFFFFFF2F
:10103000FFFFFFFFFFFFFFFFFFFFFFFFFFFFFFFFC0
:10104000FFFFFFFFFFFFFFFFFFFFFFFFFFFFFFFFB0
:10105000FFFFFFFFFFFFFFFFFFFFFFFFFFFFFFFFA0
:10106000FFFFFFFFFFFFFFFFFFFFFFFFFFFFFFFF90
:10107000FFFFFFFFFFFFFFFFFFFFFFFFFFFFFFFF80
:10108000FFFFFFFFFFFFFFFFFFFFFFFFFFFFFFFF70
:10109000FFFFFFFFFFFFFFFFFFFFFFFFFFFFFFFF60
:1010A000FFFFFFFFFFFFFFFFFFFFFFFFFFFFFFFF50
:1010B000FFFFFFFFFFFFFFFFFFFFFFFFFFFFFFFF40
:1010C000FFFFFFFFFFFFFFFFFFFFFFFFFFFFFFFF30
:1010D000FFFFFFFFFFFFFFFFFFFFFFFFFFFFFFFF20
:1010E000FFFFFFFFFFFFFFFFFFFFFFFFFFFFFFFF10
:1010F000FFFFFFFFFFFFFFFFFFFFFFFFFFFFFFFF00
:10110000FFFFFFFFFFFFFFFFFFFFFFFFFFFFFFFFEF
:10111000FFFFFFFFFFFFFFFFFFFFFFFFFFFFFFFFDF
:10112000FFFFFFFFFFFFFFFFFFFFFFFFFFFFFFFFCF
:10113000FFFFFFFFFFFFFFFFFFFFFFFFFFFFFFFFBF
:10114000FFFFFFFFFFFFFFFFFFFFFFFFFFFFFFFFAF
:10115000FFFFFFFFFFFFFFFFFFFFFFFFFFFFFFFF9F
:10116000FFFFFFFFFFFFFFFFFFFFFFFFFFFFFFFF8F
:10117000FFFFFFFFFFFFFFFFFFFFFFFFFFFFFFFF7F
:10118000FFFFFFFFFFFFFFFFFFFFFFFFFFFFFFFF6F
:10119000FFFFFFFFFFFFFFFFFFFFFFFFFFFFFFFF5F
:1011A000FFFFFFFFFFFFFFFFFFFFFFFFFFFFFFFF4F
:1011B000FFFFFFFFFFFFFFFFFFFFFFFFFFFFFFFF3F
:1011C000FFFFFFFFFFFFFFFFFFFFFFFFFFFFFFFF2F
:1011D000FFFFFFFFFFFFFFFFFFFFFFFFFFFFFFFF1F
:1011E000FFFFFFFFFFFFFFFFFFFFFFFFFFFFFFFF0F
:1011F000FFFFFFFFFFFFFFFFFFFFFFFFFFFFFFFFFF
:10120000FFFFFFFFFFFFFFFFFFFFFFFFFFFFFFFFEE
:10121000FFFFFFFFFFFFFFFFFFFFFFFFFFFFFFFFDE
:10122000FFFFFFFFFFFFFFFFFFFFFFFFFFFFFFFFCE
:10123000FFFFFFFFFFFFFFFFFFFFFFFFFFFFFFFFBE
:10124000FFFFFFFFFFFFFFFFFFFFFFFFFFFFFFFFAE
:10125000FFFFFFFFFFFFFFFFFFFFFFFFFFFFFFFF9E
:10126000FFFFFFFFFFFFFFFFFFFFFFFFFFFFFFFF8E
:10127000FFFFFFFFFFFFFFFFFFFFFFFFFFFFFFFF7E
:10128000FFFFFFFFFFFFFFFFFFFFFFFFFFFFFFFF6E
:10129000FFFFFFFFFFFFFFFFFFFFFFFFFFFFFFFF5E
:1012A000FFFFFFFFFFFFFFFFFFFFFFFFFFFFFFFF4E
:1012B000FFFFFFFFFFFFFFFFFFFFFFFFFFFFFFFF3E
:1012C000FFFFFFFFFFFFFFFFFFFFFFFFFFFFFFFF2E
:1012D000FFFFFFFFFFFFFFFFFFFFFFFFFFFFFFFF1E
:1012E000FFFFFFFFFFFFFFFFFFFFFFFFFFFFFFFF0E
:1012F000FFFFFFFFFFFFFFFFFFFFFFFFFFFFFFFFFE
:10130000FFFFFFFFFFFFFFFFFFFFFFFFFFFFFFFFED
:10131000FFFFFFFFFFFFFFFFFFFFFFFFFFFFFFFFDD
:10132000FFFFFFFFFFFFFFFFFFFFFFFFFFFFFFFFCD
:10133000FFFFFFFFFFFFFFFFFFFFFFFFFFFFFFFFBD
:10134000FFFFFFFFFFFFFFFFFFFFFFFFFFFFFFFFAD
:10135000FFFFFFFFFFFFFFFFFFFFFFFFFFFFFFFF9D
:10136000FFFFFFFFFFFFFFFFFFFFFFFFFFFFFFFF8D
:10137000FFFFFFFFFFFFFFFFFFFFFFFFFFFFFFFF7D
:10138000FFFFFFFFFFFFFFFFFFFFFFFFFFFFFFFF6D
:10139000FFFFFFFFFFFFFFFFFFFFFFFFFFFFFFFF5D
:1013A000FFFFFFFFFFFFFFFFFFFFFFFFFFFFFFFF4D
:1013B000FFFFFFFFFFFFFFFFFFFFFFFFFFFFFFFF3D
:1013C000FFFFFFFFFFFFFFFFFFFFFFFFFFFFFFFF2D
:1013D000FFFFFFFFFFFFFFFFFFFFFFFFFFFFFFFF1D
:1013E000FFFFFFFFFFFFFFFFFFFFFFFFFFFFFFFF0D
:1013F000FFFFFFFFFFFFFFFFFFFFFFFFFFFFFFFFFD
:10140000884207D0904205D251F8043B40F8043B93
:101410008242F9D8704700BF884204D2002340F8C6
:10142000043B8142FBD87047664B4FF42A01664A61
:1014300066482DE9F0475A641864654A99639546F1
:10144000BFF34F8FBFF36F8F21F030F8614B08204F
:10145000614A6249C3F854016148FFF7D1FF614A0C
:1014600061496248FFF7CCFF61496248FFF7D4FF4A
:10147000614C62494FF470000023614A086044F8EF
:1014800023200133B02BFAD15E4B80215E4A03F852
:10149000011B9342FBD14F4D4FF080385B494FF019
:1014A000FF325B4B0026DFF8A4A1DFF8A4911C609B
:1014B000C5F80481C5F800A1C5F8F480C5F8F0901E
:1014C0000B68544F43F4E0230B60FB693D4923F064
:1014D0007F0343F04003FB617B6A23F07F0343F00B
:1014E00040037B628A66CA660A674A6720F0E4FFA7
:1014F000494A4A4B6320A2630321E363484A494BAC
:10150000106000F160401E6042F8041C00F6A170FB
:101510004549464AC3F8082D0B68454A43F0807395
:101520000B601368434943F00103136003680B60C9
:1015300021F012FAC5F804813F48C5F800A1C5F8AA
:10154000F480C5F8F09021F097FBF96E3B4A41F426
:1015500040513B4BF9661660C2F80861C2F8186149
:10156000C2F82861C2F838619A6BD20708D442F6F3
:101570001562344959651A659A6B42F001029A6303
:101580002F4A314C936843F00113936021F006F821
:1015900020F060FF21F084FB21F010FA20F088FF9A
:1015A0002368132BFCD921F097FA2368B3F5967FB3
:1015B000FBD320F07FFF21F04FFB21F03DFB30BF3C
:1015C000FDE700BF00C00A40FFAAAAAA070020004A
:1015D0000000062000800D40189B010004F8026006
:1015E00000000000C06A002020930460000000207A
:1015F00000B50020DC9000200068002088ED00E0AD
:10160000BDFF000000E400E0A0E400E024ED00E005
:1016100008ED00E000C00F407DDC000081DC000030
:1016200014E000E018E000E0FCED00E00000202005
:10163000001000E0C0B200200046C3230040084074
:1016400000400D400000C056C4B200201B101820FE
:101650000C0D11134FF48C72002121F0E5BA00BF7C
:1016600018B14FF48C7110F079BA7047C02A2DE987
:10167000F0473AD0B2F5807F33D0802A03D06FF0A4
:101680001F00BDE8F0870A239846036000F10803B5
:101690008446520900274CF8043F01EB870E11F8ED
:1016A000275001379EF802609EF8014097424FEAAA
:1016B00006469EF803E046EA042444EA050444EAA8
:1016C0000E644CF8044FE8D3B8F10C0F11D0B8F108
:1016D0000E0F00F08180B8F10A0F47D00020BDE85E
:1016E000F0870E2303609846D0E70C2303609846EA
:1016F000CCE76B4AC8300121964601E05EF8041F32
:101700005E69183353F8184CC6F3072702EB166CC2
:1017100052FA86F517449CF8288095F828C097F867
:101720002850C6F3074745EA08451744654097F82F
:10173000288053F8147C85EA0C6453F8105C84EA22
:101740000824614053F8084C4F40196053F80C1CB2
:101750007D405F6069409D604C40D96066401C617F
:101760005E619842CAD10020BDE8F0874C4A00F182
:10177000A80C0121964601E05EF8041FD8681033DA
:1017800053F8104CC0F3072702EB106852FA80F5AB
:10179000C0F30746174498F828A095F828901644F7
:1017A00097F8285096F8288045EA0A4553F80C6CBB
:1017B00053F8087C654085EA096484EA082461409E
:1017C0004E40196077405E6078409F60D860634506
:1017D000D2D10020BDE8F087314AE8304FF001084F
:1017E000964601E05EF8048FDF69203353F8201C31
:1017F000C7F3072502EB176652FA87F4154496F8EB
:1018000028C094F8284095F82860C7F3074546EAB1
:101810000C461544714095F828C053F81C6C81EAB9
:10182000046153F8185C81EA0C2484EA080484EA11
:1018300006011C6053F80C6C81EA0504596053F8EA
:10184000141C9C60614053F8104C53F8085C52FA29
:1018500081FC02EB1169C1F30728D9609CF828C00C
:10186000C1F3074199F8289090448CEA040402EBF4
:10187000010C98F8281084EA09649CF828C084EACE
:10188000012484EA0C414E40196175405E616F404D
:101890009D61DF619842A5D10020BDE8F08700BFBF
:1018A000E82C02602DE9F04FC9B005460C461646FB
:1018B00000214FF48C7202A821F0B6F905F108035B
:1018C000324621466B6002A8FFF7D0FE0190002847
:1018D0006DD1DDF8089005F1180A039A4FEA09184E
:1018E00009F1FF3CC5F8009052F8083002EB080EF1
:1018F000BCF1000FAB60AEF1100BDEF80430EB6012
:10190000DEF808302B61DEF80C306B613FDDAEF1A4
:10191000140E14352A4805F11004714651F8043F9D
:1019200050FA83F700EB1366C3F30722C3F30743B0
:1019300097F8287096F82860024400EB8707034464
:1019400000EB860692F82820D7F82871D6F828658B
:1019500000EB820293F828307740D2F8282900EB78
:1019600083037A40D3F8283D534045F8043FAC4206
:10197000D4D1BCF1010CAEF1100E2546CBD14FEA0B
:101980000919A8F11003C9F110099A44CB44DBF8F6
:101990000030CAF80030DBF80430CAF80430DBF855
:1019A0000830CAF80830DBF80C30CAF80C3002A84E
:1019B0004FF48C7110F0D2F8019849B0BDE8F08F67
:1019C000E82C026003682DE9F04F5B1089B0D1F874
:1019D0000080059242681846079302F110041368CC
:1019E00001388D68069488EA0308044693680290DB
:1019F000D1F804E05D405068002CD368D1F80CA009
:101A00008EEA000E12698AEA030B019240F32B82E0
:101A1000069F7046DFF858A429465FFA88F2C0F3A3
:101A200007254FEA1B63C1F3074E0AEB82020AEB5C
:101A30008303166B0AEB8505D3F83024CBB25FFA2B
:101A40008BF40AEB830372400AEB8E0E1B6B060EBF
:101A50000AEB840403934FEA1169D5F830380AEB96
:101A60008605246B5FFA80FC82EA0306DEF8303CD0
:101A70000AEB8909C0F307407340FE68D9F8309437
:101A80004FEA18627440C8F307260AEB8000C1F3DE
:101A900007210AEB860684EA09040AEB8C0CD0F8CD
:101AA00030ECD6F830980AEB8202DCF830C00AEB52
:101AB0008101786884EA0909019EC8F30748D2F8D1
:101AC00030248CEA00005E40CBF307235040039A99
:101AD0000AEB8304BB68D5F83054CBF3074B534073
:101AE000D4F83048D1F830180AEB88080AEB8B0B91
:101AF0005D4089EA0E024140DBF830CC6540D8F801
:101B0000300C5FFA86FE81EA0C01130E6840C2F3C6
:101B1000074CCDB20196C0F3074B0AEB8E0E0AEBD1
:101B20008303C1F30729340EDEF830E0D3F83034F4
:101B30000AEB8B0B0AEB85050AEB8C0CDBF8306C9F
:101B40004FEA1168D5F830B08EEA030EC0F30725CE
:101B5000DCF8303C0AEB84045FFA80FC0396D4F88E
:101B600030440AEB88080AEB8C0C04930AEB8909D1
:101B70008BEA040B0AEB8505C1F30741D9F83098CD
:101B8000000ED5F830580AEB8101D8F830340AEB52
:101B900080007E69DCF83040C2F3072C8BEA060B2C
:101BA000D2B2BE695C403B690AEB8C0C74400AEB14
:101BB0008202019E8EEA0303D0F830048BEA050509
:101BC00083EA0909126BDCF83038C6F3072C42406F
:101BD000C6F307465C400AEB8C0CFB690AEB8606F1
:101BE000DCF830085A40D1F8303CD6F8301C42407E
:101BF000039E0498614082EA030B029B57F8204F32
:101C000089EA0608013B85EA0000019402937FF40B
:101C100004AF6FF07843079A86460D461A44134680
:101C2000069A02EB43130693069B5FFA8EF7C5F301
:101C300007244FEA186259682E0EEBB2C5F3074528
:101C40005FFA8BF0CBF3072C02950AEB82020AEBCA
:101C500087050AEB8000D2F830242D6B0AEB86064C
:101C6000076B4FEA1E605540D6F830645FFA88F281
:101C70007E404FEA1B670AEB8202694004960AEB3A
:101C80008000166B0AEB83030AEB8702D0F830540E
:101C90001B6BC8F30727D2F830240AEB840406989C
:101CA0005D400AEB8C0386EA020CCEF30722039117
:101CB000049ECBF30741D3F830B80AEB8203C26825
:101CC0000AEB8707CEF3074E0AEB8109724086685C
:101CD00001980AEB8E0E0399C8F30748D7F83078BD
:101CE0008CEA000CD4F830480AEB8808D3F83008A6
:101CF00085EA0603029D4C40DEF830EC7A40D9F8C4
:101D0000301C0AEB850582EA0E02D8F8307C61406F
:101D100083EA0B03D5F8304C8CEA000C83EA070009
:101D2000524B8CEA040CC2F30744C2F30728C1F3F8
:101D3000072E1C4453FA8CF69E4403EB126901945F
:101D400003EB08049EF828E0C0F30747039453FA16
:101D500082F41F4453FA80F80494C0F3072596F8E0
:101D6000282003EB1060069E53FA81FB99F8289017
:101D700003EB1C6A36691D440790724097F82800EF
:101D8000019C03EB116782EA0962CCF3072694F801
:101D90002840C1F3074182EA0E22CCF3074C02949B
:101DA000194482EA00429C441E44039B1446069A4E
:101DB00093F828E0506998F828800190019B906979
:101DC0009BF828B09AF828A088EA000097F82870B5
:101DD0008BEA030BD2F81C90049B8BEA0A6B079AE0
:101DE00080EA076095F8285092F8288080EA0E274C
:101DF000059A8BEA052B93F82830A646147000202C
:101E0000029C83EA090996F828608BEA04449CF84E
:101E1000285089EA086391F82810147187EA054769
:101E200083EA06231646724683EA01433772110A93
:101E3000150C3373120E7170210AB570F2703A0CE2
:101E40007171390A250CB272240E71721A0CB571B7
:101E5000190AF4713F0EB2731B0E7173F772F373AC
:101E600009B0BDE8F08FDFF808A0DDE6E82C0260DD
:101E7000E03D02602DE9F047089E984607461C6841
:101E8000DDF82490DDF828A0B1B182B10AF1FF3A63
:101E9000154654B3315D621C19F8013B013D83EADC
:101EA00001030AF8013F335502F00F04F1D1C8F8DD
:101EB00000400020BDE8F087002AF8D0154674B134
:101EC000335D611C19F8012B013D83EA02030AF816
:101ED000013B325501F00F04E9D0002CF0D132461D
:101EE00031463846FFF76EFDEAE73246314638465E
:101EF000FFF768FDCEE700BF002A45D02DE9F04787
:101F000086B01C46894682460F9B164603F101089F
:101F10000E9B5F1C19E017F8012C23788DF8142014
:101F2000534008F8013CDDF80500013EDDF80910DA
:101F300008F10108DDF80D2007F10107DDF8113087
:101F400020606160A260E3601AD0206801AD616822
:101F5000A268E3680FC5224621465046FFF732FDCE
:101F6000B9F1000FD7D02278B9F1010F17F8013C71
:101F700083EA020308F8013C08BF8DF81430D2E769
:101F8000002006B0BDE8F087002070472DE9F04F33
:101F9000156883B00F2DDDF830B0DDF83480DDF842
:101FA00038902AD81F460E468246019271B19DB1E3
:101FB0001BF80510013E18F8012B05F1010582EA16
:101FC000010205F00F0509F8012BF0D1019B00205B
:101FD0001D6003B0BDE8F08F5A4639465046FFF702
:101FE000F1FC07F1100212F8014D0134E4B2147053
:101FF000002CDDD19742F6D1DAE76FF02000E8E758
:102000002DE9F04F03688BB0D1F804805B10089283
:1020100042680993013B02F110041068029307948F
:102020001C465368D1F800E0002C88EA03038F684F
:102030008EEA000EC96890681E46D368126987EA66
:10204000000783EA0103019240F34082DDF81C900F
:10205000B446DFF884A41C465FFA8EF0C4F307216F
:102060004FEA1C62C7F30743FEB20AEB80000AEB9B
:102070008202D0F828010AEB8606D2F828250AEB5E
:1020800081015FFA8CF580EA020BD6F828010AEB91
:10209000830303900AEB8505D1F828094FEA1E61F6
:1020A000D3F8283D5FFA84F88BEA00000AEB81013F
:1020B000D5F828513A0E80EA030BD9F80430D1F84C
:1020C0002805CEF307215D40CEF307430AEB810ECE
:1020D000D9F80C100AEB8808C7F3072704910AEB1C
:1020E000820201990AEB8707D8F82881260E8BEA2D
:1020F000010B0499D2F82825C4F3074488EA0101AA
:10210000D7F828795540DEF828294840CCF3072E27
:102110006A400AEB8606039D0AEB8E0E7840D9F8DA
:102120000870DEF828190AEB840485EA070ED6F851
:102130002865D4F8284D0AEB83038EEA0606CCF313
:10214000074C6240D3F8285D0AEB8C0C7140130EEB
:102150006940DCF8287D5FFA8BF47840C1F3074CC6
:102160000AEB8303CBF307275FFA82FEC0F307284D
:10217000D3F828350AEB8C0C0AEB8404C0F307462D
:1021800003930AEB8E0EDCF8283D0AEB8808D4F89E
:1021900028410AEB8707DEF828C1050E0194C0B27A
:1021A000D8F828890AEB860604930AEB8505D7F848
:1021B0002879C2F30724D6F8286DC2F307420597A1
:1021C0000AEB8007039B0AEB840401980AEB820266
:1021D00006964340D5F82865D9F810000D0ED2F8C0
:1021E000282D43400AEB8505C8B2C1F30721D5F875
:1021F000285583EA08030AEB800E8CEA050C4FEAA7
:102200001B60DEF828510AEB81010AEB8000CBF35A
:10221000074B6E40049D0AEB8B0B83EA050ED9F841
:102220001450D4F828398CEA050CD9F81850D7F88E
:1022300028416E40059FD0F828558CEA070C5E4077
:10224000069B6C40D1F828098CEA030CD9F81C10C5
:1022500059F8203F4C40DBF8287D0193029B444015
:102260007740013B84EA020402937FF4F5AE6FF0FD
:10227000784209996646234611440A46079901EBBC
:10228000421207925FFA8EF5B146340EC7F3072863
:102290000AEB8505C3F3072CF0B2C7F30746390EE6
:1022A000CEF3072B0296FAB2D5F828611D0E0AEB81
:1022B0008404CEF307470AEB80000AEB8101D4F8CF
:1022C00028450AEB8202D0F828010AEB8505D1F8EF
:1022D0002815D2F828217440D5F8285541404FEAF6
:1022E0001E660397D8B26A40019D0AEB86060AEB88
:1022F0008000C3F307436C40079DD0F828710AEBB8
:102300008C00D6F828650AEB880E6D68C9F307487B
:1023100087EA060C029E0195C9F307250AEB86079A
:10232000079E0AEB8509019D0AEB8303D0F8280973
:102330006940B56801930AEB8B0B02950AEB88089C
:10234000029B4440DEF828595A40039BDBF8286979
:102350000AEB830E079BD7F8287D7140DB687C4031
:10236000D9F828B98CEA030C019B82EA0B02D3F856
:10237000280D8CEA0506D8F8283D4840C4F307210B
:102380005E40544BDEF828EDC0F307271944C6F32E
:10239000072A82EA0E0553FA80F211F8C81CDF19E9
:1023A00003EB156812F8C82C02919A44079953FA66
:1023B00084F918F8C88C03EB106C4969C6F3074B15
:1023C0000397C5F3074E4A4053FA85F703EB1661AE
:1023D0001AF8C8AC82EA0862C0F3074003EB14683D
:1023E000C5F30725C4F30744CDF804A0184419F831
:1023F000C8AC9B441CF8C89C9E4411F8C8CC1D4432
:10240000079953FA86F62344079C0490A46902981E
:1024100017F8C87C096982EA002267400398079C84
:102420008AEA010116F8C86C87EA0C6710F8C8AC94
:1024300081EA09610198E46987EA0A2A1BF8C8BCA5
:1024400081EA002118F8C88C6640049882EA0B42A1
:102450001EF8C8EC86EA086610F8C84C002081EA2D
:102460000E4E15F8C85C13F8C8CC089986EA052604
:102470008AEA0C4A0A710D4681F800E04FEA1E21F3
:1024800086EA044385F808A04FEA1E446970110AE1
:102490002B73AC70140C6971120E4FEA1A21AC71D7
:1024A0004FEA1E6EEA714FEA1A4469721A0C85F8F7
:1024B00003E0190AAC724FEA1A6AAA731B0E697319
:1024C00085F80BA0EB730BB0BDE8F08FDFF808A028
:1024D000D8E600BFD84E0260E82C026010B4012993
:1024E00014461A46214603D05DF8044BFFF788BD19
:1024F0005DF8044BFFF766BA2DE9F047160784B084
:102500000C9C0D9D59D1174680468A461E4669BBD4
:1025100042B303F1FF392068EE466168A268E368C0
:10252000AEE80F002B46002122464046FFF7D6FFBB
:102530006B1E494605F10F0E13F8010F11F8012F1C
:10254000734582EA00021A70F6D1EE46103F04F19C
:10255000100405F11005BEE80F0030607160B26034
:10256000F360D8D1002004B0BDE8F087002AF9D08C
:10257000013C03F1FF3949466A1E04F1100E14F8BC
:10258000010F11F8013F744583EA000302F8013F8F
:10259000F5D12B462A4651464046FFF79FFF286853
:1025A0006968103FAA6805F1100555F8043C3060D1
:1025B0007160B260F360DED1D4E76FF02100D2E742
:1025C000FFF700BAFFF71CBD2DE9F04FF7B000216F
:1025D000202283460DF1600A884620ACDFF8A891DE
:1025E000504620F021FB30A84FF48C72414620F079
:1025F0001BFB4FEA680708F00106BD1CAD01BBF1EB
:10260000000F07D05A4A29465A48002E08BF4A46AA
:1026100020F01EFB00232A46514630A82360636049
:10262000A360E36066BBFFF73DF9534B03EB07176D
:1026300010F1230F01D1C02D28D068B942F21075D6
:1026400002E0013D00F09D8123462246314630A83C
:10265000FFF744FF0028F4D00346BBF1000F04D07D
:102660004648049320F02CFB049B30A84FF48C7157
:1026700004930FF073FA049B184677B0BDE8F08F0F
:10268000FEF7F4FF3E4B03EB0717D1E73D4820F080
:1026900017FB08F10108B8F1060FAAD1BBF1000F32
:1026A00040F05A8100230DF120090CAE0493049BE5
:1026B0005F1003F00108BD1CAD01BBF1000F09D094
:1026C0002B4A2946304B3148B8F1000F08BF1A4653
:1026D00020F0BEFA00232A46514630A8C9F800303F
:1026E000C9F80430C9F80830C9F80C303360736099
:1026F000B360F36023606360A360E360B8F1000F30
:102700002ED0FEF7B3FF224B03EB0713059310F116
:10271000230F01D1C02D41D000289DD142F2107568
:1027200014AFB8F1000F40F01F8101944B460094A4
:102730001022414630A8FFF7DFFE00288CD1013D72
:10274000EFD105991022204620F0AEFA002840F083
:102750005781BBF1000F24D00E4820F0B1FA20E0E1
:10276000FFF7A0F80C4B03EB07130593CFE700BF6F
:102770007C17002080170020504F0260F0170020C7
:10278000804F02609817002078170020A8170020BB
:10279000E04F0260A0170020B04F0260994820F07F
:1027A0008FFA049B0133062B049380D1BBF1000FF9
:1027B00040F00D8100277D1007F0010605F10208A9
:1027C0004FEA8818BBF1000F08D08F4A41468F4B63
:1027D0008F48002E08BF1A4620F03AFA8D4B0FCBD7
:1027E00089E80F008C4B4FEAD802504603EB4511A5
:1027F00020F026FA00234246514630A80793FEF700
:1028000035FF10F1230F03D1B8F1C00F00F0A880FD
:1028100000287FF421AF002E40F0C1807F4BA646F8
:1028200003EB851503F1380805F5D4750FCDAEE837
:102830000F000FCDAEE80F000FCDAEE80F0095E80A
:102840000F008EE80F0002943146019407ABCDF8DB
:102850000090402230A8FFF70DFB00287FF4FCAE6B
:1028600041464022204620F01FFA002840F0C88050
:10287000BBF1000F40F0BC800137062F9BD1BBF1AC
:10288000000F40F0B980654B00260DF1400905931B
:10289000751006F00108BBF1000F08D05A495B4BD8
:1028A0005F48B8F1000F08BF194620F0D1F94FEA90
:1028B000051E059B5B490022734407928E4403F575
:1028C0001A73A1F526770FCB89E80F009EE80F0059
:1028D0008AE80F008022514630A8FEF7C7FE034663
:1028E00000287FF4BAAE07EB8507204605EB4505C7
:1028F000D7F8C8723A46B8F1000F6CD12D014A4B97
:10290000591990331D4420F09BF914AA4B460294A8
:102910003946009230A8019407AAFFF737FB034617
:1029200000287FF49AAE04903A462946204620F0CB
:10293000BBF9002864D1049BBBF1000F53D10136D1
:10294000062EA5D1BBF1000F3FF48FAE0A200493F1
:1029500020F0BEF9049B88E60A2020F0B9F9A1E630
:10296000284820F0ADF987E796E80F0087E80F00C8
:1029700094E80F0086E80F0097E80F0084E80F0046
:10298000D3E639461022204620F08EF9C0BBBBF1B9
:10299000000F3FF47EAE254820F092F979E6DFF88B
:1029A00090E0A446BEE80F00ACE80F00BEE80F00C0
:1029B000ACE80F00BEE80F00ACE80F000EF5A07801
:1029C0009EE80F0008EB85188CE80F003BE70A2013
:1029D00020F07EF9EEE62901134B5D18903319447F
:1029E00020F02EF991E7114820F06AF9049BA6E740
:1029F0000E4820F065F93FE70A2020F069F942E728
:102A000001232AE6981700207C1700207817002061
:102A1000C01700201050026020500260D84E0260A3
:102A2000D817002070510260AC510260A01700203E
:102A3000104F02600368F0B5CD1A002D43DD1C78FD
:102A4000260608D45E1C06601C781460891BA1420F
:102A500039D30020F0BD04F07F04013C032C35D8AD
:102A6000DFE804F02A201302042D2CDD9F785E1D80
:102A700093F801E03F041D79DC7847EA0E632B43AD
:102A800043EA042414600660E0E7032D1BDD9C7814
:102A90001E1D5D782402DB7844EA05441C43146063
:102AA0000660D3E7022D0EDD5C78DE1C9B7843EADE
:102AB000042414600660C9E7012D04D05C789E1CD4
:102AC00014600660C2E76FF05F00F0BD6FF0630056
:102AD000F0BD00BF70B404680E1B002E0BDD26781D
:102AE0009E4204D10134046070BCFFF7A3BF6FF0B5
:102AF000610070BC70476FF05F00FAE770B5056861
:102B000082B04C1B002C06DD2C78012C07D06FF016
:102B1000610002B070BD6FF05F0002B070BD0135A2
:102B2000164601AA04460560FFF784FF0028F0D18D
:102B3000019B012B09D1236813F8011B003118BF39
:102B400001213160236002B070BD6FF06300E0E7E7
:102B50000368F0B5CC1A83B0002C06DD1C78022C7B
:102B600007D06FF0610003B0F0BD6FF05F0003B0FD
:102B7000F0BD0133174601AA06460360FFF75AFF6E
:102B80000028F0D1019B013B032B13D8316891F948
:102B90000020002A0EDB04463860019311F8015B27
:102BA000013B45EA04245A1C01933C603160F5D195
:102BB00003B0F0BD6FF06300D5E700BFF8B5036860
:102BC000CF1A002F05DD1F78032F05D06FF06100AD
:102BD000F8BD6FF05F00F8BD013304460E46036098
:102BE000FFF728FF0028F3D113681546002BF0D01B
:102BF0002268013B2B601278072A2A710CD82268C0
:102C000001322260AA60226813449E4223600CBFF6
:102C100000206FF06500F8BD6FF06300F8BD00BFE5
:102C200070B505684C1B002C05DD2C78032C05D0F5
:102C30006FF0610070BD6FF05F0070BD013504463C
:102C40000560FFF7F7FE0028F4D113681646012B44
:102C500003F1FF32326005D923685A1C22601B78C9
:102C6000002BE7D06FF0670070BD00BF2DE9F04387
:102C700099460368164683B0CA1A002A08DD1A78F6
:102C8000302A0BD06FF06108404603B0BDE8F083F6
:102C90006FF05F08404603B0BDE8F083013301AA3E
:102CA00005460F460360FFF7C5FE80460028EBD1BE
:102CB0002A68019B13449F421FD19742A7EB02034E
:102CC00016D91178002B3160E2DD13789945D9D1FE
:102CD000541C3946321D28462C60FFF7ABFED8B98C
:102CE0002B687268B3602B681A4497422A6007D831
:102CF0000023F3602B689F42C6D06FF06508C3E7DE
:102D0000102101201FF0B4FFF060064608B12A68C8
:102D1000D3E76FF06908B7E78046B5E770B5056897
:102D200082B04C1B002C06DD2C78022C07D06FF0F3
:102D3000610002B070BD6FF05F0002B070BD013580
:102D4000164601AA04460560FFF774FE0028F0D17C
:102D5000019A3046216801F037F92268019B13443B
:102D6000236002B070BD00BF2DE9F041066882B05B
:102D7000C6EB010EBEF1000F0ADD96F800E0BEF1D1
:102D8000300F0BD06FF06106304602B0BDE8F08125
:102D90006FF05F06304602B0BDE8F0810136904624
:102DA00001AA044606600D461F46FFF743FE06468D
:102DB0000028E9D12368ED1A002DE9DD019D1A787C
:102DC000002DC8F80020E3DD1A78062ADAD11D4468
:102DD000013308F10402204623602946FFF72AFE4A
:102DE00006460028D0D12368D8F80420C8F8083057
:102DF00021688B189D4223601ED08E5C01333A46B9
:102E00002946204642F8046B2360FFF713FE70B991
:102E100022687B68BA60226813449D4223600CBF1D
:102E200000266FF06506304602B0BDE8F081064628
:102E3000304602B0BDE8F08138460C210EF08EFE1F
:102E4000A2E700BF10B584B0002401AB0294019446
:102E50000394FFF789FF48B9019B052B00D03BB9CC
:102E6000029B002B14BF6FF06700002004B010BD60
:102E70006FF06700FAE700BF70B5044670B10E4608
:102E8000154601E0A4694CB16368AB42FAD12A4609
:102E90003146A0681FF008FF0028F3D1204670BD1E
:102EA00068B110B5044680681FF0C2FE60691FF06B
:102EB000BFFE20462021BDE810400EF04FBE7047F7
:102EC00038B504685CB10546A36920462B60FFF75E
:102ED000E7FF20461FF0ACFE2C68002CF4D138BD73
:102EE0007F2A0346F0B40AD80468611A00296ADD13
:102EF000611E0120196004F8012CF0BC7047FF2A04
:102F000010D80468611A01295DDD651E8121022047
:102F10001D6004F8012C1A68541E1C6002F8011C84
:102F2000F0BC7047B2F5803F1FD3B2F1807F28D24A
:102F30000468611A032946DD601E160A150C8321F8
:102F40001860042004F8012C1A68541E1C6002F852
:102F5000016C1A68541E1C6002F8015C1A68541E49
:102F60001C6002F8011CF0BC70470468611A022959
:102F700029DD661E150A822103201E6004F8012C3B
:102F8000E7E70068411A04291DDD441E160A150CE6
:102F900084211C60140E00F8012C05201A68571EAD
:102FA0001F6002F8016C1A68561E1E6002F8015C70
:102FB0001A68551E1D6002F8014C1A68541E1C60E8
:102FC00002F8011C99E76FF06B0096E70368591A45
:102FD000002909DD012110B45C1E0460084603F8D5
:102FE000012C5DF8044B70476FF06B010846704789
:102FF00038B505688D420CD36C1A9C4209D31C4627
:1030000003461146281B224618601FF019FE204671
:1030100038BD6FF06B0038BDF8B5054610460E465A
:10302000174600F0CBFF2968B1422ED38B1B044614
:1030300098422AD8091A02463846296000F0FAFF59
:10304000A0B93B68012B12D0224631462846FFF733
:1030500047FF00280ADB2B6801349E1B002E14DD7D
:10306000591E02222044296003F8012CF8BD2B6868
:1030700093F90020002AE7DA9A1B002A05DD5A1E80
:1030800001342A6003F8010CDEE76FF06B00F8BD35
:1030900002680346501A002812DD002010B4541EA6
:1030A0001C6002F8010C1A68511A81420BDD541E93
:1030B000052102201C6002F8011C5DF8044B7047DA
:1030C0006FF06B0070476FF06B005DF8044B70475A
:1030D000F8B50568A94202D86C1AA34203D96FF06B
:1030E0006B042046F8BD0746E81A1C460E463860B9
:1030F00011461A461FF0A4FD002CF2DB2246314691
:103100003846FFF7EDFE00280CDB3B680134991BC5
:103110000029E4DD591E062204443960204603F8E4
:10312000012CF8BD04462046F8BD00BFF8B5069D49
:103130008DB90468661A002E27DD661E066004F845
:10314000015C0468651A002D1FDD671E0526022537
:10315000076004F8016C0C460646FFF7B9FF00282B
:1031600015DB0544214630462A46FFF7B9FE002804
:103170000DDB336801351C1B002C06DD591E302287
:103180002844316003F8012CF8BD6FF06B00F8BDE6
:10319000F8B505686E1A002E1BDD131C05F1FF370C
:1031A0004FF00102044618BF012307600E465B4240
:1031B00005F8013CFFF794FE002809DB2368991B02
:1031C000002906DD591E01220230216003F8012C7E
:1031D000F8BD6FF06B00F8BD036870B55C1A002C89
:1031E0001EDD5C1E002A046003F8012C04DD036868
:1031F00093F90020002A16DB012632460C460546CC
:10320000FFF76EFE00280ADB2B680136191B002928
:1032100006DD591E02223044296003F8012C70BDDE
:103220006FF06B0070BD5A1A002AF9DD5C1E002297
:103230000226046003F8012CDFE700BFF8B505683B
:10324000A94202D86C1AA34203D96FF06B0420463E
:10325000F8BD0746E81A1C460E46386011461A4665
:103260001FF0EEFC002CF2DB224631463846FFF719
:1032700037FE00280CDB3B680134991B0029E4DD94
:10328000591E132204443960204603F8012CF8BD6E
:1032900004462046F8BD00BFF8B50568A94202D82B
:1032A0006C1AA34203D96FF06B042046F8BD0746A1
:1032B000E81A1C460E46386011461A461FF0C0FC3C
:1032C000002CF2DB224631463846FFF709FE002883
:1032D0000CDB3B680134991B0029E4DD591E1622E2
:1032E00004443960204603F8012CF8BD044620460A
:1032F000F8BD00BF2DE9F84313F00704066818BFB6
:1033000001248E4204EBD3042DD30F4604F10109AE
:10331000711A494527D38046301B11462246C8F80A
:1033200000001D461FF08CFCD8F80060C5EBC403FC
:103330004A46751E39464046C8F8005006F8013C1A
:10334000FFF7CEFD00280CDBD8F800300234DF1B7D
:10335000002F08DD591E03222044C8F8001003F88E
:10336000012CBDE8F8836FF06B00BDE8F88300BF67
:10337000F8B50568A94202D86C1AA34203D96FF0C8
:103380006B042046F8BD0746E81A1C460E46386016
:1033900011461A461FF054FC002CF2DB224631463F
:1033A0003846FFF79DFD00280CDB3B680134991B74
:1033B0000029E4DD591E042204443960204603F844
:1033C000012CF8BD04462046F8BD00BF2DE9F047AA
:1033D00082B0074600681E46894690460A9DFFF760
:1033E0004BFDF0B1036904469D4209D8AEB12A46AF
:1033F000314660691FF024FC204602B0BDE8F0872A
:10340000294601201FF034FC074640B360691FF0D5
:103410000FFC67612561002EE9D1204602B0BDE8AE
:10342000F087202101201FF023FC0446B8B1C0F82A
:103430000480414601201FF01BFC8246A06080B141
:10344000424649461FF0FCFB2561294601201FF03A
:103450000FFC606150B13B683C60A361C6E700208F
:10346000CBE720461FF0E4FB5046C6E701905046EC
:103470001FF0DEFB20461FF0DBFB019B1846BCE77C
:103480002DE9F04F099D4D4CA4FB0554099D64089E
:1034900004EB440B5D4518BF0134B4F1804F80F05C
:1034A0008580A400013400287BD08C4294BF002189
:1034B0000121002975D1BBF1000F6FD08946DD1CB9
:1034C000041D3F4915F803EC09F1030915F8027CC6
:1034D0002B4615F8016C4FEA0E184FEA870CCB45C6
:1034E00008F0300801EB961A0CF03C0C4FEAAE0ED7
:1034F00001EB171706F03F0611F80EE005F1030582
:1035000017F808708E5D1AF80C80A44604F8037C46
:1035100004F1040404F808EC04F8068C04F8056CC3
:10352000D0D8099949451FD909F10109099C197891
:103530004C4522D95B780E01214D89109C0006F084
:10354000300605EB13136F5C04F03C019C5D0CF13D
:103550000303695C8CF801408CF802108CF8007051
:103560003D2103F1010C1970C0EB0C000023106029
:1035700018468CF80030BDE8F08F0C01104D891012
:103580003D2604F030040CF103036F5C295D8CF8D8
:1035900000708CF801108CF80260E1E7D94684468F
:1035A000BFE714606FF02900BDE8F08F4FF0FF33E4
:1035B0006FF029001360BDE8F08F00BFABAAAAAA84
:1035C000CC52026030B4029C0CB130BC58E72046AB
:1035D000146030BC704700BF2DE9F047DDF820E0F3
:1035E0009146BEF1000F00F09E8000229C46DFF85D
:1035F0005CA1904617461CF807300CEB07053C46CB
:10360000202B04D07DE015F8016F202E04D1013469
:10361000A645A4EB0703F6D8A6451DD0C4EB0E05BE
:10362000012D1CF8045001D90D2D5BD00A2D0FD0AF
:10363000002B5ED13D2D60D02E065AD4554495F80E
:1036400040307F2B55D00AB13F2B52D908F10108E9
:10365000671CBE45CFD8BE46B8F1000F63D008F056
:1036600007034FEAD80803EB430308EB48085B0065
:10367000C2EB4808073308EBD30300285DD08B4228
:1036800094BF00210121002957D1BEF1000F52D073
:1036900007460326E6440C46DFF8B0802A4D0EE0CC
:1036A0004244013492F8403003F03F02402B08BFFF
:1036B000013E042C42EA811125D0E6450CD01CF8CD
:1036C000012BA2F10A03DBB2162BE9D825FA03F38A
:1036D000DB07E5D5E645F2D1381AC9F8000000202D
:1036E000BDE8F087671C1CF807600A2EB1D0002BDC
:1036F000A4D06FF02B00BDE8F0870132022A9DD9DB
:10370000F7E7002388E766B10B0C012E3B7007D06A
:103710000B0A022E7B700BD0B97000240337CCE764
:1037200001370024C9E70020C9F80000BDE8F08790
:1037300002370024C1E77046CFE7C9F800306FF0C8
:103740002900BDE8F08700BF09004000CC520260AC
:1037500010B54024A4B058B92B4B03AA04A8009478
:103760008021FFF78DFED8B10124204624B010BD82
:1037700026481FF06DFA03AA04A80094224B80216A
:10378000FFF77EFE28B9582204A921481FF08CFAC1
:1037900000B301241F481FF093FA204624B010BD47
:1037A000582204A91A481FF07FFA0028DCD15820BB
:1037B00003AA174B8021009004A8FFF70DFF0028F3
:1037C000D2D1224604A910481FF06EFA0446002800
:1037D000CAD1CAE710481FF03BFA582103AA0C4B84
:1037E000009104A88021FFF7F7FE0028D1D12246DE
:1037F00004A905481FF058FA04460028C9D1074813
:103800001FF05EFAB1E700BF8C530260F81700208A
:10381000CC530260F0170020141800203418002048
:1038200050B30023F0B5A1F1040E15461E462F68D3
:103830000136FC1A2C605EF8041F8C42A4EB0104D4
:103840002CBF4FF0000C4FF0010C45F8044B9F4289
:103850002CBF63460CF10103B042E8D102EB8002B9
:103860004BB111689942A1EB030134BF012300233E
:1038700042F8041BF5D3F0BD704700BFF0B5864693
:1038800087B00020BEF10F0F0391029201930590C3
:1038900040F2D080F446ACF1100C03980299059ADE
:1038A000019B50F8044B4FF000050E68E3FB042524
:1038B000B71845F1000241F8047B50F8044B4FF073
:1038C00000050E68E3FB0425B71845F1000241F836
:1038D000047B50F8044B4FF000050E68E3FB042511
:1038E000B71845F1000241F8047B50F8044B4FF043
:1038F00000050E68E3FB0425B71845F1000241F806
:10390000047B50F8044B4FF000050E68E3FB0425E0
:10391000B71845F1000241F8047B50F8044B4FF012
:1039200000050E68E3FB0425B71845F1000241F8D5
:10393000047B50F8044B4FF000050E68E3FB0425B0
:10394000B71845F1000241F8047B50F8044B4FF0E2
:1039500000050E68E3FB0425B71845F1000241F8A5
:10396000047B50F8044B4FF000050E68E3FB042580
:10397000B71845F1000241F8047B50F8044B4FF0B2
:1039800000050E68E3FB0425B71845F1000241F875
:10399000047B50F8044B4FF000050E68E3FB042550
:1039A000B71845F1000241F8047B50F8044B4FF082
:1039B00000050E68E3FB0425B71845F1000241F845
:1039C000047B50F8044B4FF000050E68E3FB042520
:1039D000B71845F1000241F8047B50F8044B4FF052
:1039E00000050E68E3FB0425B71845F1000241F815
:1039F000047B50F8044B4FF000050E68E3FB0425F0
:103A0000B71845F1000241F8047B50F8044B4FF021
:103A100000050E68E3FB0425B71845F1000241F8E4
:103A2000047B059202910390BCF10F0F3FF633AF78
:103A30000EF00F0EBEF1070F68D90EF0070E0398B7
:103A40000299059A019B50F8044B4FF000050E684F
:103A5000E3FB0425B71845F1000241F8047B50F858
:103A6000044B4FF000050E68E3FB0425B71845F141
:103A7000000241F8047B50F8044B4FF000050E683B
:103A8000E3FB0425B71845F1000241F8047B50F828
:103A9000044B4FF000050E68E3FB0425B71845F111
:103AA000000241F8047B50F8044B4FF000050E680B
:103AB000E3FB0425B71845F1000241F8047B50F8F8
:103AC000044B4FF000050E68E3FB0425B71845F1E1
:103AD000000241F8047B50F8044B4FF000050E68DB
:103AE000E3FB0425B71845F1000241F8047B50F8C8
:103AF000044B4FF000050E68E3FB0425B71845F1B1
:103B0000000241F8047B059202910390BEF1000F80
:103B100015D003980299059A019B50F8044B4FF079
:103B200000050E68E3FB0425B71845F1000241F8D3
:103B3000047B059202910390BEF1010EE9D1029936
:103B4000059A0B68134441F8043B059A934234BF2D
:103B5000012200220592F4D307B0F0BDF0B44E6804
:103B60001EB38F68002307EB860656F8044D250C1C
:103B7000B742A4B245EA0343B3FBF2F502FB1533A7
:103B800044EA0343B3FBF2F402FB1433EDD10968BA
:103B9000002903DB03600020F0BC7047002BF9D044
:103BA000D31AF0BC0360002070473346F2E700BF31
:103BB00020B100230122836080E80C00704700BF21
:103BC00080B110B50446806830B1616889000DF09D
:103BD000C5FFA0681FF02CF800230122A36084E831
:103BE0000C0010BD704700BF42F21073994223D8F9
:103BF0002DE9F0414668B14202D80020BDE8F081CD
:103C00000C460546042120461FF032F88046B0B12C
:103C1000AF685FB1B600394632461FF011F838463A
:103C200031460DF09BFFA8681FF002F86C60002081
:103C3000C5F80880BDE8F0816FF00F0070476FF0A5
:103C40000F00BDE8F08100BF2DE9F04146688E42CB
:103C50002ED9731E05460C460CD081689A0051F887
:103C6000230048BB0A4403E052F8040D18B90B4680
:103C7000591EF9D101239C424FF0040138BF1C4664
:103C800020461EF0F5FF8046C0B1AF6857B1A200D4
:103C900039461EF0D5FF3846B1000DF05FFFA86829
:103CA0001EF0C6FF6C600020C5F80880BDE8F081FA
:103CB000BDE8F041FFF798BF3346DCE76FF00F0037
:103CC000BDE8F08188423AD08A68F0B50E4683B0EC
:103CD000002A36D04D6807466B1E0BD052F82310D1
:103CE0009C0041B9224403E052F8045D05BB234621
:103CF0005C1EF9D101257A683368AA423B600FD374
:103D0000521BB868AD000021920028441EF08CFFC1
:103D10002A46B168B8681EF093FF002003B0F0BDDA
:103D200029463846FFF760FF0028F7D1AD00EFE7DE
:103D30001D467A683368AA423B60E1D2F0E7002072
:103D400070470192FFF73CFF019A1046E6E700BF7B
:103D5000F0B585B005460C46006801AB6968AA68F5
:103D60001E46D4F800C0D4F804E0A768C5F800C027
:103D7000C5F804E0AF6007C307CE20606160A260B1
:103D800005B0F0BD2DE9F0410C4649681646804665
:103D9000FFF72AFF98BB73422568D8F8001046EA5F
:103DA00003026368C2F3C012C2F1010705FB02F50A
:103DB00001FB0751C8F8001083B1A668D8F80810B5
:103DC000043E01EB830E56F8045F0C6805FB02F518
:103DD00004FB075441F8044B8E45F4D1D8F8041085
:103DE0008B420CD2D8F8082002EB830302EB81014E
:103DF0001A6807FB02F243F8042B9942F8D1BDE898
:103E0000F08100BF88423BD0F8B50C4649681546A2
:103E10000646FFF7E9FE00B1F8BD71682046FFF7DE
:103E2000E3FE0028F8D16A423168206815437368C0
:103E3000C5F3C015C5F1010705FB01FE07FB01F144
:103E400000FB05113160226802FB07E22260ABB182
:103E5000A268B168043A01EB83060B6852F8040FBC
:103E600007FB03F405FB03F300FB054041F8040BDB
:103E7000B142106800FB07331360EED10020F8BD9B
:103E80000020704770B50E4601210546FFF7ACFED5
:103E9000044688B96A680146A86892001EF0C4FE0C
:103EA000002E86EAE671AA68B4BF4FF0FF33012303
:103EB000A1EBE67111602B60204670BD4368B1EB49
:103EC000431F0AD283684A0901F01F0053F82230C9
:103ED00023FA00F000F0010070470020704700BF97
:103EE000012A22D8F8B5436805464F091646B1EBBA
:103EF000431F0C4602D392B91046F8BD04F01F01CF
:103F0000AD680124002055F8273006FA01F204FAC2
:103F100001F123EA01031A4345F82720F8BD791C73
:103F2000FFF762FE0028E9D0F8BD6FF0030070478C
:103F300003464068A0B170B49D680026043D314638
:103F400055F8044F002203E0202A01F1010108D0B6
:103F500024FA02F3013213F00103F5D0084670BCD5
:103F600070470136B042EBD11846F8E74368DBB141
:103F7000013B1ED080689A0050F82310B1B902446A
:103F800002E052F8041D89B9013BFAD101682023EF
:103F900000204FF0004202E00130202803D00A4206
:103FA0004FEA5202F8D01B1A184670475B012033C3
:103FB000EEE7826820231168EAE700BF08B5FFF743
:103FC000D5FF0730C00808BDF8B50C4612F0030154
:103FD0004368174618BF0121064601EB92059D4232
:103FE0000BD0FFF7EDFD0023012229463046736018
:103FF0003260B360FFF7F8FDD0B900213046FFF71B
:1040000041FFB0B99FB1B268E1190546EB0011F864
:10401000014DAE08013503F01803AF4204FA03F373
:1040200052F8264043EA040342F82630EED1F8BDA8
:10403000F8BDF8BDF8B514460D460746FFF796FFE4
:104040000730C608B44217D32246002128461EF086
:10405000EBFD7EB12A1900239808B968DC00013312
:1040600051F8205004F01804B34225FA04F402F881
:10407000014DF1D10020F8BD6FF00700F8BD00BF81
:10408000F8B50D460646FFF771FF72682B186C09EC
:1040900005F01F05B3EB421F34D8DCB173689C42B6
:1040A0003CD26FF04042B0681A4400EB840700EB4A
:1040B0008303121B00EB820252F8041943F8041D1B
:1040C000BB42F9D1234600EB8303002243F8042DC1
:1040D0009842FBD1A5B17068844211D2B268002128
:1040E000C5F1200602EB840302EB8004186800FA95
:1040F00005F20A4320FA06F143F8042B9C42F5D15D
:104100000020F8BD13F01F01304618BF012101EB5C
:104110005311FFF769FD0028BFD0F8BD002BD9D09F
:10412000B068D0E7F0B443684D099D4205D8CA068F
:1041300001F01F0605D09D4203D10021F0BCFFF71E
:10414000A1BECDB15A1B0BD08468214604EB850477
:1041500001EB820754F8045B41F8045BB942F9D1E2
:10416000934209D98168002401EB820201EB8301AB
:1041700042F8044B9142FBD18EB183B18468C6F101
:104180002005002004EB830353F8041D21FA06F2F6
:104190009C4242EA000201FA05F01A60F4D10020C4
:1041A000F0BC7047436870B473B16FF040448268EC
:1041B0001C4452F8245002EB84021DB11BE052F85B
:1041C000044DC4B9013BFAD14A68002A46D06FF0C9
:1041D00040448D68144455F8243005EB84011BB12C
:1041E0003EE051F8044D94B9013AFAD1181C18BFB9
:1041F000012070BC70474A684AB36FF040448D6834
:10420000144455F8246005EB8401002EECD09A424A
:104210001DD39A421ED8BBB16FF0404481681C4444
:10422000A20051F8240055F8244011442A44844245
:104230000DD307D90EE051F8044D52F8040D844215
:1042400005D807D3013BF6D1184670BC7047012052
:1042500070BC70474FF0FF3070BC70471046C8E725
:104260000023D6E72DE9F04F5C6887B00134119D3B
:10427000AC4272D8129C2668002E6ED01F460C46A7
:1042800093468246AA003046002102931EF0CCFCE1
:104290002368D7F80480129A4345126828BF434622
:1042A00004920393B8F1000F54D008F101030026E3
:1042B00015469B00019602EB03090593019E2A46D1
:1042C000DAF80830DBF8001053F8264033460F6860
:1042D0002E680133039807FB0467109E0193234661
:1042E000FFF7CCFA06FB07F702992A463B46404601
:1042F0008968FFF7C3FA002345F8044B49F8043FE7
:10430000019B9845DAD1059B049A043B1A44049218
:10431000059A0499DAF808001EF092FC029C5046B7
:104320002146FFF73FFF002809DB4046DAF8082066
:10433000A168FFF775FA002007B0BDE8F08F129B67
:104340004046DAF808101A68FFF76AFA002007B04A
:10435000BDE8F08F04230593DAE76FF00300EBE785
:10436000436870B473B16FF0404482681C4452F8E3
:10437000245002EB84021DB11EE052F8044DDCB95A
:10438000013BFAD14A6882B16FF040448E68144410
:1043900056F8243006EB84041BB150E054F8045D59
:1043A000BDB9013AFAD11BB91A46104670BC704724
:1043B000026870BC104670474A68002AF8D06FF057
:1043C00040448E68144456F8245006EB8404002DB3
:1043D000E7D09A42ECD39A4225D802680968002AAD
:1043E00001DD002929DB002901DD002A22DB002B69
:1043F000DAD06FF0404480681C44A10050F824508B
:1044000056F8244008443144AC42CED307D90FE0DB
:1044100050F8045D51F8044DA542C6D808D3013BBD
:10442000F6D11A46C1E70A68524270BC104670477E
:104430005242BAE74FF0FF32B7E70122B5E7002357
:10444000C9E700BF0B4610B583EAE37284B0002BC6
:104450004FF00104A2EBE37201A9B4BF4FF0FF33A8
:10446000234602940092CDF80CD00193FFF778FF19
:1044700004B010BD90422DE9F041074664D0884257
:10448000144603D0FFF71EFC0646C8B90123656831
:104490003B6075B16FF04042A3682A4453F8221084
:1044A00003EB820319B10EE053F8041D59B9013D25
:1044B000FAD138460021BDE8F041FFF795BB06462A
:1044C0003046BDE8F08129463846FFF78DFB0646A9
:1044D0000028F5D1A068B6463446B968043800E033
:1044E000C6460B680EF1010850F8042FE418144476
:1044F0002CBF0123002341F8044BA24294BF1C4669
:104500005C1C45450A46EBD8002CD9D00EF10205BB
:104510004FEA88080BE01368013508F104082344CA
:10452000A34242F8043B34BF01240024C8D26B1ECE
:1045300079689942EFD829463846FFF755FB00289D
:10454000BDD1BA684244E6E70C469FE72DE9F04149
:10455000884684B00546114640461746FFF722FEBE
:10456000002838DB00230122AF4201AE0192029302
:10457000039325D0A84505D041462846FFF7A2FB66
:104580000446B0B9012378682B6010B36FF0404344
:10459000B968034451F8232001EB83031AB104E006
:1045A00053F8042D0AB90138FAD1AA680024FFF79C
:1045B00037F93046FFF704FB204604B0BDE8F08130
:1045C00039463046FFF77EFB04460028F1D13746D6
:1045D000D0E7B968E9E76FF00900EEE7F8B50E68D3
:1045E0000746136803FB06F3002B04DBFFF742FFCB
:1045F00000B93E60F8BD0D46114614462846FFF747
:10460000D1FD002807DB224629463846FFF79EFFEA
:104610000028EED0F8BD2A4621463846FFF796FF1F
:104620000028E7D176423E60F8BD00BFF8B50E68BD
:104630000746136803FB06F3002B0EDD0D461146FB
:1046400014462846FFF7AEFD00280CDB224629461B
:104650003846FFF77BFF20B1F8BDFFF70BFF0028BE
:10466000FAD13E60F8BD2A4621463846FFF76EFF74
:104670000028F1D176423E60F8BD00BF134630B548
:10468000002B85B083EAE3744FF0010501AACDF851
:104690000CD0A4EBE374B4BF4FF0FF332B4602956C
:1046A00000940193FFF79AFF05B030BD134630B573
:1046B000002B85B083EAE3744FF0010501AACDF821
:1046C0000CD0A4EBE374B4BF4FF0FF332B4602953C
:1046D00000940193FFF7AAFF05B030BD2DE9F04F1C
:1046E000074689B0002301208F4291460290059031
:1046F00003930493069307935ED002AB884601931D
:104700004F450DF1140B60D0D8F804507DB16FF017
:104710004042D8F808302A4453F8221003EB8203B1
:1047200019B104E053F8042D0AB9013DFAD1D9F8C2
:1047300004407CB16FF04042D9F80830224453F86D
:10474000221003EB820319B104E053F8042D0AB9D7
:10475000013CFAD129193846FFF746FA824648B19A
:104760005846FFF72DFA0198FFF72AFA504609B08C
:10477000BDE8F08F01463846FFF784FB82460028EB
:10478000EED18CB16FF040462644B600D9F808301F
:104790002846BA689B593244D8F80810FFF76EF8DB
:1047A000013CA6F10406F1D1D8F80020D9F8003078
:1047B00003FB02F33B60D3E702A80190FFF782FA04
:1047C000824658B9DDF804809AE739465846FFF723
:1047D00079FA82460028C3D1D94695E70DF1140B2A
:1047E000BEE700BF8B1E0E2B00F2D3802DE9F04FE9
:1047F0000C468BB04FF00009012605461046924644
:104800000F460496CDF81490CDF818901EF050FA8B
:10481000102C804632D049462846FFF733FB01462C
:1048200000283DD1B8F1000F00F0AD8083460DF1B6
:104830001009BBF1000F00F0AF801AF80B20A2F1B5
:104840003004A2F14101E0B2092888BFFF24052904
:10485000A2F1610198BFA2F13704052998BFA2F126
:104860005704A7421FD86FF0050148460191FFF792
:10487000A7F9019908460BB0BDE8F08FB0F1804F61
:1048800080F084808100284611F01C0F14BF33464D
:104890004B4603EB5111FFF7A7F90146002831D031
:1048A0000DF11009E1E703AB294607AA4846079630
:1048B000089609930397FFF711FF01460028D4D10A
:1048C0002B6807AA4946012B10D003AB2846039456
:1048D000079608960993FFF7A9FE01460028C4D160
:1048E0000BF1010BD845A4D10021BEE70793284660
:1048F000089303AB03940993FFF770FE0146002869
:10490000EED0B2E72846FFF7BDFA01460028C7D12E
:10491000B8F1000F37D00AEB080301938300B8F118
:10492000010F4FEAD00608F1FF3803F01C033CD01A
:10493000019A013012F801ED0192AEF13002AEF1B0
:104940004109AEF1610C5FFA82FBBBF1090F88BF30
:10495000FF22B9F1050F98BFAEF13702BCF1050F88
:1049600098BFAEF15702944202FA03F302D80DF158
:10497000100978E7AA6852F826703B4342F82630BF
:10498000B8F1000FCAD10DF11009ADE76FF00300C7
:1049900071E76FF0030070479AF800202D2A7FF42A
:1049A0004CAF4FF0FF322A609AE79AF800202D2A88
:1049B000BED14FF0FF330DF110092B6055E700BF5A
:1049C00000B585B00123009201AA01930293CDF8AE
:1049D0000CD0FFF783FE05B05DF804FB2DE9F04F26
:1049E000A7B04FF0010B0024814620AE019118467C
:1049F00023A91D4617462094CDF88CB0CDF890B071
:104A00002596FFF7ADFC00286FD029463846CDF833
:104A100050B015941694CDF85CB018941994CDF854
:104A200068B01B941C94CDF874B01E941F94CDF8FC
:104A300080B021942294FFF7B5FBA04220DB0DF15A
:104A4000500839460DF15C0A4046FFF73BF9044631
:104A500080B31AAB0DF1740B00934046FFF7B0F82A
:104A60005046FFF7ADF80098FFF7AAF85846FFF751
:104A7000A7F83046FFF7A4F8204627B0BDE8F08F2E
:104A8000B9F1000F05D021464846FFF7FBF904466F
:104A900038B9019B2BB339460198FFF713F9044647
:104AA000F8B11AAB0DF150080DF15C0A0DF1740B61
:104AB0000093D2E729465046FFF704F90446002840
:104AC000C7D11AAB7968CDF85CB0023118460093B3
:104AD000CDF850B0FFF788F8044648B10DF1740BDB
:104AE000BBE7002027B0BDE8F08F6FF00B00C4E7F4
:104AF00001460098FFF7C6F90DF1740B0446002833
:104B0000ABD102215846FFF76FF804460028A4D124
:104B100003213046FFF768F8044600289DD150462F
:104B2000FFF724FA00F01F001F2800F0C280C0F138
:104B30001F03404619460793FFF7A2FA04460028D0
:104B40008BD107995046FFF79BFA0446002884D181
:104B5000159B5046189A0293013B0392013A049325
:104B60009B1A05925A010A9311460692FFF788FA9A
:104B7000044600287FF471AF0A9B9B001C460BE0A3
:104B8000DDF870E05EF8043001334EF80430FFF7D2
:104B90004DFD002840F08F8051464046FFF7E0FB76
:104BA0000028524641464046EADA06995046FFF749
:104BB000B9FA044600287FF450AF05986FF04042E0
:104BC0006FF078438F4980000E94CDF83C900A90A6
:104BD000029810970244034401440A98119504383E
:104BE0008900CDF808A00C9003980391121A1B1AA3
:104BF00092005B0114460693049B059A934240F28F
:104C0000AE80039B16990433199A0A980D93125893
:104C1000CB581C9D9342C0F085804FF0FF332B5141
:104C20002B5913AF039A0133DDF83490043ADDF8C1
:104C300008A02B510B922DE0199B0C9A9A580A99B7
:104C4000026023AA5B5859461C9D436058462B5965
:104C500001252597239513932495FFF73FFD0146E2
:104C600058BB3046FFF70EF928BB049A229BAA4294
:104C7000169D01D00B9AA858039A314618605846E1
:104C8000AA585A6055F809209A60FFF769FB002876
:104C900015DD1C9D2B5900215846013B2B51FFF778
:104CA000F1F840B9059B1F98002BC5D1059A199BB7
:104CB000C5E707944CE70446CFE60446CDE61C9BC7
:104CC0000125514623AA1B595846CDF808A0239523
:104CD000139324952597FFF701FD002840F08D8060
:104CE00006995846FFF7CCF9002840F086805A46CE
:104CF00041464046FFF79AFC00287ED1139023A935
:104D00004046239524952597FFF72AFB00285FDB73
:104D1000049B043C013B0493069B203B06930B9BA6
:104D2000039369E703982F190858AAB10993002340
:104D30000893DDE9089A4B4649EA0009484651467E
:104D40001DF09EFF00234FF0FF328B4208BF8242CE
:104D500000D21046386063E74FF0FF30FAE7DDF825
:104D60003C900E9C109F119DDDF808A0B9F1000F3A
:104D70000BD000994846FEF7A5FF00289BD12B6871
:104D80003A6803FB02F3C9F80030019B002B3FF4A3
:104D900064AE07994046FFF7C5F900288BD13B6800
:104DA0004146019F14933846FEF78CFF002882D1BC
:104DB000012513AB139023A93846239524952593F9
:104DC000FFF7CEFA00287FF448AE3D60044644E683
:104DD00002995846FEF776FF78B906995846FFF7CC
:104DE0004FF950B95A4641464046FFF7F7FB20B904
:104DF0001C9A1359013B13518AE7DDF808A00446B9
:104E00002BE600BFFEFFFF3F70B51C4684B00126B5
:104E100084EAE475002C01AB0296A5EBE475B4BFFF
:104E20004FF0FF343446CDF80CD000950194FFF7D5
:104E3000D5FD04B070BD00BF2DE9F04184B0002560
:104E4000012604468846104601A917460296CDF869
:104E50000CD08DE86000FFF783FAA8422ADB4246B7
:104E600028463B462146FFF7B9FD00BB054602E058
:104E7000FFF7B4FBD8B901A920460296CDF80CD0B3
:104E80008DE86000FFF76CFA00283A46214620467C
:104E9000EEDB02E0FFF7CAFB48B939462046FFF7D0
:104EA0005FFA00283A4621462046F3DA002004B093
:104EB000BDE8F0816FF00900F9E700BF131E15D0BF
:104EC00017DB012B30B4044604D0022B06D030BCD3
:104ED000FEF744BE0020206030BC70478B68002085
:104EE0001B6803F00103236030BC70476FF00B00B8
:104EF00070476FF0090070478B1E0E2B44D82DE9C8
:104F0000F04186B0164607460C460A46014601A8FF
:104F1000FFF7D4FF20BB4FF0010802AD014603AB01
:104F20003A4638460294CDF80C80CDF810800595AD
:104F3000FFF754FD034698B903A938460293CDF80C
:104F40000C80CDF810800595FFF70AFAA0B9019BF7
:104F5000092B08D9326837330020511C3160137097
:104F600006B0BDE8F081326830330020511C31605A
:104F7000137006B0BDE8F081214638463246FFF78F
:104F8000BBFF0028E3D0EBE76FF00300704700BFE2
:104F90002DE9F0438C1E85B00E2C00F282800C4669
:104FA00080461D461646FEF7E1FF032C25DC431C18
:104FB000033003F001031844A84275D8D8F8002044
:104FC000002301210096013202930191039360D0E6
:104FD000102C17D001AF41463846FEF773FE054648
:104FE00000283FD1019B013358D021466A463846FC
:104FF000FFF782FF054658B334E04008102C08BF85
:105000004008D4E7D8F8041009B36FF040400027F7
:10501000DFF8A0E00844800004235D1ED8F80820D3
:10502000CC184FEAC50C135823FA0CF303F00F0CFD
:1050300013F0FF034FEA23131BD1D7B9022C18D06A
:105040002B46002DE9D10139A0F10400E4D101AFD4
:10505000009B0022591C154600911A70009B9E1B54
:105060000C9B1E603846FEF7ABFD284605B0BDE838
:10507000F083009A01271EF8033002EB07091EF89F
:105080000C40CDF800901370009BDA1900921C7050
:10509000D6E772182D230092337099E7012301930C
:1050A000A3E76FF00300E1E70C9B18606FF00700C7
:1050B000DCE700BF3415002083681B68DB0729D5B7
:1050C0002DE9F04186B00546144F03240DF1080880
:1050D000012608E0FFF7F2FEA0B9019BABB157F83B
:1050E000044F002C0EDD03A9284602940396049673
:1050F000CDF81480FFF734F900282246294601A88C
:10510000E8DC012006B0BDE8F0816FF00D0006B0CC
:10511000BDE8F0816FF00D00704700BF28540260B9
:105120002DE9F04FA7B04FF0000801259A4617ACC3
:105130000590079118461AA90692CDF85C801A9539
:105140001B951C94FFF70CF94045309E40F3E88016
:10515000DAF808301F68FA0740F1E2801AA90698C9
:10516000CDF85C801A951B951C94FFF7F9F8002880
:10517000C0F2D680BD1C03236D0005F008053D4438
:1051800005FB07F2013BC2F1020202FB05F5F7D174
:105190004FF0010B194630221AA80F931DAC109343
:1051A0001293139315931693CDF838B0CDF844B0FD
:1051B000CDF850B01DF038FDDAF80430059803EB57
:1051C0000B084146FEF710FD8146F0B111AF0DF11D
:1051D00050082046FEF7F4FC2046FEF7F1FC384666
:1051E000FEF7EEFC4046FEF7EBFC2EB1B3681BB1B8
:1051F000484627B0BDE8F08F0DF1380B5846FEF752
:10520000DFFC484627B0BDE8F08F41462046FEF758
:10521000EBFC11AF814610B10DF15008D9E74FEA10
:1052200048013846FEF7E0FC81460028F4D1079B90
:105230000DF150081B680893013374D0002E00F064
:10524000B980B368002B7BD00DF1380B30687168E2
:105250005B46B26807C3DDF81C9051464846FFF72D
:105260007FF80028C0F28180494652462046FFF769
:10527000E3FD81460028ACD16B42129813A91A466F
:1052800007930291534600920FA9019010AA20465D
:10529000FEF7E8FF814600289BD159460598FEF7A6
:1052A00011FD8146002894D113A926AA129B0DA8AE
:1052B000029101250799DDF814B0009118A942F870
:1052C000340D5846019353460B920D95179518953A
:1052D000FEF7C8FF814600287FF47BAF5A4603469D
:1052E00006980832406809925A46CB46A1460432D5
:1052F00004460A92BBF1000F00F097800BF1FF3BD0
:10530000069A926852F8245025FA0BF505F001052B
:1053100085F00102002B63D1002A61D00023E9E768
:105320006FF0030065E707994046FEF7CBFC814626
:1053300000287FF44EAFCDF81C80CDF850B07DE74B
:105340000DF1380B01215846FEF79CFD8146A8B1AE
:105350002046FEF735FC2046FEF732FC3846FEF7C5
:105360002FFC4046FEF72CFC40E707992046FEF74D
:10537000A9FC814600287FF42CAF7DE7DAF8041001
:1053800058468901FEF77CFE814600287FF421AF54
:10539000524659465846FFF74FFD814600287FF494
:1053A00018AF002E3FF457AF5B4607CB30607160FB
:1053B000B26050E70DF1380B01215846FEF762FD4F
:1053C00081460028DAD02046FEF7FAFB2046FEF799
:1053D000F7FB3846FEF7F4FB4046FEF7F1FB0DE71E
:1053E000012B00D132BB129813AA0799534602929F
:1053F00000910190099A0A990598FEF733FF38BB8E
:105400006900129A13AB0598294401921AAA079DC4
:105410000293534602EB8101009501F10802043129
:10542000FEF720FFA0B9012364E7A4B1013C4FF0CF
:105430001F0B65E7129813AA079953460292009131
:105440000190099A0A990598FEF70CFF0028EAD006
:105450004C468146BDE613A9129B4FF0010E0DADDF
:1054600002914C46079901935346009118A90B9A53
:1054700005981995CDF834E0CDF85CE0CDF860E002
:10548000FEF7F0FE814600287FF4A3AE089B0133AF
:105490007FF49FAE069A5368002B3FF49AAE936850
:1054A0001B68DB077FF595AE059A089910461160D9
:1054B0005146FFF793F881468BE600BFB1F5007FB8
:1054C0001BD870B5ADF5007D154606460A460C465C
:1054D00018466946A847054640B168464FF4007132
:1054E0000CF03CFB28460DF5007D70BD2246304691
:1054F0006946FEF769FD0546EFE76FF00300704768
:105500002DE9F04F00239BB00124054609938846FE
:105510000A9301460C9391460D9317AA0F9308A87E
:105520001093129313931593169307AB08940B944F
:105530000E94119414940794179418941993FFF7E8
:1055400075F88346002837D1099F8FB10A9E01461E
:10555000043E56F8044F002203E0202A01F1010125
:1055600025D024FA02F3013213F00103F5D00F46DF
:105570000BAE08A93046FEF7A5FB834618B314AB63
:1055800011AC0DF1380A029308A8FEF719FB30465A
:10559000FEF716FB5046FEF713FB2046FEF710FB06
:1055A0000298FEF70DFB58461BB0BDE8F08F0130A6
:1055B000B842CED11F46DBE714AB0BAE11AC0DF1F8
:1055C000380A0293E0E739463046FEF7ABFD8346E2
:1055D0000028D4D12846FEF7C9FC40F21353984264
:1055E00016D840F25133984200F2C88040F2892325
:1055F000984200F2C680B0F5AF7F80F0CD80F928E8
:1056000000F2CD80962834BF1B231223049301E0BF
:1056100002230493002311AC0397059369684B465A
:10562000424620468900FFF749FF8346002840F0A4
:105630009D8008A92046FEF793FE002810DB204637
:10564000FEF794FC824608A8FEF790FC0AF10101DF
:10565000091A2046FEF766FD8346002840F0868042
:10566000139A4FF0200A039F136843F0030313605B
:1056700069684B46424620468900FFF71FFF002815
:1056800073D12046FEF772FC834608A8FEF76EFC35
:10569000834563D8BAF1010A08A920466BD0FEF70A
:1056A0005FFE0028E4DA012317A920460793179329
:1056B000189307AB1993FEF753FE0028D8DD14ABFF
:1056C000039714AF3246009321462B46204602979B
:1056D000FFF726FD834600284AD108A92046FEF799
:1056E0003FFE002850D0012317A9204607931793A7
:1056F000189307AB1993FEF733FE002844D0039BA1
:10570000012B50D94FF0010A039F19E00EA8FEF7B4
:10571000E5FF2A460EA9002859D12046FFF78CFB49
:1057200017A9002853D101232046079317931893F4
:1057300007AB1993FEF714FE002833D0574531D03C
:105740000EAB08A920460AF1010A0393FEF708FEF2
:10575000224621460028D9D1039729E0C0EB0B014E
:105760002046FEF7DFFC002894D0834614AB02935A
:105770000DF1380A08E76FF00D0015E703230493D5
:1057800048E70423049345E7059B049A01339A42B2
:1057900005937FF443AFEBE7082304933AE70C2328
:1057A000049337E7039708A92046FEF7D9FD58B9B7
:1057B000012317A9204607931793189307AB199352
:1057C000FEF7CEFD0028DFD16FF00D0BD0E7DDF83E
:1057D0000CA08346D8E600BF2DE9F0478EB0002329
:1057E0000124074605A815460294059408940393DE
:1057F00004930693079309930A93FEF763FA70B133
:10580000824608AC02A8FEF7DBF905A8FEF7D8F936
:105810002046FEF7D5F950460EB0BDE8F08708AC3B
:1058200029462046FEF74EFA82460028EAD1DDF8E6
:1058300018E0BEF1000F00F0D780079E0146043E3D
:1058400056F8045F002204E0202A01F1010100F073
:105850009E8025FA02F3013213F00103F4D0099E71
:10586000C6B10A9B4FF0000CA3F1040E60465EF82F
:10587000045F002204E0202A00F1010000F08D8086
:1058800025FA02F3013213F00103F4D0814228BF5C
:1058900001460E46314605A8FEF744FC8246002824
:1058A000B0D131462046FEF73DFC82460028A9D102
:1058B000012381460DF104081D46089305930BA9A9
:1058C00005A8CDF804900B950C95CDF83480FEF723
:1058D00047FD00287AD00699A1B1079B4FF0000A36
:1058E000A3F1040C50465CF804EF002203E0202AE8
:1058F00000F1010040D02EFA02F3013213F001034F
:10590000F5D0014605A8FEF70DFC824600287FF47D
:1059100079AF099991B10A9B8646A3F1040A5AF816
:1059200004CF002203E0202A0EF1010E2AD02CFA27
:1059300002F3013213F00103F5D071462046FEF761
:10594000F1FB824600287FF45DAF214605A8FEF7F3
:1059500007FD002828DB05A922460846FEF7F6FDCC
:10596000824600287FF44EAF012105A8FEF7DAFB3E
:1059700082460028A3D045E70AF1010A5145B2D179
:105980001946BFE701308842C9D11946D6E7013030
:1059900086457FF455AF194661E70CF1010CB4451B
:1059A0007FF465AF1E4675E705AA21462046FEF73F
:1059B000CDFD824600287FF425AF01212046FEF769
:1059C000B1FB824600283FF47AAF1BE73146204600
:1059D000FEF756FB824600287FF414AF3846214676
:1059E000FEF770F982460DE7714638E72DE9F04F72
:1059F000A5B001270E4614461EAD009021A9104601
:105A00001E97219722972395FEF7AAFC002840F3C2
:105A1000148100232246314606A80A930B930D9366
:105A20000E93109311931393149307930893169363
:105A3000179319931A931C931D931F9320930997FF
:105A40000C970F9712970697159718971B971E9705
:105A5000FFF7C2FE034660B30DF1240A0CAE0DF150
:105A600054080DF160090FAA0DF1480B01921BAF0C
:105A700050460093FEF7A4F83046FEF7A1F80198CF
:105A8000FEF79EF85846FEF79BF806A8FEF798F832
:105A90004046FEF795F84846FEF792F83846FEF77E
:105AA0008FF82846FEF78CF8009B184625B0BDE815
:105AB000F08F05AB21A906A805972197229723937C
:105AC000FEF74EFC10B16FF00D03C5E70DF1240A8F
:105AD000314622460CAE5046FFF7AEF90346002889
:105AE000BDD151463046FEF7EDF80DF1540803469E
:105AF0000028B6D121464046FEF7E4F80DF16009D2
:105B000003460028AFD121464846FEF7DBF803469E
:105B10000028A8D10FAB39460DF1480B1846019368
:105B2000FEF7B0F903460028A1D101465846FEF71A
:105B3000A9F91BAF034600289AD101463846FEF763
:105B4000A1F90346002893D101212846FEF79AF9CE
:105B5000034600288CD10394019C02900E9B1B6885
:105B6000DA0726D46CE0FEF7DDFA42463946002813
:105B700061D11D9B38461B68DB0703D4209B1B6843
:105B8000DB070AD5FEF72AFD52462946002852D1E6
:105B90002846FEF74BFD00284DD101213846FEF77F
:105BA000C1FA0121002846D12846FEF7BBFA002899
:105BB00041D11A9B012148461B68DB07D3D54946D2
:105BC0003046FEF7CDFB002864DB4A4631463046BE
:105BD000FEF72CFD00282ED13A4621462046FEF73E
:105BE00025FD40BB2A4659465846FEF71FFD10BB0F
:105BF000029B21A93046059301232193229305ABF3
:105C00002393FEF7ADFB0028A8D1039C0290029BD2
:105C100021A93846059301232193229305AB2393B1
:105C2000FEF79EFB002822463946384624DAFEF766
:105C3000D5FC0028EBD003461AE76FF0030035E7E8
:105C400001213046FEF76EFA0028F4D1119B1B6843
:105C5000D80735D4149B1B68D90731D401212046BD
:105C6000FEF760FA0028E6D101215846FEF75AFAFD
:105C700000283FF473AFDEE721463846FEF770FB9D
:105C8000002822463946384629DBFEF7CFFC00289B
:105C9000F2D0D0E7324649464846FEF7C7FC002816
:105CA000C9D1224639463846FEF7C0FC0028C2D189
:105CB0005A4629462846FEF7B9FC002898D0BAE78C
:105CC000424621462046FEF789FC0028B3D15246C1
:105CD00059465846FEF7AAFC0028BFD0ABE700980B
:105CE000FDF7F0FF0346C3E62DE9F04188B04668B2
:105CF00080680124002301AD0F46049005A902A885
:105D00009046039602940594069401930795FEF736
:105D100027FB38B305A902A80194059406940795BA
:105D2000FEF71EFBF0B1022305A902A80594069414
:105D300007950193FEF714FB18B9002008B0BDE8E1
:105D4000F08102A8FFF7B8F920B10128F5D008B01A
:105D5000BDE8F0814246394602A8FFF7D1FB08B002
:105D6000BDE8F0816FF00D00E8E700BF2DE9F04FCE
:105D700040F6FD77A1F1030E8DB0BE45169E00F2F0
:105D8000C68011F01F0A02924FF001021D464FF02B
:105D90000003044618BF92468B4607930AEB511A3C
:105DA0000893DFF890914FEA8A0706924FEA4A1A61
:105DB000A7F104080197C1EB0A03039333462A466F
:105DC00001992046FFF77AFBB0B9A36853F8082081
:105DD0004A45F3D9D3451AD3D3F800E03246029F9F
:105DE00029464EF0010C2046C3F800C0BFB9FFF7AA
:105DF0007BFF10F10E0FE1D0034606AF384601934A
:105E0000FDF7DEFE019B18460DB0BDE8F08F03994B
:105E10002046FEF787F90028EED1A368DCE74EF0B4
:105E200003070322214604A81F60FDF797FE0346DF
:105E300000286AD1049B002B6CD0012B55D006AFF3
:105E400021463846FDF73EFF03460028D6D1012102
:105E50003846FEF767F903460028CFD14FF00C0A09
:105E60004FF001080DF1140922E013F10E0F09AAF9
:105E700021462046C2D1CDF814A0CDF82480CDF81B
:105E80002880CDF82C90FEF7A9FB03460028B5D159
:105E9000062309AA394638460593CDF82480CDF863
:105EA0002880CDF82C90FEF799FB03460028A5D159
:105EB0002046FFF701F903460028D6D13846FFF700
:105EC000FBF803460028D0D1324629462046FFF78A
:105ED00017FB03460028C8D1324629463846FFF74B
:105EE0000FFB03460028C0D188E74FF0040E05AF32
:105EF00009AA2146204609930A93CDF814E00B978E
:105F0000FEF76CFB0346002899D006AF76E76FF0EA
:105F1000030079E70820012305AF09AA059021466F
:105F2000204609930A930B97FEF758FB0346002877
:105F3000EBD184E733F304B52DE9F04F9FB0002394
:105F4000012482467E4A06A81021069409940C94E6
:105F50000F94129415941894079308930A930B9333
:105F60000D930E9310931193139314931693179309
:105F700019931A93FEF736FC20B3834609AC0CAD97
:105F80000FAE15AF0DF160080DF14809BAF1000F21
:105F90002AD106A8FDF714FE2046FDF711FE28467B
:105FA000FDF70EFE3046FDF70BFE4846FDF708FEF6
:105FB0003846FDF705FE4046FDF702FE58461FB085
:105FC000BDE8F08F09AC5F4A10210CAD2046FEF70A
:105FD00009FC834640B30FAE15AF0DF160080DF11B
:105FE0004809BAF1000FD4D0594657481CF030FE8A
:105FF00006A8FDF7E5FD2046FDF7E2FD2846FDF782
:10600000DFFD3046FDF7DCFD4846FDF7D9FD38469B
:10601000FDF7D6FD4046FDF7D3FD0A201CF058FEE3
:1060200058461FB0BDE8F08F484A102128460FAEF1
:10603000FEF7D8FB834628B115AF0DF160080DF1CE
:106040004809A3E72A4606A9304615AFFEF746FBE6
:10605000834620B10DF160080DF1480996E73C4AEE
:1060600010213846FEF7BEFB83460028F2D1BAF174
:10607000000F19D139463046FEF772F938B10DF1EB
:1060800060080DF1480906A84FF0010B82E70DF1F9
:1060900048092B4606AA30464946FEF79FFC834630
:1060A00020B30DF1600874E72A481CF0D1FD394691
:1060B0003046FEF755F948B10DF160080DF1480979
:1060C00025481CF0FDFD4FF0010B8DE70DF148094F
:1060D00022481CF0F5FD2B46494606AA3046FEF73D
:1060E0007DFC834608B30DF160087DE71C4A102152
:1060F0003846FEF777FB83460028D2D10DF16008C1
:10610000184A10214046FEF76DFB834600287FF4B5
:106110003DAFBAF1000F40F0B18039463046FEF78E
:106120001FF908B34FF0010B33E70D4A1021384631
:10613000FEF758FB83460028E0D00DF1600825E704
:106140003C180020C01800208C1B0020441900209F
:10615000A8190020881A0020F0170020A01700209E
:10616000A41A0020C81A002041464846FEF7F8F855
:10617000002888D1CDF800A02B46224606A930463B
:10618000FEF7CEFF834600287FF403AF724A10214A
:106190003846FEF727FB834600287FF4FAAE3946DF
:1061A0003046FEF7DDF800287FF46DAF2A4606A9D9
:1061B0003046FFF71BFC834600287FF4EAAE674AAF
:1061C00010213846FEF70EFB834600287FF4E1AE2F
:1061D00039463046FEF7C4F800287FF454AF604BD0
:1061E0000022C346B8462F4625461C46029254F864
:1061F000081C3046FDF746FE0346002840F0A58007
:1062000054F8041C4846FDF73DFE4A460346314615
:10621000002840F09A8006A8FFF7DEFA1BA9034683
:10622000002840F0928022680123039006A882EAA9
:10623000E27E002A1C9305ABAEEBE27EB4BF4FF0CA
:10624000FF3201221D93CDF814E00C341B92FEF7AF
:1062500087F8039B00286BD1029A0132032A02922D
:10626000C5D12C463D464746D8469B46BAF1000F5D
:106270003FF48FAE3B481CF023FDB9E63A481CF0D2
:10628000E7FC39463046FEF76BF800287FF418AF7C
:1062900041464846FEF764F8834600287FF410AF75
:1062A00030481CF00DFDCDF800B02B46224606A963
:1062B0003046FEF735FF834600287FF495AE264A28
:1062C00010213846FEF78EFA834600287FF45EAE32
:1062D00026481CF0BDFC39463046FEF741F8002840
:1062E0007FF4EEAE1F481CF0EBFC2A4606A93046B0
:1062F000FFF77CFB834600287FF476AE174A102117
:106300003846FEF76FFA834600287FF43FAE184800
:106310001CF09EFC39463046FEF722F800287FF438
:10632000CFAE10481CF0CCFC12481CF091FC56E794
:106330002C463D464746D846BAF1000F3FF4A3AE7F
:1063400002990D481CF084FCBDE62C463D464746AC
:10635000D8469B461AE600BFB41B0020141C002040
:10636000D0560260A0170020281B0020441B0020EC
:10637000601B0020781C00207C1B00202DE9F0030E
:106380000B680468496840686340214D4840C3F386
:10639000074705EB136155FA83F605EB10682F44A8
:1063A00091F80011C3F3072C96F8006298F80033B7
:1063B00055FA80F897F8009346EA0166C0F307277C
:1063C00098F80011C0F3074846EA09462F4441EA0D
:1063D000036115F8083015F80C0041EA034197F8FD
:1063E000003246EA0020146841EA032380EA336160
:1063F000506883EA314381EA3321634080EA010532
:1064000083EA312182E82200BDE8F003704700BF33
:10641000EC5602604FF48A7200211CF005BC00BFEC
:1064200018B14FF48A710BF099BB70472DE9F04F0A
:10643000C5B01646041D0746019240220D460021B4
:106440000DEB02001CF0F0FB20464FF48872002197
:106450001CF0EAFBC02E00F01B82B6F5807F00F036
:106460001782802E04D06FF0230045B0BDE8F08F76
:1064700003234FF004094FF0150810263B6000235A
:1064800002936A1E0DF13F010023013312F8010F40
:10649000B34201F8010FF8D3019BC02B00F0038237
:1064A000744904AD4FF0CC0C4FF07F0E66279E234D
:1064B0000020CDF80CC04FF08B0BF4464FF0900A43
:1064C000BE463B222F46A026054608461946CC2349
:1064D0000CE0067A0830417890F802E090F803C0AA
:1064E0000279437990F806A090F807B009040837BC
:1064F0001B0441EA066604A943EA026346EA0C0269
:1065000043EA0B0342EA0E2243EA0A2341F835200C
:10651000013547F8043C062DDBD14022002120A89C
:106520001FAD1CF081FB0DF161060DF141000378F8
:10653000043010F8051C1B0410F8022C43EA016318
:1065400010F8031CB04243EA020343EA012345F872
:10655000043FECD120A924A851F8043BCA68814229
:1065600083EA0203CB61F7D104A92AAA28A827ADA0
:10657000FFF704FF2AA806A928AAFFF7FFFE29466D
:106580002BA851F8042F51F8203C884283EA0203DB
:106590000B60F6D12AAA08A928A8FFF7EFFE28AABF
:1065A0002AA80AA9FFF7EAFE019B802B12D923A98A
:1065B00051F8042F0B698D4283EA02030B62F7D175
:1065C0000CA92EAA2CA8FFF7D9FE2CAA2EA80EA93A
:1065D000FFF7D4FE029B0121219A0DF1C00E4FEA74
:1065E000031A254B0D46319203EB0A07209B239A91
:1065F00076463093229B33923293C5EB05130135D7
:10660000E1B103F01F033199309AC3F120009A40A1
:10661000C1404A403261319A32999A40C1404A4061
:106620007261329A33999A40C1404A40B261309ABD
:106630003399C24001FA03F35340F361052D06F18B
:1066400010060AD017F8011FC5EB05130135002904
:10665000D7D1052D06F11006F4D1029943AF8B0076
:106660001A4603937346511800224FEA011B03494F
:10667000594407E0EC5A02601C5B02603C5B02601C
:1066800011F9012F561C02D0186844F822009F42CD
:1066900003F10403F4D1019B802B42D9249B0AF11E
:1066A000040C8649764630930F25269B8C44259A08
:1066B0003293279B3192339305F01F031CF8012B73
:1066C0000F35C3F12001C2B13098319A9840CA40C9
:1066D000424032613198329A9840CA4042407261D9
:1066E0003298339A9840CA404240B2613398309A07
:1066F00000FA03F3CA405340F3614B2D06F1100634
:10670000DAD10BF113016E4A44A87346114411F912
:10671000012F551C02D01D6844F8225004339842C2
:10672000F5D1289B0AF1090C644D0122299976467E
:106730002A98AC44309315462B9B31913393C5EB8B
:10674000051332900135E2B103F01F033199309AFD
:10675000C3F120009A40C1404A403261319A3299D7
:106760009A40C1404A407261329A33999A40C1407E
:106770004A40B261309A3399C24001FA03F3534060
:10678000F361052D06F110060AD01CF8012BC5EBAC
:1067900005130135002AD7D1052D06F11006F4D1D5
:1067A0000BF12802464973460A4401E012F9019FA1
:1067B000B9F1FF3F02D0196844F829109F4203F154
:1067C0000403F3D1019B802B43D92C9B0AF10C05C8
:1067D0003A4977462D9A0F260D4430932E992F9BD8
:1067E00031923291339306F01F0315F8012B0F36C7
:1067F000C3F12001C2B13098319A9840CA4042405A
:106800003A613198329A9840CA4042407A6132984F
:10681000339A9840CA404240BA613398309A00FA9D
:1068200003F3CA405340FB614B2E07F11007DAD146
:106830000BF13B02224B44A81A4412F9013F591CA8
:1068400003D0DEF8001044F823100EF1040E70455A
:10685000F3D10298039A430011461A4A03440144B3
:106860001B0102EB810203F1D0008033204423445A
:1068700001E012F9018FB8F1FF3F02D054F828105F
:10688000196004339842F4D1002045B0BDE8F08F80
:106890000423019A4FF0FF394FF019083B600123A0
:1068A000D6080293EDE50DF14F030DF1570113F8F2
:1068B000012FD2438B421A72F9D1F1E51C5B0260C1
:1068C0003C5B0260DC5B02602DE9F041C6B00C4627
:1068D000154600214FF48A72804601A81CF0A4F9E5
:1068E0002A46214601A8FFF7A1FD0746002842D10C
:1068F000019B02A808F1140E08F11C02A3F1040682
:10690000C8F80030B6FA86F67609F31CF6009B014B
:1069100006F1160100EB030CC358DCF80400ACF1DF
:106920000805C8F80430ACF11003C8F80800DCF81A
:106930000840DCF80C00C8F80C40C8F810009C684F
:106940000139D86802F1080242F8104CA3F108039B
:1069500042F80C0CF3D17342153605EBC3030EEB72
:10696000C606A3F1B800A83B07C853F8043CB060C2
:10697000F1603261736101A84FF48A710BF0EEF897
:10698000384646B0BDE8F0812DE9F04192F805C0E7
:106990001D4692F804E084B0547A4FEA0C4792F80E
:1069A000088000F1140647EA0E6C5178240492F82E
:1069B00007E0537B090444EA08674CEA0E0E947919
:1069C0001B0492F800C092F80C804EEA042E41EAB3
:1069D0000C6C8168D47A43EA08638EEA010ED17B9D
:1069E0003C43977A0B43D17844EA0724C7684CEAC2
:1069F000010192F80EC092787C4043EA0C230769AB
:106A000041EA022142687B40076881EA020CCDF826
:106A100004E002940393CDF800C0002F4BD034461D
:106A2000B84619E0206B40340099019A0840039B56
:106A300082EAF072019254F80C0C1043484002991B
:106A4000009054F8042C1A434A40029254F8081C4F
:106A50000A4083EAF273039302AA2146684608F1CA
:106A6000FF38FFF78BFC6A4604F1080102A8FFF724
:106A700085FC02AA04F110016846FFF77FFC6A4614
:106A800004F1180102A8FFF779FC02AA04F1200121
:106A90006846FFF773FC6A4604F1280102A8FFF775
:106AA0006DFCB8F1000FBDD106EB8716029C039B6D
:106AB000103E9DE800503268002084EA02070297E9
:106AC0003C0E726853400393B168F2688CEA01018E
:106AD000EB718EEA0202EF704FEA116EE9720E0C52
:106AE000EA73090A85F808E06E724FEA126E160C16
:106AF000A972120A85F80CE0190E6E73AA731E0CA7
:106B000029711B0A390C6E713A0AAB712C706970CD
:106B1000AA7004B0BDE8F0812DE9F047160784B0F3
:106B20000C9C0D9D59D1174680468A461E4669BB6E
:106B300042B303F1FF392068EE466168A268E3685A
:106B4000AEE80F002B46002122464046FFF71CFF0F
:106B50006B1E494605F10F0E13F8010F11F8012FB6
:106B6000734582EA00021A70F6D1EE46103F04F136
:106B7000100405F11005BEE80F0030607160B260CE
:106B8000F360D8D1002004B0BDE8F087002AF9D026
:106B9000013C03F1FF3949466A1E04F1100E14F856
:106BA000010F11F8013F744583EA000302F8013F29
:106BB000F5D12B462A4651464046FFF7E5FE2868A8
:106BC0006968103FAA6805F1100555F8043C30606B
:106BD0007160B260F360DED1D4E76FF02500D2E7D8
:106BE0002DE9F047089E9A4681461C68DDF824800E
:106BF0000A9FA9B17AB1013F15465CB3315D621CB1
:106C000018F8013B013D83EA010307F8013F3355C2
:106C100002F00F04F1D1CAF800400020BDE8F0876F
:106C2000002AF8D0154674B1335D611C18F8012BA9
:106C3000013D83EA020307F8013B325501F00F04DE
:106C4000E9D0002CF0D13346324601214846FFF707
:106C50009BFEE9E73346324601214846FFF794FEA2
:106C6000CCE700BF2DE9F84FDDF828909346146873
:106C70000B9FDDF8308089B182461E460D4694B1E7
:106C800019F80420013D17F8013B04F1010483EADF
:106C9000020304F00F0408F8013BF0D1CBF80040E8
:106CA0000020BDE8F88F32464B4601215046FFF7E1
:106CB0006BFE06F1100212F8013D0133DBB21370D6
:106CC000002BDDD19642F6D1DAE700BF2DE9F04F77
:106CD0004FF0000AFDB02022069051461FA80DF18A
:106CE0002C0B0DF13C091BF09FFF4FEA6A06069B37
:106CF0000AF00107B41C002B40F046814FEA8418CB
:106D0000E30000240593B04B03EB8615C03303EB7F
:106D100046130793059A29461FA81BF091FF424688
:106D20001FA937A8002F40F00C81FFF7CDFD079B6E
:106D3000DC46A64A234402EB040E186859684E4606
:106D40009A681034DB682035ACE80F00DEF80000EC
:106D5000DEF80410DEF80820DEF80C300FC65A46C4
:106D6000394627AB37A8FFF70FFE1022494627A860
:106D70001BF09AFF002840F06181202CCAD1069BAD
:106D8000002B40F01C810AF1010ABAF1060FACD1C8
:106D9000069B002B40F0708100230893089B5C1039
:106DA00003F001030593A51C069B002B40F0FB801C
:106DB000AE01874B0FCB8BE80F00854B0FCB89E8DB
:106DC0000F00844BEA001FA803EB44111BF038FFAF
:106DD000059B32461FA937A8002B40F0E180FFF742
:106DE00073FD04EB440400267B4B03EB0413344691
:106DF00007937A4B5F46079A5D4603EB040C059BAD
:106E000002EB040A4E46CDF82490002B40F0A380FC
:106E100013AD9BE80F0085E80F00DAF80000DAF800
:106E20000410DAF80820DAF80C300FC7DCF800009C
:106E3000DCF80410DCF80820DCF80C300FC627ABB7
:106E40001022059937A8019313ABCDF800B0103488
:106E5000FFF762FE1022494627A81BF025FF0028F5
:106E600040F0EC80302CC4D1069B0546002B40F04E
:106E7000EC80089B0133062B08938FD1069B002BD7
:106E800040F0068100274FF01009DFF878B13C464A
:106E90004E46DDF818A0059507F001085048013767
:106EA000BAF1000F07D04F494F4BB8F1000F08BFA0
:106EB00019461BF0CDFE250100224C490DF15C0E58
:106EC0000BEB05030A920D4403F5F1630FCB8EE83B
:106ED0000F0095E80F001FAD85E80F00294604EB71
:106EE0004405802237A8FFF7A1FA414B2D01324615
:106EF00027A87C105919B8F1000F40F085801BF0CD
:106F00009FFE27AB1BAA3146029337A8019317AB0C
:106F100000920AAAFFF7A6FE364B324627A8591957
:106F20001BF0C2FE002840F08980BAF1000F40F04B
:106F30009080062F0BEB840300F09380D3F8086950
:106F4000AAE742461FA937A8FFF770FA1F4BDC4695
:106F5000079A2344EFE699E80F0013AE86E80F0086
:106F6000DCF80000DCF80410DCF80820DCF80C3059
:106F70000FC5DAF800004D46DAF80410DAF80820F8
:106F8000DAF80C300FC55AE7174B4FEA8418154A48
:106F900041461948002F08BF1A461BF059FEAFE6BC
:106FA000FFF744FA1DE70599AE010F4B0D4A134850
:106FB000002908BF1A4631461BF04AFEF9E6104880
:106FC0001BF07EFEDFE600BF045C0260245D026011
:106FD000445D0260545D0260B45D0260445E026024
:106FE000D01C00207C17002078170020A45E0260CF
:106FF000D45E0260645F0260981C0020B41C002014
:10700000A0170020EC560260234B324627A85919DE
:107010001BF016FE27AB1BAA3146029337A801933B
:1070200017AB00920AAAFFF71DFE1C4B324627A899
:1070300059191BF039FE00283FF477AF069BFBB9C6
:10704000012528467DB0BDE8F08F15481BF038FEBD
:107050000FE713481BF034FE062F0BEB84037FF47D
:107060006DAF069B059D002BEBD00A201BF030FE78
:1070700028467DB0BDE8F08F0A201BF029FE8BE684
:10708000012508481BF01CFE28467DB0BDE8F08FA6
:107090000A201BF01DFEF5E6645F0260D45E02600C
:1070A000A0170020F01700202DE9F04F9BB00793A8
:1070B0002A9B0390022BDDF89890289E00F099817E
:1070C000102B00F296812A9BDB0700F19281249B12
:1070D000073B062B00F28D81B9F57F4F00F28981C5
:1070E0002A9BB9F1000F9DF890409246A3F102024D
:1070F0008B4608BF0023C4F10E0118BF402352087D
:10710000C4F10F041AAF43EAC2030DF13900CAB249
:107110000799E4B215460992249A2B43C5F10F054D
:10712000089407F8303D04951BF08AFD791912AADE
:107130005346279D02F8013D8A424FEA1323F9D1B5
:107140002795002B40F055810DF137011A4612ACFE
:107150009E46084606910DF147011293139305913F
:107160001493159301E014F801EF10F8013F013278
:107170008EEA0303102A01F8013FF4D112AB0DA8E7
:10718000279500901946039800F0F4FC0446002867
:1071900040F00C81B9F1000F71D04B46C9F30728BC
:1071A0000E940DF13A000E2B7C60BC6028BF0E23BC
:1071B000FC6025991A460A938DF839908DF838802D
:1071C0001BF03EFD059B22463846279D194601E0EF
:1071D00010F8018F13F8014F013288EA0404102AD5
:1071E00001F8014FF4D10DAB2795039D009312AB2D
:1071F0002846194600F0BEFC002840F0D7800A9AC5
:10720000B9EB020319463AD01346259ACDF828B0B7
:1072100004461344CDF82CA028960DF15708994642
:10722000AB46DDF818A00E46102E354649463846C6
:1072300028BF10253C607C602A46BC60FC601BF0C7
:10724000FFFC5046059911F8012F10F8013F414508
:1072500083EA02030B70F6D10DAB1022584600935F
:1072600012AB194600F086FC002840F09F80761B88
:10727000A944D9D1DDF828B0DDF82CA0289E9DF8CE
:1072800024300DF1680907990DF15900249A09F885
:10729000103D1BF0D5FC249B0021089A581C484443
:1072A0001BF0C2FC01238DF86730BAF1000F58D0F3
:1072B0000DF15708279D5446102C28BF1024BBF110
:1072C000000F21D1294622463846C7F800B0C7F83A
:1072D00004B0C7F808B0C7F80CB01BF0B1FC0698B2
:1072E000059911F8012F10F8013F414583EA020387
:1072F0000B70F6D10DAB10220398009312AB194618
:1073000000F038FC002851D10DAB102249460398FB
:1073100000933B4600F02EFC002847D103461AAAF2
:10732000295C1A44013312F8302CDBB24A409C42EB
:1073300032541846F3D8BBF1010F3AD0049B2644CF
:107340002544C4EB0A0A1AAA09EB030112F8013D0D
:107350000133DBB213700BB99142F7D1BAF1000FD0
:10736000A9D1049B00224B4419461AAB03F8012D06
:107370009942FBD10DAB49460398102200933B463E
:1073800000F0F8FB90B90DF15701059B069813F832
:10739000014F10F8012F994282EA04021A70F6D1C7
:1073A0002A9A12A929981BF04BFC00201BB0BDE8BB
:1073B000F08F00233146224638463B607B60BB603D
:1073C000FB601BF03DFC0698059911F8012F10F8A1
:1073D000013F414583EA02030B70F6D10DAB102249
:1073E0000398009312AB194600F0C4FB0028A5D007
:1073F000DCE76FF00C001BB0BDE8F08F40220021ED
:107400001BF012BC2DE9F041054617460846012243
:1074100019461E4600F0A6FAA8B143690446102B8F
:1074200011D1284600F0B6FA2146284600F0C2FAEB
:1074300008B1BDE8F0813246394628460123BDE84F
:10744000F04100F0E3BA6FF00C00BDE8F08100BF3E
:1074500010B5044600F09EFA40212046BDE81040D9
:107460000AF07CBB30B589B0119D9DB106951C46D4
:107470000E9D13460A46109903950D9D05910295A0
:107480000F990C9D049100218DE83000FFF70CFE50
:1074900009B030BD6FF00C00FAE700BFF0B589B05D
:1074A0000F9E119C0E9F109D02960494139E129C99
:1074B000009313460A46002101970395059406960A
:1074C000FFF7F2FD09B0F0BD2DE9F0418CB0884620
:1074D0000121129F08AD139E159C01970296149FDF
:1074E000179E00931346059542460397049406960B
:1074F000169DFFF7D9FD80B996B1014603460CAA47
:10750000695C1A44013312F8102CDBB24A409E42E7
:10751000194640EA0200F2D820B90CB0BDE8F0816B
:107520003046FAE7204641460AF018FB6FF00E009D
:10753000F3E700BFF0B50A9C05AD95E8E0401CB14B
:10754000BDE8F040FFF7C0BF6FF00C00F0BD00BF1A
:107550002DE9F04FA5B040220021814614A81BF070
:1075600063FB14A88023534A0221FFF74BFF00BBA3
:10757000514F082304264FF0010A089307F10C032A
:1075800007F130053446099307F118034FF0070B54
:10759000B8460A9307F124030B93B9F1000F67D1A2
:1075A00096B9B9F1000F7FD10124204625B0BDE87E
:1075B000F08FB9F1000FF7D0012440481BF048FBD1
:1075C000204625B0BDE8F08F0CAF3D4B0899224610
:1075D00003933B19029114A83A49059301910021A4
:1075E0000696CDF800B00497374BFFF75DFD0028F5
:1075F000D7D1A219294638461BF056FB0028D0D116
:107600002A19089805965B462E4E2146019014A82B
:107610000492A6F12402039702950096FFF754FF07
:107620000028BED122463846A6F118011BF03CFBCB
:1076300004460028B5D1B9F1000F31D1BAF1030FDA
:1076400005F120051BD0099B0AF1010A58F804BF77
:107650001A4652F8043F08930A9B099253F8044FC4
:107660000A930B9B53F8046F0B93B9F1000F97D05B
:10767000514616481BF0ECFA002E92D0A4E714A84D
:1076800000F088F914A840210AF068FAB9F1000F57
:107690008BD00A201BF01CFB204625B0BDE8F08FE4
:1076A0000B481BF00DFBC9E70A4801241BF008FB3F
:1076B0007BE700BF0060026010600260EC1C0020ED
:1076C000AC600260C4600260A0600260001D002027
:1076D000A0170020F0170020891A0BD030B4002426
:1076E000CDB2234601330444DBB2A55499421C4673
:1076F000F8D830BC704700BF48B3F0B4B2FA82F497
:10770000640934BB431813F8016CB6FA86F38F1B77
:107710005B091760B14238BF43F0010389B10138FA
:107720002246974210F8014F02F101028CBF00255A
:1077300001257440914214FB05F443EA0403DBB2D3
:10774000EFD1002B044808BF0020F0BC704703486D
:1077500070470248F9E700BF009EFFFF009FFFFF50
:10776000891A8023012983540BD930B401240025C0
:10777000234601330444DBB2A55499421C46F8D891
:1077800030BC704770B48D1A012D0AD90124013A1A
:107790000026234601330444DBB2A6549D421C4616
:1077A000F8D8084400F8015C70BC704740B3F0B4EE
:1077B000B2FA82F464092CBB4D1E475DB7FA87F319
:1077C000CE1B5B091660B9422CBF194643F001017C
:1077D00085B1013823469E4210F8014F03F10103A1
:1077E0008CBF002201229D4214FB02F241EA0201F9
:1077F000C9B2F0D10029044808BF0020F0BC70478E
:10780000024870470148F9E7009EFFFF009FFFFF15
:107810008A4206D202440144002302F8013B8A4214
:10782000FBD1704728B1B2FA82F0400908B9116063
:1078300070470148704700BF009FFFFF20B3F0B4BE
:10784000B2FA82F56D090DBB1560D9B146182F4605
:10785000802016F8014D0139002C0CBF3C4647F042
:10786000010484EA0703274601FB03F4254315605E
:10787000347814FB03F34340D8B20029E9D108B9A6
:10788000F0BC70470248FBE7024870470148F7E741
:10789000009EFFFF009FFFFFE0B170B4B2FA82F5D7
:1078A0006D09CDB9156091B108442E4610F8013D1F
:1078B000002B0CBF334646F0010383EA06041E4644
:1078C00001FB04F3013945EA03051560EED1002000
:1078D00070BC7047014870470048F9E7009FFFFF00
:1078E000094803686BB9094A094913782BB141F873
:1078F000043B12F8083F002BF9D1002201230A6053
:1079000003600348704700BFB8B2002070A902604E
:1079100000B4002070B578B1084C656855B10646D2
:1079200001E0656835B13146A86808341BF098F964
:107930000028F6D1284670BD0546FBE770A9026015
:10794000074B5A6852B11978814204D106E013F806
:10795000081F814202D0DA68002AF8D11046704729
:1079600070A9026030B4084C636853B19D69083453
:107970002D788542F8D15D688D42F5D15D789542CC
:10798000F2D1184630BC704770A902604022002135
:107990001BF04AB968B110B50446C06B18B1236832
:1079A0009B691B6A984720464021BDE810400AF0B9
:1079B000D5B87047E9B170B5B0FA80F406466409ED
:1079C000ACB90D46402221461BF02EF9AB69DB69AC
:1079D0009847F06378B16B783560022B01D0204670
:1079E00070BD064A2046064BF260336170BD054803
:1079F00070BD04487047044870BD00BFD976006070
:107A0000F9760060009FFFFF809EFFFFF0B130B469
:107A10000468C4B12569AD0712D5012B4260037219
:107A200009D06578033D022D05D963B9A369C06B00
:107A30009B6930BC1847A369C06B5B6930BC1847B1
:107A400065689542E9D0024830BC704700487047ED
:107A5000009FFFFF0346002827D002685278022AC1
:107A600023D1042923D8DFE801F0080E141A0300FB
:107A70000020104AD8601A6170470F4900200F4A51
:107A8000D9601A6170470E4900200E4AD9601A6108
:107A900070470D4900200D4AD9601A6170470C49A2
:107AA00000200C4AD9601A6170470B4870470B4898
:107AB000704700BF25780060D9760060F9760060D5
:107AC000617700603D78006085770060AD77006089
:107AD0001178006099780060009FFFFF809FFFFF92
:107AE000C8B138B50368A3B199B1102A0FD81C6981
:107AF000E4070AD4DD68AA420BD304462A4628309C
:107B00001BF09EF8A563002038BD1546F5E7034835
:107B100038BD034838BD0248704700BF809FFFFF53
:107B2000009FFFFF28B103681BB100234362184682
:107B300070470148704700BF009FFFFFB0B1036866
:107B4000A3B15B78062B01D00020704730B51546F5
:107B500083B00C46836B90F9081000F12802C06BCB
:107B60008DE8300005F03CFC03B030BD00487047A4
:107B7000009FFFFF2DE9F04F85B00E9D002800F01B
:107B800082800F4604460168002D7CD01646B1FA6B
:107B900081F25209002A76D148782A600128D1F86A
:107BA000149024D0062800F08780B9F1000F00F06F
:107BB000D0809F4298465ED0022826D0032800F04D
:107BC0008480052874D1896904F11402E06B04F102
:107BD0002803CDF808808DE8840004F124020C69A4
:107BE0003146A04700B92E6005B0BDE8F08F4E4584
:107BF0007ED189693A462E604D68E06B94F9081091
:107C0000AC4605B0BDE8F04F604794F90830002B52
:107C10003BD0012B606A03D1C0EB09039E423CD3E9
:107C2000002867D1002E45D0B6FBF9FA09FB1A6A85
:107C3000BAF1000F00F08480CAEB0606524604F148
:107C40001400B9191AF0FCFF636A53446362002EF2
:107C500030D094F90810226804F12803E06B94698D
:107C600032468DE88001A468A0470028BCD12B686B
:107C70001E442E60B8E7636A2BB9B6FBF9F309FB23
:107C80001363002B98D03448AEE7E368606A002B9A
:107C9000C2D0C0EB09039E42C2D8204432463946C6
:107CA00014301AF0CDFF636A00201E4466629BE721
:107CB0002A4899E7002097E73A463146E06B2E6064
:107CC00005B0BDE8F04F05F051BCD1F818E004F163
:107CD000280294F9081004F12403E06B8DE8840174
:107CE0003246DEF80C40A04700287FF47DAF7AE7EB
:107CF0001B4879E7C0EB090A204439465246143044
:107D00001AF09EFFA64694F9081004F128035EF8C5
:107D100014CB4A46E06BDCF818C0CDF800E0CDF893
:107D20000480DCF808B0D84700287FF45DAF2B68EA
:107D3000C8445744CAEB06064B442B60606271E7A7
:107D400094F90810002986D1E368002B83D0CA4635
:107D500072E7044848E700BF009FFFFF809FFFFFD6
:107D6000809DFFFF809CFFFF002872D02DE9F0412D
:107D7000046882B0002A6ED0B4FA84F35B09002B49
:107D800069D165781360EB1E042B1DD9A5F1090399
:107D9000B3FA83F35B09BBB92678483E012E17D9A5
:107DA000012D3DD0022D52D10E4690F90810074604
:107DB000154601290ED06269436A9A4238D0C268DA
:107DC000002A42D1002B40D1002002B0BDE8F08152
:107DD0001846FAE7C3681BB3816B00F11408002949
:107DE00031D07A6A404698473B68F86B99695A697E
:107DF0008C6897F90810019607F12803CDF80080E8
:107E0000A0470028E1D197F90830BBB939683B6930
:107E100001B149692A46304602B0BDE8F041184731
:107E2000436A0E48002B08BF002002B0BDE8F08175
:107E3000A36907F11408C06B9C68DCE73B6803B1D9
:107E40005B692B60C0E7E168CBE70448BDE7044805
:107E5000BBE7044870470348B7E700BF809DFFFFBA
:107E6000809FFFFF009FFFFFB8B130B404688CB162
:107E7000B1FA81F35B096BB990F90850012D09D172
:107E80006478062C02D0184630BC7047C06B30BCFA
:107E900005F0E4BB024830BC70470148704700BFA2
:107EA000009FFFFF60B330B5046885B034B390F92C
:107EB00008501DBB6478062C02D0002005B030BDF0
:107EC000102A1BD80C46C06B6946154605F0C6FB48
:107ED0000028F3D1002DF0D021466C464A1911F844
:107EE000015B14F8013B914283EA050340EA030079
:107EF000C0B2F4D10028E0D00248DFE70248DDE755
:107F000001487047009DFFFF009FFFFF30B585B01F
:107F10001D460446FFF7E4FD60B9F4B12368E3B100
:107F20000A9B2946606220460093089A099BFFF746
:107F300021FE08B105B030BD0A9B204603AA19688E
:107F4000099B1944FFF710FF0028F3D10A9B1A6818
:107F5000039B13440A9A1360ECE7014805B030BD57
:107F6000009FFFFF2DE9F0431D4603689046079EE2
:107F70005B78089F062B099CDDF828E00B9ADDF85A
:107F800030C0DDF8349016D0082B11D1C06B4346B9
:107F900014600A46CDF830902146CDF82CC0CDF8BB
:107FA00028E0099708960795BDE8F043FFF75ABA0D
:107FB0000B48BDE8F083C06B0B46146001212246DC
:107FC000CDF834C0CDF83090CDF82CE00A97099662
:107FD0000895CDF81C80BDE8F04305F0CDBB00BF8F
:107FE000809FFFFF30B51C46036887B05B78062B87
:107FF0001ED0082B19D113460E9AC06B15460C9A49
:108000002A600A460D9D109903950B9D05910295D6
:108010000F990A9D04910C998DE83000FFF78AFAB8
:1080200010F10F0F1CD007B030BD0E4807B030BDA7
:1080300013460E9AC06B15460C9A2A600A46109D8C
:108040000D9903950F9D059102950B990A9D049139
:108050000C998DE8300005F0B7FB10F1120FE2D15A
:108060000148E0E7809FFFFF009DFFFFFAF736BA67
:1080700010B45DF8044BFAF73FBA00BF30B430BC1F
:10808000F9F7F8BE30B430BCF9F780BFF9F70ABC95
:10809000F9F7ECBA13460A46022105F0F1B800BF21
:1080A00013460A460221FFF7ADB900BFFEF76CBCCC
:1080B00010B45DF8044BFEF72FBD00BF30B430BCE8
:1080C000FEF78EBD30B430BCFEF7CCBDFEF7FCBB76
:1080D000FEF7ACB913460A46052105F0D1B800BF3A
:1080E00013460A460521FFF78DB900BF11461A460F
:1080F00000F0EEB811461A4600F062BA10B45DF80E
:10810000044B00F001BA00BF10B45DF8044B00F05E
:10811000A9BC00BF00F0BCBE00F0B4BE00F020BFA0
:1081200000F00EBF00F072BF00F060BF10B5044653
:1081300000F090F82046BDE810401AF079BD00BF6D
:1081400010B5044600F07AF82046BDE810401AF059
:108150006FBD00BF10B50446FFF77AF92046BDE8B1
:1081600010401AF065BD00BF10B5044605F064FB71
:108170002046BDE810401AF05BBD00BF10B50446B4
:10818000FEF74EF92046BDE810401AF051BD00BF81
:1081900010B50446F9F764FA2046BDE810401AF01D
:1081A00047BD00BF10B54FF4C07101201AF060FD4B
:1081B000044608B100F048F8204610BD10B58021F3
:1081C00001201AF055FD044608B100F033F82046AE
:1081D00010BD00BF10B5402101201AF049FD044632
:1081E00008B1FFF70BF9204610BD00BF10B54FF4E2
:1081F000C47101201AF03CFD044608B105F03AF8BC
:10820000204610BD10B54FF48A7101201AF030FDE0
:10821000044608B1FEF7FEF8204610BD10B54FF435
:108220008C7101201AF024FD044608B1F9F712FA06
:10823000204610BD802200211AF0F6BC10B180212A
:1082400009F08CBC704700BF4FF4C07200211AF0D7
:10825000EBBC00BF18B14FF4C07109F07FBC704790
:10826000431E0549073013F8012F520883428A5CE8
:108270001A70F8D1704700BFA4B0026010B4431E5A
:10828000084C073013F8012F5108615C914205D169
:108290009842F7D100205DF8044B704701205DF84B
:1082A000044B7047A4B0026070B5084C054604F159
:1082B000800608222046294614441AF0F5FC18B11D
:1082C000B442F6D1002070BD012070BD24B102601F
:1082D0002DE9F04F91F805C000F110074D7890306E
:1082E0004FEA0C4691F800E02D0491F804C0CC79D7
:1082F00046EA0C6C8E7845EA0E6ECD784CEA0404A2
:1083000091F806C04EEA05057E4B44EA0C2C45EA7E
:1083100006258CEA151101F00F3185EA01148CEA6B
:10832000010C8CEA144189B28CEA010684EA01410D
:1083300081EA960C0CF0333C81EA0C0186EA8C0C45
:1083400081EA1C2404F0FF148CEA042C61404FEAFB
:10835000FC7581EA050C0CF0AA3C81EA0C0185EA67
:108360000C0C4FEAF17457F8101C103757F81C6CBE
:108370008CEA010E57F8185C86EA3C1657F8141C74
:108380000EF03F0BCEF3052906F03F0ACEF3054869
:1083900003EB8B0BCEF3056E03EB8A0AB842DBF8D6
:1083A00000B103EB8909DAF800A203EB8808D9F8D9
:1083B000009303EB8E0E8BEA0A0BD8F800A4C6F3E9
:1083C0000528DEF800E58BEA090BC6F3054903EB47
:1083D0008808C6F305668BEA0A0B03EB8909D8F80F
:1083E00000A603EB86068BEA0E0ED9F80087D6F8B6
:1083F00000688EEA0A0E8EEA080E8EEA060684EA05
:10840000060485EA040581EA3411C5F3052905F05F
:108410003F08C5F3054AC5F3056503EB890901F07B
:108420003F0E03EB8808C1F30526D9F8009303EB50
:108430008A0AD8F8008103EB8505DAF800A403EB7B
:108440008E0E89EA0808D5F80055C1F30549C1F335
:10845000056188EA0C0CDEF800E203EB81018CEA8E
:108460000A0803EB8606D1F800C803EB890988EAFD
:108470000508D6F80066D9F8005788EA0E0181EAA7
:10848000060181EA050181EA0C0C7FF46CAF4FEA2A
:108490007C0C002084EA0C0303F0AA3384EA030175
:1084A0008CEA030C4FEA71048CEA142303F0FF13E7
:1084B00084EA03218CEA030C8CEA910303F0333342
:1084C0008CEA030C81EA830383EA1C4189B28CEABB
:1084D00001444B4083EA141101F00F314B4084EA10
:1084E00001110C0ED1701E0ED3710D0C1470090AFF
:1084F00016711C0C55701B0A917054719371BDE874
:10850000F08F00BFA4B002602DE9F043560783B09E
:108510000A9C0B9D51D1012916460746994628D041
:108520001AB303F1FF3820686B4661682A4603C31B
:1085300021463846FFF7CCFE6A1E434605F1070E7A
:1085400012F8010F13F8011F724581EA0001117042
:10855000F6D16B46083E04F1080405F1080503CB8B
:10856000C9F80000C9F80410DDD1002003B0BDE84F
:10857000F083002AF9D0013C03F1FF3841466A1E1E
:1085800004F1080E14F8010F11F8013FA64583EA23
:10859000000302F8013FF5D12A462946384608353E
:1085A000FFF796FE55F8082C55F8043C083EC9F82C
:1085B0000020C9F80430E1D1D7E76FF03100D5E7EA
:1085C0002DE9F04F96464B794A7883B006460D78F0
:1085D000120401901B0400F1100A087942EA0565B3
:1085E000CA7806F1900C43EA0060CB792A438D7873
:1085F0000343887942EA0525AF4C43EA002383EA26
:10860000151101F00F314B4085EA011283EA124146
:1086100089B283EA010082EA014181EA900303F012
:108620003333594080EA830381EA132202F0FF12B8
:1086300083EA022351404FEAF37281EA020303F016
:10864000AA33594053404FEAF1715AF8100C0AF11D
:10865000100A5AF81C5C58405AF8186C85EA331511
:108660005AF8142C00F03F0BC0F3052705F03F0823
:10867000C0F3054904EB8B0BC0F3056004EB8808DD
:10868000D445DBF800B104EB8707D8F8008204EB8F
:108690008909D7F8007304EB80008BEA0808D9F841
:1086A00000B4C5F3052988EA0708D0F8007504EB83
:1086B000890988EA0B00C5F30548C5F3056580EA1A
:1086C000070004EB8808D9F8007604EB850580EAFA
:1086D0000700D8F80077D5F8005880EA070080EA4C
:1086E000050081EA000181EA06004FEA3115C0F376
:1086F000052800F03F06C0F3054782EA050204EBB7
:108700008808C0F3056004EB8606D8F8008304EB04
:108710008707D6F8006104EB8000D7F8009402F0D8
:108720003F0788EA0608D0F80005C2F3052604EBE7
:10873000870788EA0303C2F30548D7F8007204EB01
:10874000860683EA090304EB8808D6F80066C2F3BC
:10875000056283EA0003D8F8000704EB820283EA8B
:108760000703D2F8002883EA060383EA000383EABA
:1087700002037FF46AAF019A02F5887A01E04FEABA
:1087800031155CF80C2C0CF1100C5CF8200C5540E9
:108790005CF8186C48405CF8142C05F03F08E24582
:1087A00000F03F0BC0F3052704EB8808C0F3054930
:1087B00004EB8B0BC0F3056004EB8707D8F800824D
:1087C000DBF800B104EB8909D7F8007304EB8000F3
:1087D0008BEA0808D9F800B4C5F3052988EA070828
:1087E000D0F8007504EB890988EA0B00C5F3054849
:1087F000C5F3056580EA070004EB8808D9F8007620
:1088000004EB850580EA0700D8F80077D5F8005812
:1088100080EA070080EA050083EA000383EA060095
:108820004FEA3315C0F3052800F03F06C0F30547B3
:1088300082EA050204EB8808C0F3056004EB8606B3
:10884000D8F8008304EB8707D6F8006104EB8000BA
:10885000D7F8009402F03F0788EA0608D0F8000530
:10886000C2F3052604EB870788EA0101C2F3054835
:10887000D7F8007204EB860681EA090104EB880848
:10888000D6F80066C2F3056281EA0001D8F8000755
:1088900004EB820281EA0701D2F8002881EA06018E
:1088A00081EA000181EA02017FF469AF019A1E4664
:1088B00002F5C87004E000BFA4B002604FEA3615AC
:1088C0005AF80C3C0AF1100A5AF8207C5D405AF81C
:1088D000182C77405AF8143C05F03F09504507F032
:1088E0003F0BC7F3052804EB8909C7F3054C04EBDC
:1088F0008B0BC7F30567D9F8009204EB8808DBF807
:1089000000B104EB8C0CD8F8008304EB87078BEAEA
:10891000090BDCF80094C5F3052CD7F800758BEA39
:10892000080BC5F3054804EB8C0CC5F305658BEA11
:10893000090B04EB8808DCF800C604EB85098BEA18
:10894000070BD8F80057D9F800788BEA0C0888EAAA
:10895000050585EA070581EA050182EA010283EA45
:108960003113C2F3052802F03F0CC2F30549C2F3EC
:10897000056204EB880803F03F0704EB8C0CC3F39B
:108980000525D8F8008304EB8909DCF800C104EB65
:108990008202D9F8009404EB870788EA0C0CD2F81D
:1089A0000025C3F30548C3F305638CEA0606D7F830
:1089B000007204EB830386EA090C04EB8505D3F807
:1089C000006804EB88088CEA020CD5F80056D8F849
:1089D00000278CEA070383EA050383EA020386EA99
:1089E00003067FF46BAF4FEA7603002081EA0304AD
:1089F00004F0AA3461405C404FEA710284EA122319
:108A000003F0FF1382EA03215C4084EA910303F040
:108A100033335C4081EA830383EA144292B284EAEE
:108A20000241534083EA111202F00F32534081EAAF
:108A30000212110E8EF803201D0E8EF80730140C52
:108A40008EF80010120A8EF80450190C8EF80140AE
:108A50001B0A8EF802208EF805108EF8063003B03F
:108A6000BDE8F08F2DE9F043560783B00A9C0B9DBB
:108A700051D1012916460746994628D01AB303F169
:108A8000FF3820686B4661682A4603C32146384692
:108A9000FFF796FD6A1E434605F1070E12F8010F17
:108AA00013F8011F724581EA00011170F6D16B467F
:108AB000083E04F1080405F1080503CBC9F80000DD
:108AC000C9F80410DDD1002003B0BDE8F083002A0E
:108AD000F9D0013C03F1FF3841466A1E04F1080E4B
:108AE00014F8010F11F8013FA64583EA000302F8CC
:108AF000013FF5D12A46294638460835FFF760FD83
:108B000055F8082C55F8043C083EC9F80020C9F86F
:108B10000430E1D1D7E76FF03100D5E72DE9F04F10
:108B200091F801E008304A7900250F784FEA0E43AA
:108B30000C79120443EA076ECB79CF7842EA0462DB
:108B40008C794EEA07071A4391F802E042EA0424BE
:108B5000CB4E47EA0E2383EA141202F00F32534041
:108B600084EA021283EA020101F010314B405140C5
:108B7000C1F3436E0A0F03F00F04C3F3036C06EB5B
:108B8000820206EB8E0ED2F8408906EB840406EBD7
:108B90008C0CDEF840E95F0FD4F80099C1F3430272
:108BA000DCF8004906EB87074EEA081CC1F3432EA8
:108BB00006EB8208C3F3032244EAC904D7F80099FC
:108BC00006EB8E0ED8F8407944EA091406EB8202CF
:108BD000DEF84099C1F3434E4CEAC708D2F80029A9
:108BE000C3F3034C06EB8E0E44EA820748EA89047D
:108BF000DEF8408906EB8C02C1F3031EC3F3431C6D
:108C000044EA480406EB8E0ED2F80029DEF84089CB
:108C100047EA4202C1F3033E06EB8C07C3F3433C31
:108C2000C1F30351D7F80079C3F3435306EB8C0C1F
:108C300006EB8E0E42EAC717DCF8009906EB8303B9
:108C4000DEF8402944EAC81406EB8101D3F800C9D4
:108C500044EA821447EA8913D1F8402943EA4C13C5
:108C600044EA421223F0704322F07042082D18BFEC
:108C7000012D40F3FA800F2D00F0F7809C0E910E2D
:108C800044EA830341EA820223F0704322F07042F7
:108C9000D90302F400771E0102F480791C0701F069
:108CA000005C4FEA434B06F0105604F080544FEA44
:108CB000833A0BF0805B4FEA834826439C024BEAE1
:108CC0000C0C0AF0006A04F0006E46EA09094CEA4E
:108CD000070C9F0549EA0A0908F002784CEA0E0CD5
:108CE00007F080664FEA930E49EA08084FEA831AB4
:108CF0004CEA06070EF000794FEA432B5E000AF0BB
:108D0000807A47EA09074FEAC32C48EA0A0A06F0C4
:108D1000807E0BF400181E044FEA530B47EA0E0E38
:108D20004AEA080806F400160BF4801B04F48024B9
:108D30004EEA060E4FEAC30948EA0B0B0CF4801CFE
:108D40004FEA830801F400314BEA040B4EEA0C0CA5
:108D500008F4003609F4002E9F0A01354FEA9319F2
:108D60004BEA06084CEA0E0C07F48037560B09F460
:108D7000802948EA07074FEA12184CEA090906F465
:108D800000564FEA131C08F480583E4349EA01019B
:108D90000CF4803C4FEA821E970846EA08080EF45D
:108DA000006E41EA0C0107F400575608140248EA25
:108DB0000E0839434FEA923E06F4806604F480546C
:108DC00040F608090EF4007748EA06060C430EEA5E
:108DD00009094FEA52184FEA522C3E4344EA09016E
:108DE00008F02008970A0CF4806C4FEAC21E46EA8D
:108DF000080607F010074FEAD20941EA0C010EF409
:108E0000807E4FEAD21A46EA070841EA0E0E09F0C0
:108E10000806970C0AF0200A48EA060809F011092A
:108E200007F00407960E4EEA0A0E940048EA070778
:108E300006F002064EEA090E04F00404510D3E430A
:108E40004EEA0404C2F3006701F00201102D46EA65
:108E5000070600F1080041EA040140F8106C40F8F0
:108E60000C1C7FF403AFBDE8F08FDC0ED10E44EA9A
:108E7000430341EA420223F0704322F0704207E7C5
:108E8000A4B0026008B5FFF749FE002008BD00BF8E
:108E900038B50446FFF742FE04F140052046221D86
:108EA00023469C6F083052F8041C083B42F8044CDF
:108EB0000832D3F88440C3F8801050F8041C40F8FE
:108EC000044CA842C3F88410EBD1002038BD00BF89
:108ED000F8B515460C4607461146FFF71FFE05F18B
:108EE000080104F18000FFF719FE3B46A646214623
:108EF00038460022856FAEF1080E0838083344F872
:108F000022500831D0F8845041F8045CDEF800515A
:108F100053F8046C9D67DEF80451DD6757F8225062
:108F2000C3F8FC60C3F8F85054F82260023251F8DC
:108F3000045C202AC1F8F860C1F8FC50DAD1F8BD11
:108F400000B5E1B00A466946FFF7C2FF68464FF434
:108F5000C07108F003FE002061B05DF804FB00BFA3
:108F600000B5E1B00A4601466846FFF7B1FF684622
:108F70004FF4C07108F0F2FD002061B05DF804FB11
:108F800070B516460D4604461146FFF7C7FD05F1BC
:108F9000800006F10801FFF7C1FD06F1100104F59C
:108FA0008070FFF7BBFD29462046A4F180052346CB
:108FB0000A46D3F87841083B083908301460083273
:108FC000D3F8844142F8044CD1F800418467D1F8C9
:108FD0000441C467D3F88040C2F8F840D3F8844015
:108FE0009D42C2F8FC40E4D170BD00BF00B5E1B0C5
:108FF0000A466946FFF7C4FF68464FF4C07108F09F
:10900000ADFD002061B05DF804FB00BF00B5E1B02C
:109010000A4601466846FFF7B3FF68464FF4C07141
:1090200008F09CFD002061B05DF804FB0021802267
:109030002DE9F04FADF5697D0E468246DFF82C93A1
:1090400008A802ACDFF8288319F0EEFD28A84FF439
:10905000C072314619F0E8FD771006F0010BBAF145
:10906000000F0FD07A1C002FBC48C2EBC2020CBF0D
:1090700020213321BBF1000F0CBF4B464346D200E9
:1090800019F0E6FDB64A731E92E8030084E8030077
:10909000042B00F29080DFE813F089007D0071005E
:1090A0000500400188AD28A9AE4A2846FFF768FFB1
:1090B00028464FF4C07108F051FD42F2107503E0EC
:1090C000FFF706F9013D0BD02246214608A8002FE4
:1090D000F6D02246214628A8FFF772FA013DF3D1C7
:1090E000BBF1000F40F000819F490822204601EBB0
:1090F000C70119F0D9FD002840F00981BAF1000F2D
:1091000040F0F4800136062EA6D1BAF1000F40F0EF
:1091100020814FF0000B0DF1180804AD4FEA6B07EA
:109120000BF00109BAF1000F10D07A1C002F8F4B01
:10913000C2EBC2028E4E0CBF202133218D48B9F103
:10914000000F18BF3346D20019F082FD8A4A0BF196
:10915000FF3392E80300503A88E8030085E80300F3
:1091600092E8030084E80300042B00F2AC80DFE8FF
:1091700013F0A500AF0072002700E40088AD28A816
:10918000784A2946FFF7A4FE28464FF4C07108F03C
:10919000E5FC92E788AD28A9724A2846FFF798FEB9
:1091A00028464FF4C07108F0D9FC86E76D4908A83D
:1091B000FFF7B4FC81E76B4908A8FFF769FE7CE77D
:1091C00088AE28A9674A3046FFF7DAFE30464FF4EA
:1091D000C07108F0C3FCB9F1000F4AD142F2107619
:1091E00004E00094FFF790F9013E0FD043460822B7
:1091F000394608A80194002FF3D043460094082272
:10920000002128A8FFF72EFC013EEFD15B49082280
:10921000204601EBC70119F047FD002877D1BAF1CC
:10922000000F40F086800BF1010BBBF1060F7FF4BD
:1092300075AFBAF1000F40F0A98008A8802108F0AE
:109240008DFC28A84FF4C07108F088FC50460DF53D
:10925000697DBDE8F08F88AE28A8424A3146FFF705
:1092600037FE30464FF4C07108F078FCB9F1000FBA
:10927000B4D042F2107988AE11E00094FFF744F9BF
:10928000B9F1010995E8030086E8030094E80300BA
:1092900085E8030096E8030084E803002AD04346EB
:1092A0000822012108A80194002FE6D0434600942B
:1092B0000822012128A8FFF7D5FBE1E7294908A8E2
:1092C000FFF72CFC87E7274908A8FFF7E1FD82E7B5
:1092D00088AE28A9234A3046FFF7FAFD30464FF4FE
:1092E000C07108F03BFC76E72549FEE6254819F0F9
:1092F000E7FC07E795E80300234B082284E8030016
:1093000003EBC701204619F0CFFC002887D0BAF143
:10931000000F41D14FF0010A8FE788AD28A8114A0C
:109320002946FFF72DFE28464FF4C07108F016FCC1
:10933000C3E6144819F0C4FC75E788AE28A8094AAA
:109340003146FFF71DFE30464FF4C07108F006FCB1
:1093500041E70A2019F0BCFCDBE600BF9C1F00209F
:1093600024BA02602CBA026044BA02607817002066
:109370007C170020B41F002074BA026094BA026007
:109380005CBA0260A01700207CBA02600A204FF08D
:10939000000A19F09DFC50E702484FF0010A19F04D
:1093A0008FFC4AE7F01700200B6870B5D41A012C27
:1093B00015DD1C789E1C5B78921B0E6043EA04242A
:1093C00094420CDC0D4622463146FAF7FDFD18B9F1
:1093D0002B681C442C6070BDA0F5445070BD014842
:1093E00070BD00BF80CFFFFF70B586B006460D464A
:1093F0006846FAF7DDFB03A8FAF7DAFB68460221B4
:10940000FAF740FD044640B16846FAF7D9FB03A8D5
:10941000FAF7D6FB204606B070BD2946022203A803
:10942000FBF744F904460028EED169463046FAF7C6
:1094300097FF002805DB304603A9FAF791FF0028C3
:10944000E2DD014CE0E700BF80CFFFFF7C2200217E
:1094500019F0EABB2DE9F041061D05460C461746FA
:109460003046FFF7A1FF18B103461846BDE8F0816A
:109470003A46214605F11000FFF796FF0028F3D188
:1094800005F134083A4621464046FFF78DFF002893
:10949000EAD140463146FFF7A7FF044608B103462C
:1094A000E3E73046FAF78AFD23462860DDE700BF90
:1094B0002DE9F04F041D87B006468B46204600215B
:1094C00017469846FAF7BEFF00283DD006F11C0962
:1094D0004FF00C0A119B5946109A4846FBF7EEFFD5
:1094E00018B129E0FAF71EFE30BB21464846FAF7CC
:1094F00037FF00284FF001014846F3DABAF1010ABC
:1095000020D02146FFF770FF0028E3D106F14C037D
:1095100006F1280A06F1100B054600934A4650460C
:1095200059462346FBF7FCFD30B921465046FFF76C
:109530005BFF58B1054601E0A0F54655284607B047
:10954000BDE8F08F264DF9E7264DF7E7BB1C204616
:109550000293FAF733FD81465846FAF72FFD029041
:109560005046FAF72BFD4A460390B91C2046FAF7FD
:1095700061FD0028E0D1BB1C4FEA192287F8019059
:1095800058464B443A70029A991C05930491FAF795
:1095900051FD059B0028CFD10299BC1C0498039A69
:1095A00000EB010B090A504604F809100BF1020AFE
:1095B0009DF8084051465C70FAF73CFD0028BBD18D
:1095C000039802998244020A049BC7EB0A075A5483
:1095D0008BF80100C8F80070C6F80090AEE700BF35
:1095E00080CEFFFF80CFFFFF002A18BF0029F8B50B
:1095F0001AD0C8B1071D054616463846FAF762FB71
:10960000044618B1A4F556542046F8BD314605F17C
:109610001000FAF757FB04460028F3D13846FAF752
:10962000CDFC28602046F8BD004CEDE780CFFFFF61
:1096300068B162B110B50468A24206D83430FAF7B6
:10964000C3FC18B1A0F5485010BD024810BD014838
:10965000704700BF80CFFFFF2DE9F04F83B0002897
:1096600053D0B3FA83F46409002C4ED10568AB42A1
:109670004BD8051D06468846214628461F46934678
:10968000FAF7E0FE002840D006F11C044FF00C0968
:109690000D9B41460C9A2046FBF710FF18B12EE0B7
:1096A000FAF740FD58BB29462046FAF759FE002834
:1096B0004FF001012046F3DAB9F101092BD0294618
:1096C000FFF792FE82460028E2D106F14C0306F134
:1096D0002808224606F11001009340462B46FBF76E
:1096E0001FFD60B929464046FFF77EFE08B182465D
:1096F00007E03A4659464046FAF79CFC08B1A0F507
:109700004A5A504603B0BDE8F08FDFF810A050462B
:1097100003B0BDE8F08FDFF808A0F2E780CFFFFFCD
:1097200080CDFFFF2DE9F04F87B000286ED0046890
:1097300094426BD8061D00F1340904460F46484692
:1097400031469846FFF750FE20B10446204607B048
:10975000BDE8F08F03A8FAF72BFA109B002B00F05E
:10976000908004F11C0A04F1700550462946FAF76E
:10977000F7FD00283CD104F1580501212846FAF7ED
:1097800061FE002840F0A5804FF00C0B3046FAF740
:1097900015FC119B0146109A2846FBF78FFE18B165
:1097A0002BE0FAF7BFFC40BB31462846FAF7D8FD5C
:1097B00000284FF001012846F3DABBF1010B00F05D
:1097C000A880FAF73FFE0028E0DD04F1640B324682
:1097D00029465846FCF70AF978B904F14C0033469B
:1097E0005246594600905846FBF79AFC00B304E0F5
:1097F00028465146FAF766FA50B1A0F54C5403A832
:10980000FAF7DEF9204607B0BDE8F08F424C9DE73D
:1098100004F1580501212846FAF734FB0028ECD161
:1098200004F1640B01215846FAF72CFB0028E4D11F
:109830002A46494603A8FAF751FF0028DDD103A9BB
:1098400032460846FBF7F8FA0028D6D104F1400565
:109850004C34524633460094284603A9FBF760FC7B
:109860000028CAD15A4629462846FAF737FF002869
:10987000C3D1324629462846FBF7DEFA0028BCD180
:1098800013E0494603A8FAF71DFA0028B5D104F100
:109890004C0104F14005334604F11C0200912846B6
:1098A00003A9FBF73DFC0028A7D12846FAF786FB61
:1098B000024639462846C8F80020FAF7BBFB0446A2
:1098C00003A8FAF77DF9002C3FF440AFA4F54C54FF
:1098D0003CE72A4629462846FAF700FF00288CD1A3
:1098E000324629462846FBF7A7FA002885D104F11D
:1098F000640B5A4659465846FAF7F0FE00287FF4A2
:109900007CAF324659465846FBF796FA00288FD06E
:1099100073E7024C73E700BF80CFFFFFF2CCFFFF7D
:1099200010B504467030FAF74BF904F16400FAF709
:1099300047F904F15800FAF743F904F14C00FAF73B
:109940003FF904F14000FAF73BF904F13400FAF76B
:1099500037F904F12800FAF733F904F11C00FAF79B
:109960002FF904F11000FAF72BF9201DFAF728F966
:1099700020467C21BDE8104008F0F0B82DE9F04108
:109980008EB006460C4608A8059205F0B7FF05996B
:1099900019B1631813F8013C63B32144302306AABC
:1099A00007A80794F9F796F8B0B1A0F54E5508A8A6
:1099B00006F07AF94DB928460EB0BDE8F08110F5F1
:1099C000845F53D008A806F06FF93046FFF7A8FF70
:1099D00028460EB0BDE8F081079C371D069B07A8FE
:1099E0003A461C442146F9F799F9054698B1A5F580
:1099F0004E55DCE705AA0193009308A8029223467E
:109A00001B4A1C4905F080FF05460028D7D109995B
:109A1000089C0591C1E706F11002214607A8F9F755
:109A20007DF905460028E2D1079B9C4216D00BA881
:109A3000FAF7BEF80BAA214607A8F9F76FF9804696
:109A40000BA8FAF7BDF8B8F1000F02D0A8F54E55F3
:109A5000ADE7079B9C4201D0074DA8E73846FAF7CF
:109A6000ADFA306008A806F01FF9A4E7059994E75D
:109A7000CC1F0020E81F00201ACCFFFF10B5A0B0BB
:109A800004467C22002101A819F0CEF86CB9FB2213
:109A90000F4901A8FFF772FF041C18BF012401A899
:109AA000FFF73EFF204620B010BD0A4819F0D0F85D
:109AB000FB22074901A8FFF761FF044620B10648D1
:109AC000012419F0FDF8EAE7044819F0F9F8E6E78F
:109AD000ACBA026008200020F017002034180020E3
:109AE00002F09EB92DE9F0418CB016460546884635
:109AF00003A81F4601F074F93146284601F0AAFD7B
:109B0000044630B103A801F093F920460CB0BDE83B
:109B1000F081139B2846129A03A9019333460092C1
:109B20003A4602F095F804460028EBD103A801F06C
:109B300043FC28B9404603A9FAF7C4F80446E1E714
:109B4000004CDFE780B0FFFF4FF49A72002119F05C
:109B50006BB800BF08B310B5044601F079F904F101
:109B6000880001F065F904F1AC0001F061F904F13D
:109B7000E00001F05DF904F5827001F059F904F19B
:109B80007C00FAF71DF804F1D000FAF719F804F593
:109B90009470BDE81040FAF713B870472DE9F04310
:109BA00085B0002837D0856D0446002D33D000F1F4
:109BB000880699460D9B90460F463246009300F169
:109BC0007C010C9B02F02CF9054618B1284605B023
:109BD000BDE8F0834B46424602A9204601F014FD41
:109BE00020B10546284605B0BDE8F083029B31460A
:109BF000D4F8DC20204608EB0306C3EB090403ABD2
:109C00000194009601F0BCFC0028EAD1029A039B63
:109C100013443B60DAE7014DD8E700BF80B0FFFF97
:109C200070B515460A680C460646AA1A01F0C0FC33
:109C300000B170BD2368224606F1AC013046EB1A34
:109C4000BDE8704001F082BC70B5144605460E4672
:109C500001F058F948B9012C10D0BCB906F18801BF
:109C600005F1880001F036F900B170BD06F17C0104
:109C700005F17C00BDE87040FAF724B806F18801D0
:109C800005F1AC00BDE8704001F024B90048ECE7F4
:109C900080B0FFFF2DE9F04182B01E46DDF824E0E0
:109CA000089BE8B1876D0446D7B100F188071546D7
:109CB0008846CDF800E000F17C013A4602F0B0F8A9
:109CC00010B102B0BDE8F081D4F8DC20434639463B
:109CD00020460996089502B0BDE8F04101F050BC5D
:109CE0000048EEE780B0FFFF30B583B0019170B15E
:109CF00015460C46134600F1AC0101AA01F026FC02
:109D000018B90199091B8D4201D103B030BD01483A
:109D1000FBE700BF80B0FFFF2DE9F04182B0DDF826
:109D200020E0DDF824C040B300F1D0081D461746FE
:109D30000E46CDF804C000F17C03CDF800E04146AA
:109D400000F1AC020446FFF7CDFE10B102B0BDE851
:109D5000F0814046FAF732F9A8420ED8A26D394692
:109D6000404612F0070318BF012303EBD202326012
:109D700002B0BDE8F041FAF75DB90148E6E700BF7F
:109D800080B0FFFFF8B5C46D05460E46084607349F
:109D90001146E4089C4228BF1C462246FAF714F9F3
:109DA0000746C0B9E400E96D8C420DD84C35304609
:109DB0002946FAF7D5FA00280DDB2A463146304607
:109DC000BDE8F840FAF732BC611A3046FAF7AAF952
:109DD0000028EBD007463846F8BD00BF2DE9F04F0C
:109DE000456D97B0DDF88C80002D00F0CA800C46E0
:109DF00005460121184699469346FAF723FB0028A9
:109E000045DB05F14C0648463146FAF7A9FA002829
:109E10003DDA0C230DA8029300F0E2FF04A8F9F745
:109E2000C7FE07A8F9F7C4FE0AA8F9F7C1FECDF8E6
:109E30008C80B046239E0C2702E0FAF703FB50BB50
:109E40000DAA04A900962846229B01F0E9FF42468C
:109E50000DA9D0B92046FAF7EFFFB0B9013F01468E
:109E60002046EAD1484B0DA8029300F0E1FF04A878
:109E7000F9F7A6FE07A8F9F7A3FE0AA8F9F7A0FECE
:109E8000029B184617B0BDE8F08F0346EBE73F484A
:109E900017B0BDE8F08F219B07A9209A2846FFF74D
:109EA00071FF03460028DED14FF01F0AEF6D3346E5
:109EB000229A0AA80737FF083946FBF7FFFA00285D
:109EC000E3D1E96D0AA8C1EBC701FAF72BF901212B
:109ED0000028DAD1BAF1010A0AA850D0FAF7B2FA8A
:109EE000002841460AA8E1DBFAF73AFA0028DDDA51
:109EF0004A4621465846FAF7F1FB03460028B2D1FC
:109F000007A95A460846FAF769FB03460028AAD172
:109F100007A90AAA0846FAF7E1FB03460028A2D1DE
:109F200004A90AAA0846FAF7D9FB034600289AD1E1
:109F3000424604A95846FBF759FD0346002892D132
:109F400007AA59465846FAF7C9FB034600288AD1A2
:109F5000424659465846FAF76FFF0346002882D119
:109F6000029A013A02923FF47DAF014603905846AF
:109F7000FAF768FA039B00283FF45DAF73E70248E5
:109F800080E703487EE700BF00B3FFFF80B3FFFF19
:109F900080B0FFFF2DE9F047B8B0064688469146ED
:109FA0009DF808011F46F46D04F080F9002841D0A7
:109FB0000734824604A8E408F9F7FAFD1FA803F065
:109FC000C5FE07A922463846FAF734F8054648B1D7
:109FD0001FA804F013F804A8F9F7F2FD284638B0DA
:109FE000BDE8F087419B04A9409A3046FFF7CAFEBE
:109FF00005460028ECD107AB224604A81919FAF748
:10A0000019F805460028E3D1630007AA51461FA8A6
:10A0100003F0F4FE084C419A1FAB4099304603937D
:10A020003B4601924A46009141460294FFF7D6FE14
:10A030000546CDE70148D2E7E9DF006080B0FFFFC9
:10A040002DE9F04399B005461F4688460FA8914672
:10A0500000F0C6FE03A8F9F7ABFD06A8F9F7A8FDC6
:10A0600009A8F9F7A5FD0CA8F9F7A2FD6B6D002B67
:10A0700000F0878001212098FAF7E4F9002807DB37
:10A0800005F14C0620983146FAF76AF9002813DBEF
:10A090003D4C0FA800F0CCFE03A8F9F791FD06A8EF
:10A0A000F9F78EFD09A8F9F78BFD0CA8F9F788FDE3
:10A0B000204619B0BDE8F08301212198FAF7C2F9D2
:10A0C0000028E5DB31462198FAF74AF90028DFDA63
:10A0D0003946284601F0BEFA04460028D9D14B463D
:10A0E000424603A92846FFF74DFE04460028D0D17A
:10A0F0003246219906A8FBF779FC04460028C8D10E
:10A1000006AA03A909A8FAF7E9FA04460028C0D16B
:10A1100009A932460846FAF78FFE04460028B8D14E
:10A1200006AA20990CA8FAF7D9FA04460028B0D15B
:10A130000CA932460846FAF77FFE04460028A8D14B
:10A140000CAA019705F12803284600920FA909AA35
:10A1500001F0E2FD044600289BD10FA801F02CF984
:10A16000002895D10FA932460846FAF765FE044645
:10A1700000288ED120990FA8FAF7F2F8002888D08D
:10A1800086E7024895E700BF00B2FFFF80B0FFFFFF
:10A19000F0B5A7B004460F4615461E4605A8F9F7C8
:10A1A00007FD08A8F9F704FD04F17C032046029797
:10A1B000019608AA009505A9FFF7ECFE044640B1F8
:10A1C00005A8F9F7FDFC08A8F9F7FAFC204627B026
:10A1D000F0BD0DF1950326AD08AA0BA945F8883D01
:10A1E0002846F8F719FF061E21DB05AA0BA9284609
:10A1F000F8F712FF002818DB06440BA92846324660
:10A20000F8F76EFE071E14DB0BA928463022F8F77C
:10A21000DDFE031E0FDB3E4404992C981E4432469B
:10A2200018F00EFD2D9B1E60CAE70446C8E73446B1
:10A23000C6E73C46C4E71C46C2E700BF70B584B021
:10A2400000249DF82450089E009313460A46294690
:10A25000019603940294FFF79BFF04B070BD00BF0A
:10A26000F0B58BB004460E461746109D04A8029325
:10A270001D44F9F79DFC07A8F9F79AFC294602A8A6
:10A28000302303AAF8F726FC50B9029A039B134423
:10A290009D4210D104AA294602A8F8F73FFD60B1FB
:10A2A000A0F59F4404A8F9F78BFC07A8F9F788FCF0
:10A2B00020460BB0F0BD0E4CF4E702A807AA2946D1
:10A2C000F8F72CFD0028EBD107AB20463A46314683
:10A2D000019304AB009304F18803FFF7B1FE044639
:10A2E0000028DFD1029A034B954218BF1C46D9E7DC
:10A2F0001AB0FFFF00B4FFFF70B582B015461E46CE
:10A30000044602F06DFE10B1012002B070BD00964F
:10A310002B4604F1880204F17C01204601F080FD07
:10A32000003018BF012002B070BD00BF70B50546F7
:10A330000E4600F0E7FD044638B906F17C0105F150
:10A340007C00F9F7BFFC044620B1284600F0B2FDBE
:10A35000204670BD06F1880105F1880000F0BAFDC5
:10A3600004460028F1D1F3E700F050BD00F0A2BD93
:10A3700038B54B6E0446A3B303680D46002B29DBAA
:10A380002046F9F7F3FDAB6DB0EB430F27D86B6EAA
:10A3900020469847E8B9043508E0FAF753F82A460A
:10A3A000214660B12046FAF719F990B923680021D7
:10A3B00020468B42F1DB02E0FAF7C8F848B929469B
:10A3C0002046F9F7CDFF00282A4621462046F3DA39
:10A3D000002038BD0021FAF735F80028D0D0044815
:10A3E00038BD0A1D0146BDE83840FAF725BD00BF5B
:10A3F00080B0FFFF2DE9F0410E4686B007460021F0
:10A4000006F118052846FAF71DF810B906B0BDE8A0
:10A41000F0816846F9F7CCFB03A8F9F7C9FB684659
:10A420003A1D2946FBF7E2FA044648B16846F9F7B7
:10A43000C7FB03A8F9F7C4FB204606B0BDE8F081CE
:10A440006A46694603A8FAF749F904460028EDD19F
:10A45000394603A8FFF78CFF04460028E6D1DFF851
:10A46000948003AA31463046D8F800300133C8F84A
:10A470000030FAF733F904460028D7D13946304680
:10A48000FFF776FF04460028D0D1D8F800300C360C
:10A4900003AA013331463046C8F80030FAF71EF9F6
:10A4A00004460028C2D139463046FFF761FF044612
:10A4B0000028BBD1D8F800306A4631463046013317
:10A4C000C8F80030FAF70AF904460028AED1394638
:10A4D0003046FFF74DFF04460028A7D1D8F80030DA
:10A4E000012128460B44C8F80030F9F7CBFC04469C
:10A4F0009CE700BFA0AE002070B584B0054601F116
:10A500000C04164601A8F9F753FB291D224601A8A1
:10A51000FAF78CF8054668B901462046F9F792FF2C
:10A5200001A900280CBF002206F001022046F9F71D
:10A5300029FC054601A8F9F743FB284604B070BD85
:10A540002DE9F04FBD4C8DB006468846236868461D
:10A55000154601332360F9F72BFB03A8F9F728FB15
:10A5600006A8F9F725FB09A8F9F722FBB369002B28
:10A5700000F0FA802A46294603A8FAF7AFF8044605
:10A5800078B16846F9F71CFB03A8F9F719FB06A890
:10A59000F9F716FB09A8F9F713FB20460DB0BDE843
:10A5A000F08F314603A8FFF7E3FE04460028E8D108
:10A5B000DFF88C92032203A96846D9F800300133F2
:10A5C000C9F80030FAF7FCF904460028D9D1371D44
:10A5D00004E0F9F7BBFF04460028D2D139466846AB
:10A5E000F9F7BEFE00283A4669466846F1DA06F1F8
:10A5F000100A00215046F9F725FF002840F032816B
:10A6000005F10C0A06A852465146FAF767F80446C7
:10A610000028B6D1314606A8FFF7AAFE0446002856
:10A62000AFD1D9F80030012106A80B44C9F8003099
:10A63000F9F726FD044628B1A3E7F9F787FF04469A
:10A6400000289ED1394606A8F9F78AFE06A90028F7
:10A650003A460846F1DA0A4603A82946FAF73EF8D0
:10A66000044600288DD1314603A8FFF781FE044639
:10A67000002886D1D9F80030012103A80B44C9F87D
:10A680000030F9F7FDFC044630B17AE7F9F75EFFD8
:10A69000044600287FF475AF394603A8F9F760FE39
:10A6A00003A900283A460846F0DA06AA09A8114686
:10A6B000FAF714F8044600287FF463AF314609A87E
:10A6C000FFF756FE044600287FF45BAFD9F8003050
:10A6D000012109A80B44C9F80030F9F7D1FC044660
:10A6E00030B14EE7F9F732FF044600287FF449AF56
:10A6F000394609A8F9F734FE09A900283A46084660
:10A70000F0DA6A46694606A8F9F7E8FF0446002829
:10A710007FF437AF314606A8FFF72AFE044600282B
:10A720007FF42FAFD9F8003006A903AA01330846F9
:10A73000C9F80030F9F77AFF044600287FF421AF0A
:10A74000069B002106A88B4280F2E980F9F77AFE89
:10A750003A4606A9002800F0E28006A8F9F73EFF75
:10A7600004460028ECD00CE705F1180203A81146B6
:10A77000F9F7B4FF044600287FF403AF314603A87D
:10A78000FFF7F6FD044600287FF4FBAEDFF8B0903B
:10A7900003AA294606A8D9F800300133C9F80030C9
:10A7A000F9F71CFF044600287FF4EBAE371D05E0E7
:10A7B000F9F7CCFE044600287FF4E3AE394606A83C
:10A7C000F9F7CEFD06A900283A460846F0DA03AAB2
:10A7D000294609A8F9F72AFF044660B1D1E6F9F73E
:10A7E00031FE3A4609A958B109A8F9F7F7FE04461F
:10A7F00000287FF4C6AE099B002109A88B42EEDB3E
:10A8000009AA06A903A8F9F769FF044600287FF4FE
:10A81000B8AE314603A8FFF7ABFD044600287FF42D
:10A82000B0AED9F80030032203A968460133C9F855
:10A830000030FAF7C5F8044650B1A2E6B8A70020E8
:10A84000A0AE0020F9F782FE044600287FF499AEFE
:10A8500039466846F9F784FD00283A466946684655
:10A86000F0DACDE605F1180203A81146F9F736FF34
:10A87000044600287FF485AE314603A8FFF778FD33
:10A88000044600287FF47DAED9F8003003AA06A85C
:10A89000DFF8E0B101331146C9F80030F9F71EFFC7
:10A8A000044600287FF46DAE314606A8FFF760FD30
:10A8B000044600287FF465AEDBF80030524606A956
:10A8C00003A80133CBF80030F9F708FF044600284D
:10A8D0007FF457AE314603A8FFF74AFD044600282F
:10A8E0007FF44FAEDBF8003003AA694668460133B7
:10A8F000CBF80030F9F772FE044630B141E6F9F7C3
:10A9000025FE044600287FF43CAE39466846F9F738
:10A9100027FD00283A4669466846F0DA70E606A93F
:10A9200003AA0846F9F782FE044600287FF429AE00
:10A93000069B002106A88B420BDAF9F783FD3A4605
:10A9400006A930B106A8F9F749FE04460028EFD061
:10A9500017E603A906AA0846F9F768FE0446002888
:10A960007FF40FAE039B002103A88B420BDAF9F7AB
:10A9700069FD3A4603A930B103A8F9F72FFE044652
:10A980000028EFD0FDE503A96A460846F9F7A6FEC0
:10A99000044600287FF4F5AD314603A8FFF7E8FC34
:10A9A000044600287FF4EDADD9F8003003A909AAC8
:10A9B00001330846C9F80030F9F738FE044600288C
:10A9C0007FF4DFAD039B002103A88B420BDAF9F77C
:10A9D00039FD3A4603A930B103A8F9F7FFFD044653
:10A9E0000028EFD0CDE505F11802514609A8F9F786
:10A9F00075FE044600287FF4C4AD314609A8FFF770
:10AA0000B7FC044600287FF4BCADD9F80030012122
:10AA100009A80B44C9F80030F9F732FB04460028B6
:10AA20007FF4AFAD394609A8F9F79AFC09A90028C7
:10AA30003A46084605DBF9F789FD04460028F1D0BF
:10AA40009FE506A94046F9F73DF9044600287FF442
:10AA500098AD03A908F10C00F9F734F90446002871
:10AA60007FF48FAD08F1180009A9F9F72BF9044616
:10AA700087E500BFA0AE00202DE9F04F012A8DB080
:10AA8000019140F2138180460C211046144618F0C3
:10AA9000EFF805460090002800F00E8103A8F9F7B2
:10AAA00087F806A8F9F784F809A8F9F781F8019E54
:10AAB000284631681831F9F705F98346002840F037
:10AAC000DC8005F10C0A7D4F012556F8042FAAF110
:10AAD0000C01504601351832DFF8E091F9F7FEFD20
:10AAE00041468346002840F0C88050460AF10C0ACF
:10AAF000FFF73EFC8346002840F0BF803A68AC4236
:10AB000002F101023A60E0D104EB4405009B08F138
:10AB1000040203A8AD00A5F10C011944FAF766FF81
:10AB20008346002840F0A980A5F11806019A009BF1
:10AB3000671E02EB840A4D461E44002F00F09680EB
:10AB4000324603A906A8F9F7C9FD8346002840F05C
:10AB50009480414606A8FFF70BFC8346002840F08E
:10AB60008C80D9F8003003A95AF8042C0133084628
:10AB70001832C9F80030F9F7B1FD834600287CD1BE
:10AB8000414603A8FFF7F4FB8346002875D12B68E4
:10AB900001332B6006AA09A81146F9F79FFD8346E9
:10ABA00000286AD1414609A8FFF7E2FB8346002846
:10ABB00063D1D9F8003009AA5AF8041C01330846B9
:10ABC000C9F80030F9F78AFD8346002855D141467F
:10ABD0005AF8040CFFF7CCFB834600284DD15AF8F5
:10ABE000041C09AA2B680C31013308462B60F9F7C5
:10ABF00075FD8346002840D15AF8040C41460C30BC
:10AC0000FFF7B6FB8346002837D15AF8041C06AA82
:10AC10002B680C31013308462B60F9F75FFD834642
:10AC200058BB5AF8040C41460C30FFF7A1FB834691
:10AC300018BB2B68D8F8081001335AF8040C2B60A5
:10AC4000F9F702F88346C0B95AF8040CD8F808108E
:10AC50000C30F8F7F9FF834678B95AF8040D0C3E2A
:10AC60001830F8F7ADFF47B1013F66E703A906A822
:10AC7000F9F728F8834600288CD003A8009EF8F73F
:10AC80009FFF06A8F8F79CFF09A80025F8F798FF92
:10AC900001353046F8F794FF0C36AC42F8D10098F5
:10ACA00017F0C6FF58460DB0BDE8F08F0968FFF7F2
:10ACB000A1FB0DB0BDE8F08F0148F4E7A0AE002085
:10ACC00080B2FFFF2DE9F84F0E46994682461546A1
:10ACD000C3F3450701F10C084FF0000B5FFA8BF44A
:10ACE000294630460BF1010BE41BB4FA84F46409E5
:10ACF0002246F9F747F805F10C012246243570B9D0
:10AD00004046F9F73FF850B9BBF1020FE6D14FEAE0
:10AD1000D91231465046BDE8F84FFFF7EDBBBDE80C
:10AD2000F88F00BF00487047A8BB026070B40B4D9D
:10AD30002B6883B90A4E032204240A49304601E0F5
:10AD400014460A7B013300F8014B0C31002AF7D17D
:10AD50000121F2542960024870BC70475CAE0020AB
:10AD600030AA0020A8BB026004280CD00323074AA5
:10AD700002E0834205D0137B0C32002BF9D1184638
:10AD80007047104670470148704700BFA8BB02607B
:10AD900018280DD00322074B03E05A88824205D0C1
:10ADA0001A7B0C33002AF8D11046704718467047BA
:10ADB00000487047A8BB026038B50546064C0748F6
:10ADC00003E014F80C0F30B1A068294617F048FFD3
:10ADD0000028F6D1204638BDA8BB02602020002004
:10ADE00068B110B50446F8F7E3FE04F10C00F8F77B
:10ADF000DFFE04F11800BDE81040F8F7D9BE704737
:10AE000018B17C22002117F00FBF704778B17C2267
:10AE1000002110B5044617F007FF04F17C00F8F795
:10AE2000C7FE04F18800BDE81040FFF7D9BF7047A6
:10AE300068B110B50446F8F7C3FE04F10C00F8F74A
:10AE4000BFFE04F11800BDE81040F8F7B9BE704726
:10AE500070B3036E012B70B5044612D00430F8F7BE
:10AE6000AFFE04F11000F8F7ABFE04F11C00F8F798
:10AE7000A7FE04F12800FFF7DBFF04F14C00F8F710
:10AE80009FFE606F70B1A36F53B100252E4628441A
:10AE90000136FFF7CDFFA36F2435606FB342F6D8BC
:10AEA00017F0C6FE20467C21BDE8704006F056BE75
:10AEB000704700BF68B110B50446FFF7C9FF04F141
:10AEC0007C00F8F77DFE04F18800BDE81040FFF734
:10AED000AFBF704738B504460D46F8F7F3FE00B132
:10AEE00038BD05F10C0104F10C00F8F7EBFE002869
:10AEF000F6D105F1180104F11800BDE83840F8F763
:10AF0000E1BE00BF097802F06BB800BF10B50121A7
:10AF10000446F8F7B7FF00B110BD012104F10C00A1
:10AF2000F8F7B0FF0028F7D1014604F11800BDE89A
:10AF30001040F8F7A7BF00BF2DE9F04FDFF874E429
:10AF4000164697B08046DEF8002006F118040F463A
:10AF50000021013220461D46CEF80020F9F772FA92
:10AF6000002847D02B6A83B105F118090021484613
:10AF7000F9F768FA002844D02B6A33B1484601211A
:10AF8000F9F760FA002840F0DB8001A8F8F710FE1E
:10AF900004A8F8F70DFE07A8F8F70AFE0AA8F8F7C4
:10AFA00007FE0DA8F8F704FE10A8F8F701FE13A895
:10AFB000F8F7FEFD2246214601A8F9F78FFB8246ED
:10AFC00030B301A8F8F7FCFD04A8F8F7F9FD07A8CD
:10AFD000F8F7F6FD0AA8F8F7F3FD0DA8F8F7F0FD6D
:10AFE00010A8F8F7EDFD13A8F8F7EAFD504617B0E2
:10AFF000BDE8F08F29463846FFF76CFF17B0BDE873
:10B00000F08F31463846FFF765FF17B0BDE8F08F87
:10B01000414601A8FFF7ACF982460028D1D1DFF8FC
:10B020009093224601A904A8D9F800300133C9F849
:10B030000030F9F753FB82460028C2D1414604A8EC
:10B04000FFF796F982460028BBD1D9F8003001A954
:10B050002A4601330846C9F80030F9F73FFB82461B
:10B060000028AED1414601A8FFF782F982460028A8
:10B07000A7D1D9F8003004A905F10C020133084624
:10B08000C9F80030F9F72AFB8246002899D14146D9
:10B0900004A8FFF76DF98246002892D1D9F8003054
:10B0A00001A9324601330846C9F80030F9F7BEFA63
:10B0B0008246002885D108F104050BE0F9F7C2F9B2
:10B0C0002A4601A958B101A8F9F788FA8246002852
:10B0D0007FF477AF019B002101A88B42EEDB04A92E
:10B0E00006F10C0508462A46F9F7A0FA8246002820
:10B0F0007FF467AF08F1040B0BE0F9F7A3F95A46A8
:10B1000004A958B104A8F9F769FA824600287FF427
:10B1100058AF049B002104A88B42EEDB002101A85C
:10B12000F9F790F9014668B904A8F9F78BF90028F6
:10B1300075D1324639464046FFF702FA824640E76B
:10B140009A4854E7214601AA13A8F9F7C7FA82469C
:10B1500000287FF436AF414613A8FFF709F982466D
:10B1600000287FF42EAFD9F8003001AA07A8904C30
:10B1700001331146C9F80030F9F7B0FA82460028C9
:10B180007FF41FAF414607A8FFF7F2F88246002878
:10B190007FF417AF236801AA07A90AA80133236027
:10B1A000F9F79CFA824600287FF40BAF41460AA8C3
:10B1B000FFF7DEF8824600287FF403AF236807A973
:10B1C0003246013308462360F9F788FA82460028A0
:10B1D0007FF4F7AE414607A8FFF7CAF88246002879
:10B1E0007FF4EFAE2368022207A901A80133236090
:10B1F000F9F7E6FB824600287FF4E3AE08F1040489
:10B20000214601A8F9F7ACF801A900282246084612
:10B210000ADBF9F79BF982460028F1D0D1E63846DF
:10B22000FFF774FE8246CCE604AA0DA81146F9F792
:10B2300055FA824600287FF4C4AE41460DA8FFF7B8
:10B2400097F8824600287FF4BCAED9F800300DA9EB
:10B2500001AA01330846C9F80030F9F7E7F9824638
:10B2600000287FF4AEAE0D9B00210DA88B420BDAB7
:10B27000F9F7E8F822460DA930B10DA8F9F7AEF9B3
:10B2800082460028EFD09CE60DA90AAA0846F9F7E5
:10B29000CDF9824600287FF494AE0D9B00210DA8C5
:10B2A0008B420BDAF9F7CEF822460DA930B10DA882
:10B2B000F9F794F982460028EFD082E607A90DAA93
:10B2C0000846F9F7B3F9824600287FF47AAE079B67
:10B2D000002107A88B420BDAF9F7B4F8224607A938
:10B2E00030B107A8F9F77AF982460028EFD068E66E
:10B2F00007A904AA0846F9F7F1F9824600287FF465
:10B3000060AE414607A8FFF733F8824600287FF475
:10B3100058AED9F800300AA92A46254D013308460F
:10B32000C9F80030F9F7DAF9824600287FF449AE0F
:10B3300041460AA8FFF71CF8824600287FF441AE78
:10B340002B680AAA07A910A801332B60F9F76EF938
:10B35000824600287FF435AE109B002110A88B4256
:10B360000BDAF9F76FF8224610A930B110A8F9F7F7
:10B3700035F982460028EFD023E60DA93846F8F7C4
:10B38000A1FC824600287FF41CAE10A907F10C0036
:10B39000F8F798FC824600287FF413AE07F11800F6
:10B3A00013A9F8F78FFC82460BE600BF80B0FFFFC1
:10B3B000A0AE002040A6002008B500211830F9F703
:10B3C00041F8B0FA80F0400908BD00BF38B5044626
:10B3D0000D46F8F7C5FF70B905F10C0104F10C003A
:10B3E000F8F7BEFF38B905F1180104F11800F8F7B5
:10B3F000B7FF00B938BD014838BD00BF80B0FFFFBE
:10B4000070B51E4604460D46F9F7ECF900B170BD63
:10B410003246294604F10C00F9F7E4F90028F6D188
:10B4200004F118000121BDE87040F8F72BBD00BF02
:10B43000012A2DE9F843089FDDF824802FD80D4616
:10B44000814600211E4605F118001446F8F7FAFF60
:10B4500038B9B8F1000F38D0012338703360BDE837
:10B46000F88309F10400F8F7A9FD8146D4B9430037
:10B4700001339845336028D30423394602462846D1
:10B4800001F8013BF8F7D6FD50B909F1010105F1CA
:10B490000C004A463944BDE8F843F8F7CBBD0C48E8
:10B4A000BDE8F883431C984533600ED3002105F1B5
:10B4B0000C00F8F703FD3946831C4A46284601F87C
:10B4C000013BBDE8F843F8F7B5BD0248BDE8F88395
:10B4D00080B0FFFF00B1FFFF83B3F8B5147834B933
:10B4E000012B19D10846BDE8F840FFF70FBD1546FE
:10B4F00004301C460E46F8F761FD2B780746042BF6
:10B500001ED1430001339C4206D10246691C3046DD
:10B51000F8F75AFD10B1F8BD0A48F8BD791C3A4653
:10B5200006F10C002944F8F74FFD0028F3D106F18D
:10B5300018000121BDE8F840F8F7A4BC01487047A5
:10B540000148E8E780B0FFFF80B1FFFF012B12D96F
:10B5500070B414681646621C3260257845B15C1ED2
:10B56000A54205D854192B46346070BCFFF7B4BF10
:10B57000024870BC70470148704700BF80B0FFFFB1
:10B58000F0B583B0099C089E74B1013C771C1D4640
:10B5900001940097FFF74CFF20B92B6833702B689C
:10B5A00001332B6003B0F0BD0048FBE780B0FFFF24
:10B5B000022A21D90A68531C0B601378032B1BD174
:10B5C00030B4941CD51C0C6054780D60927842EA1B
:10B5D0000424182C0CD01946084B03E05A88A242C8
:10B5E00007D0197B0C330029F8D1054830BC7047CF
:10B5F000042130BC01F0F4BC02487047A8BB0260D3
:10B6000080B1FFFF80B0FFFF30B40578042D0CD06F
:10B6100003200E4C02E0854208D0207B0C34002829
:10B62000F9D1A0F59F4030BC7047084C0320022B95
:10B63000086008D91070002063881B0A5370638863
:10B64000937030BC70470248FBE700BFA8BB0260A4
:10B6500000B1FFFF2DE9F0410C4686B006460121FE
:10B6600004F11800F8F7EEFEB8BB336BCBB3F36B05
:10B67000BBB3014605462046F8F7E4FE00282CDB64
:10B6800004F10C0729463846F8F7DCFE002824DBD5
:10B6900006F1040820464146F8F762FE00281CDA4D
:10B6A00041463846F8F75CFE002816DA6846F8F797
:10B6B0007FFA03A8F8F77CFA3A4639466846F9F764
:10B6C0000DF8054688B16846F8F77AFA03A8F8F746
:10B6D00077FA284606B0BDE8F081474806B0BDE8D5
:10B6E000F081464806B0BDE8F08131466846FEF775
:10B6F0003FFE05460028E6D1414F2246214603A8D9
:10B700003B6801333B60F8F7E9FF05460028DAD1D2
:10B71000314603A8FEF72CFE05460028D3D13B682E
:10B72000B26901333B60002A47D003A906F1100239
:10B730000846F8F753FF05460028C4D104E0F8F79F
:10B7400005FF05460028BED1414603A8F8F708FECC
:10B7500003A9002842460846F1DA03A92246084612
:10B76000F8F7BCFF05460028ADD1314603A8FEF727
:10B77000FFFD05460028A6D13B6803A906F11C027F
:10B78000013308463B60F8F729FF054600289AD1A7
:10B7900002E0F8F7DBFE68BB414603A8F8F7E0FDDE
:10B7A00003A9002842460846F3DA6846124DF8F726
:10B7B000D7FD002808BF002585E703A90322084616
:10B7C000F8F774FF054600287FF47DAF0CE0F8F72A
:10B7D00039FE424603A90028BFD003A8F8F7FEFEB1
:10B7E000054600287FF46FAF039B002103A88B421E
:10B7F000EDDBB2E7054666E780B3FFFF80B0FFFFF1
:10B80000A0AE00202DE9F04F8846CBB019461E4669
:10B8100091460546FFF71EFF0446002840F095803C
:10B82000286B00284ED0E86B00284BD004A805F107
:10B830004C0AF8F7BDF907A8F8F7BAF921465046BF
:10B84000F8F73CFB012840F08480EF6D24210220B2
:10B85000013717F00DFA834601907F0800287AD04F
:10B860003146FFF737FB044600287CD10BF1240654
:10B8700059463046FFF72EFB044678B9002F76D0A4
:10B88000834601E05F4572D03246314628460BF1CF
:10B89000010BFEF755FE0028F4D00446019D284612
:10B8A000FFF7C6FA3046FFF7C3FA284617F0C0F98B
:10B8B00004A8F8F785F907A8F8F782F94046FFF7DA
:10B8C000B7FA20464BB0BDE8F08FFEF739FE019A7B
:10B8D00010A9002840F02A811BF807302846FFF7FE
:10B8E000F1F910AB42464146002840F01F8128463E
:10B8F000FFF722FB002840F01981013F42464146F4
:10B9000028467B1CE1D110A8FFF792FA029A414623
:10B910002846FEF7F1FD04460028BFD141462846DF
:10B92000FEF768FD019D04462846FFF781FA304680
:10B93000FFF77EFA284617F07BF904A8F8F740F9DC
:10B9400007A8F8F73DF9002CB8D120464BB0BDE868
:10B95000F08FAC48B6E704A8AB4CF8F731F907A86C
:10B96000F8F72EF9AAE7019B03F1240696E70DF5F7
:10B97000947B012228464BF8C46D5946FFF77CF8AA
:10B98000044600288AD13346019A31462846FFF7FB
:10B99000D3FA0446002881D1012259462846199637
:10B9A000FFF76AF8044600287FF478AF014648465E
:10B9B000F8F784FA4946029004A8F8F783F9044698
:10B9C00000287FF46BAF4A46514607A8F8F72EFED1
:10B9D000044600287FF462AF029B07A904A813F174
:10B9E000FF3318BF01231A460293F8F7CBF9044638
:10B9F00000287FF453AF01467A1C584617F014F91B
:10BA0000002F3BD00395DA465D4695F8009021461D
:10BA100004A8F8F753FA40EA0909391901344FFA32
:10BA200089F904A8F8F74AFAA74249EA400005F85C
:10BA3000010BEAD1039D00234FF0010E9AF801108B
:10BA40000EF1010E9AF800C081EA03020B4077451F
:10BA500002F0010154B281F001001CFB00F14CEA3C
:10BA6000C0104AB204EA020182EA040243EA010376
:10BA70008AF801200AF8010BDBB2DFD210A8FFF729
:10BA8000AFF94AAB019A41463B44284613F8C43CFF
:10BA9000FFF718F9044618B110A8FFF7C9F9FDE639
:10BAA00008F1180901214846F8F7ECF90446002886
:10BAB000F2D1549B002B3FF420AFAB6D2A1D0AA896
:10BAC0004FF00C0A07330392DB081C46F8F770F8B6
:10BAD0000DA8F8F76DF8559B2146549A0AA8F9F776
:10BAE000EDFC18B120E0F8F71DFBE8B903990AA8AE
:10BAF000F8F736FC00284FF001010AA8F3DABAF192
:10BB0000010A7CD0F8F79EFC0028E4DD0AAA494629
:10BB10004846F8F7E3FD044650B10AA8F8F750F894
:10BB20000DA8F8F74DF8B7E70446F6E70446B3E783
:10BB300048462946FEF71CFC04460028EDD1DFF8F4
:10BB4000D0900AAA0DA8D9F8003011460133C9F8DF
:10BB50000030F8F7C3FD04460028DED129460DA8C1
:10BB6000FEF706FC04460028D7D1D9F800300DAA0C
:10BB7000414640460133C9F80030F8F7AFFD0446AE
:10BB80000028CAD129464046FEF7F2FB04460028A9
:10BB9000C3D1D9F800300DA90AAA01330846C9F863
:10BBA0000030F8F79BFD04460028B6D129460DA8C1
:10BBB000FEF7DEFB04460028AFD1D9F8003008F1CB
:10BBC0000C0A0DAA013351465046C9F80030F8F767
:10BBD00085FD04460028A0D150462946FEF7C8FB43
:10BBE0000446002899D1D9F800300AA80133C9F8D1
:10BBF0000030F7F7E5FF0DA8F7F7E2FF7DE6034C0D
:10BC00004AE700BF80B0FFFF80B2FFFF00B3FFFF35
:10BC1000A0AE002038B5036B93B1C36B83B10D4662
:10BC2000044601212846F8F70DFC00280ADB04F140
:10BC30004C012846F8F794FB002803DA002038BDB1
:10BC4000014838BD014838BD80B0FFFF80B3FFFF19
:10BC50002DE9F04705460F4603F1180001211C4667
:10BC60001646DDF82080DDF82490F8F7EBFB88B964
:10BC700031462846FFF7CEFF08B1BDE8F087CDF882
:10BC800024902346CDF82080324639462846BDE828
:10BC9000F047B7E50048F0E780B0FFFFF0B5074692
:10BCA00083B00D461046012114461E46F8F7CAFB24
:10BCB00058B34FF0FF312046F8F7C4FB78B14FF08E
:10BCC000000E2246334629463846CDF804E0CDF82A
:10BCD00000E0FFF7BDFF0446204603B0F0BD31464B
:10BCE0002846FFF7F7F804460028F5D10C35014641
:10BCF0002846F8F7A7FB0028EED0391D2A4628462B
:10BD000003B0BDE8F040F8F791BC3146284603B0D7
:10BD1000BDE8F040FFF7DEB8F0B5046B8BB0B4B10E
:10BD2000C46BA4B115461E46044601A80F46FFF792
:10BD300057F82A46334601A92046FFF7AFFF0546CC
:10BD400040B101A8FFF774F828460BB0F0BD0D48CC
:10BD50000BB0F0BD119B3946109A2046FFF79EFFAD
:10BD600005460028EDD13B4601AA39462046FFF79B
:10BD7000E3F805460028E4D139462046FEF73AFBB1
:10BD80000546DEE780B1FFFF2DE9F04F056B83B07C
:10BD9000DDF83080DDF83490B5B3C46BA4B3C76D63
:10BDA000144606461F25073700F14C0B0193FF0888
:10BDB00000914FEAC70A4B46424639462046F9F7FA
:10BDC0007DFB10BBF16D2046C1EB0A01F8F7AAF923
:10BDD0000121D0B9013D20461AD0F8F733FB0028E5
:10BDE00059462046E7DBF8F7BBFA0028E3DA009B68
:10BDF000224601993046CDF83490CDF8308003B01A
:10BE0000BDE8F04FFFF724BF034803B0BDE8F08F53
:10BE1000024803B0BDE8F08F80B0FFFF00B3FFFF22
:10BE200010B582B0049C009313460A4600F1280125
:10BE30000194FFF7A9FF02B010BD00BF70B50C461A
:10BE400082B00146154620461E4601F0C9F850B999
:10BE5000019604F18803009504F17C0204F12801A5
:10BE60002046FFF791FF02B070BD00BF0378002BA2
:10BE700044D00A789A4241D12DE9F04301F1880774
:10BE8000ABB00C46054639468830F8F769FA002809
:10BE90003DD104F1940805F194004146F8F760FAA9
:10BEA000002834D104F1A00905F1A0004946F8F7B3
:10BEB00057FA054658BB264602A8FEF791FF7C229A
:10BEC00029460BA816F0B0FE16F8281B0BA801F0A7
:10BED00087F804F17C0233460195009502A90BA86E
:10BEE000FFF7B6FE044658B102A8FEF7A1FF0BA863
:10BEF000FEF7AEFF20462BB0BDE8F0830C4870473C
:10BF0000394602A8F8F72CFA28B1094CECE70848A2
:10BF10002BB0BDE8F083414605A8F8F721FA0028C8
:10BF2000F3D1494608A8F8F71BFA0028DCD0ECE763
:10BF300080B0FFFF2DE9F04FA24EC1B0054609AC1D
:10BF40000FCE0FC496E803007C2284E80300002192
:10BF500021A816F069FE0FA8FEF742FF18A8FEF709
:10BF60003FFF06A8F7F724FE21A8012101F038F8C9
:10BF70000446D0B9002D44D1022106A8F7F782FF6C
:10BF80000446002800F00F8121A8FEF761FF0FA8EA
:10BF9000FEF74EFF18A8FEF74BFF06A8F7F710FEB6
:10BFA000204641B0BDE8F08F0446002C17DAB5B149
:10BFB0002146854816F04CFE21A8FEF749FF0FA840
:10BFC000FEF736FF18A8FEF733FF06A8F7F7F8FDCF
:10BFD0000A2016F07DFE204641B0BDE8F08F21A872
:10BFE000FEF736FF0FA8FEF723FF18A8FEF720FF85
:10BFF00006A8F7F7E5FD002DEAD1204641B0BDE8DF
:10C00000F08F724816F024FE022106A8F7F73AFFD7
:10C0100004460028C9D12BAE0190009006AA3346F1
:10C0200018A921A8FFF714FE04460028BDD100235B
:10C03000DFF8A491DFF8A4811021654F06A8654AB6
:10C04000C9F80030C8F800303B60F8F7CBFB044675
:10C050000028AAD101903346009006AA0FA921A872
:10C06000FFF7F6FD044600289FD109ABD9F8002060
:10C070004FF0010A05939B4603923B68D8F80020D5
:10C080000493029200235BF8042F102106A8C9F83C
:10C090000030C8F800303B60F8F7A4FB3346044694
:10C0A00006AA0FA9002880D1019021A80094FFF7CB
:10C0B000CFFD044600287FF478AF474B039A1B68F6
:10C0C000934240F0B180454B029A1B68934240F086
:10C0D000AB803F4B049A1B68934240F0A5800AF165
:10C0E000010ABAF1060FCDD1002D7BD13A4B1021B8
:10C0F000384A06A81D60394B1D60354B1D60F8F7A6
:10C1000071FB044600287FF43FAF019518AB009502
:10C1100006AA0FA921A8FFF79BFD044600287FF47B
:10C1200033AFD9F800300126DFF8ACA00393D8F87C
:10C130000030DFF8A8B00293059C3B68049300230D
:10C1400054F8042F102106A8C9F80030C8F80030B0
:10C150003B60F8F747FB00287FF426AF019018AB4F
:10C16000009006AA0FA921A8FFF772FD00287FF40E
:10C170001BAFDAF80030039A93425ED1DBF800304F
:10C18000029A9A4259D1124B049A1B68934254D195
:10C190000136062ED3D10446002D3FF4F5AE1048EB
:10C1A00016F08EFD08E72BAE0190009006AA3346EC
:10C1B00018A921A8FFF74CFD044600287FF4E4AE3F
:10C1C00035E700BFCC0300208C1B00202C20002072
:10C1D000A0AE00206020002040A60020B8A70020CC
:10C1E000A0170020194816F06BFD194816F030FD15
:10C1F000184B194A10211C6006A8184B1C60184BDC
:10C200001C60F8F7EFFA044600287FF4CEAE0190E8
:10C2100018AB009006AA0FA921A8FFF719FD044644
:10C2200000287FF4C2AE7CE70DB90124ACE651468C
:10C230000C4816F00DFD0124BEE6002DF5D0314668
:10C24000084816F005FD0124B6E600BFA01700203F
:10C25000A420002040A6002060200020B8A70020D5
:10C26000A0AE0020942000202DE9F8430C210446C4
:10C27000F7F7BAFC002840F0C780A2680746646858
:10C2800002F1180C02F1200102EB8404664656F814
:10C29000185C043656F8043C7D191D442CBF012758
:10C2A000002746F81C5CAB4288BF01378E42EED1B6
:10C2B00002F1280502F1300E0023A84658F8286C38
:10C2C00008F1040858F8049C9B194B442CBF012624
:10C2D000002648F82C3C994594BF3346731CF04522
:10C2E000ECD13B4497684FF00008D668DB1997699A
:10C2F0002CBF4FF00109C1463B4419EB0606936081
:10C300002CBF4FF00109C146BB42D7692CBF0023A7
:10C3100001231E449E422CBF4B4609F101033E44BB
:10C32000BE4238BF0133D66051F8186C043151F861
:10C33000047C18EB06063E442CBF4FF001084FF07A
:10C34000000841F81C6CB74288BF08F101088D4213
:10C35000EAD19844A946002159F8207C09F1040942
:10C3600059F8043CC91919442CBF0126002649F884
:10C37000241C8B4294BF3146711CF145ECD11669E7
:10C380004144536902F110078919D2F820804FF017
:10C39000000E2CBF012600264144F31811612CBF6A
:10C3A0004FF001094FF000098845D2F8248094BF6E
:10C3B0000026012633449E4294BF494609F10101FB
:10C3C0004344434538BF013153613E6876443E6083
:10C3D0002B68334447F8043B55F8048B43452CBF86
:10C3E0000023012376452CBF9E4603F1010E6745CD
:10C3F000EBD102F11C0371449C42916104D90022EB
:10C4000043F8042B9C42FBD8BDE8F8832DE9F04F9C
:10C4100093B0064601250D2405AB0190342200217E
:10C42000184604930295039416F0FEFB304618213B
:10C43000F7F7DAFB0090002840F02A82B3681C6806
:10C44000D3F830A05D6D54441E6DD86DA24505EB48
:10C4500004015A6894BF002401248D4288BF01342E
:10C4600071182CBF4FF0010E4FF0000E0F1A7444DC
:10C470001F60884294BF2146611E4C1C00F00C8254
:10C4800052182CBF4FF0010E4FF0000E4FFA8EFEE7
:10C49000596B9C6D0A449F68914288BF0EF1010E52
:10C4A0002244944288BF0EF1010E0244904288BF9C
:10C4B0000EF1010ECAEB020C924594BF7246AEF12A
:10C4C0000102C6EB0C0E664588BF013AC3F804E0D2
:10C4D00052B2002AC0F25382BA182CBF4FF0010C9E
:10C4E0004FF0000C4FFA8CFCD3F83890DF684A44C8
:10C4F000914588BF0CF1010C0244904288BF0CF1B9
:10C50000010CC1EB020E914294BF6246ACF10102F4
:10C51000C5EB0E0C754588BF013AC3F808C052B28E
:10C52000002AC0F22282BA182CBF4FF0010E4FF041
:10C53000000E4FFA8EFED3F83CC01F69624494454A
:10C5400088BF0EF1010E5244924588BF0EF1010ED4
:10C550003244964288BF0EF1010E2A44954288BFAC
:10C560000EF1010EC9EB0208914594BF7246AEF17F
:10C570000102C4EB080E444588BF013AC0EB0E0827
:10C58000704588BF013AC3F80C8052B2002AC0F24D
:10C59000E381BA182CBF012700277FB22A44D3F8C1
:10C5A00040E0D3F81480954288BF01372A44954271
:10C5B00088BF01377244964588BF01370A449142CB
:10C5C00088BF01375244924594BFBA4607F1010A29
:10C5D0003244964288BF0AF1010A2244944288BF3D
:10C5E0000AF1010ACCEB020B944594BF5246AAF122
:10C5F0000102C0EB0B07584588BF013AC0EB070AA0
:10C60000B84288BF013AC3F810A052B2002AC0F263
:10C61000998118EB02022CBF4FF0010A4FF0000A7B
:10C620004FFA8AFA22445F6CD3F81880944288BF8C
:10C630000AF1010A2244944288BF0AF1010A3A44ED
:10C64000974288BF0AF1010A4A44914588BF0AF11E
:10C65000010A0A44914288BF0AF1010A2A4495421C
:10C6600094BF51460AF1010182182CBF4FF0010B13
:10C670004FF0000BCEEB020A5944C3F814A09645C4
:10C6800094BF0A464A1E52B2002AC0F2538118EBE8
:10C6900002022CBF0121002149B20244D3F8488094
:10C6A000D3F81CA0904288BF01310244904288BF59
:10C6B00001314244904588BF01316244944588BFAE
:10C6C00001314A44914588BF0131A2182CBF4FF077
:10C6D000010B4FF0000BC7EB02095944C3F8189047
:10C6E000974294BF0A464A1E52B2002AC0F21881ED
:10C6F0001AEB02022CBF4FF0010A4FF0000A4FFA6A
:10C700008AFAD96CD3F820900A44914288BF0AF182
:10C71000010A7244964588BF0AF1010A62449445B1
:10C7200094BFD4460AF1010C82182CBF4FF0010BC4
:10C730004FF0000BC8EB020ADC44C3F81CA0904584
:10C7400088BFACF1010C4FFA8CFCBCF1000FC0F2B9
:10C75000DD8019EB0C0C2CBF4FF001094FF00009E4
:10C760004FFA89F9B4445A6A664588BF09F101094C
:10C77000BC44674588BF09F101091EEB0C0E2CBFB4
:10C780004FF0010A4FF0000AC1EB0E0CD144C3F880
:10C7900020C0714594BFCE46A9F1010E4FFA8EFE1E
:10C7A000BEF1000FC0F2A78012EB0E0C2CBF0122CD
:10C7B00000224FFA82FEAC449A6A654588BF0EF1AA
:10C7C000010EC444E04588BF0EF1010E17EB0C07C3
:10C7D0002CBF4FF001094FF00009C6EB070CCE4407
:10C7E000C3F824C0BE4294BF7746AEF101077FB2C2
:10C7F000002F76DB12EB070E2CBF0122002252B273
:10C80000A644DF6A744588BF01328E44714588BFF3
:10C81000013218EB0E082CBF4FF0010C4FF0000C4A
:10C82000C5EB080E6244C3F828E0454594BF1546A1
:10C83000551E6DB2002D4BDB7A192CBF0127002746
:10C840007FB20244019D904294BF3846781C324426
:10C850006D68964294BF0646461C89182CBF01227B
:10C8600000220F1B1644DF628C4294BF3446741EB4
:10C870000D2D64B224EAE4721A6307D903EB85052F
:10C880000022343343F8042B9D42FBD1002C0BDBF8
:10C89000009813B0BDE8F08FB2FA82FE013A4FEA79
:10C8A0005E1ECEF1000EF3E5039A6FF04043019E49
:10C8B00064421344049D324602A9304645F82340A1
:10C8C000F7F744FE0028E3D14FF0FF333360DFE792
:10C8D000C5F1000EEA1977454FF0FF3728BF002752
:10C8E000AFE7C7F1000C07EB020E62454FF0FF32D5
:10C8F00028BF002284E7CEF100090EEB020C4FF0B6
:10C90000FF3E4A4528BF4FF0000E54E7CCF1000A25
:10C91000CC44D1454FF0FF3928BF4FF0000921E743
:10C92000C2F100095244CA454FF0FF3A28BF4FF008
:10C93000000AE6E65142424488454FF0FF3128BFE5
:10C940000021AAE6C2F1000A4244D0454FF0FF3A66
:10C9500028BF4FF0000A65E6C2F100083A44474597
:10C960004FF0FF3728BF002718E6C2F1000E3A4407
:10C9700077454FF0FF3E28BF4FF0000EDBE5C2F1D8
:10C98000000C3A4467454FF0FF3C28BF4FF0000CC5
:10C99000AAE500BF2DE9F04F8FB006460125082417
:10C9A00006AB20220021039518460593049416F047
:10C9B0003BF930460E21F7F717F90746002840F0FB
:10C9C000C080B3681968D3F81C90DA6A4945C9EB8E
:10C9D000010458682CBF00210121A24288BF013107
:10C9E000A41A49421C6049B2002940F0AE803C467E
:10C9F000D3F82080196B804588BF013CC8EB00004C
:10CA00009D68814288BF013C401A64B25860002C86
:10CA100040F0D9802046D3F824C05C6BAC4588BF79
:10CA20000138CCEB0505D3F80CA0AC4288BF013827
:10CA30002D1B40B29D60002840F0BD800190D3F8CE
:10CA400028E0D3F810B0D645CEEB090598BF0020FA
:10CA5000554488BF0120A94594BF4042C0F1010060
:10CA600012EB0509019DC3F80C9045EB000040B2A4
:10CA70000028C0F297801BEB00002CBF4FF0010B89
:10CA80004FF0000B4FFA8BFB8242C2EB08095D6945
:10CA900094BF002201224844804594BFC2F100089F
:10CAA000C2F1010808184BEB080818614FFA88F822
:10CAB000B8F1000F6DDB15EB08082CBF0125002530
:10CAC0006DB2C1EB0C0041459A6994BF0021012170
:10CAD0008044C44594BFC1F1000CC1F1010C14EBBA
:10CAE000080045EB0C0C58614FFA8CFCBCF1000FB0
:10CAF00046DB12EB0C0C2CBF0120002040B2C4EB33
:10CB00000E0264457168624494BF002401249A6156
:10CB1000964594BFC4F1000EC4F1010E0829864465
:10CB20004FFA8EFE2EEAEE72DA6107D903EB81022C
:10CB30002033002143F8041B9342FBD1BEF1000FC8
:10CB40000ADB38460FB0BDE8F08F4C42A04234BF3C
:10CB5000FF24002408444BE7049A6FF04044CEF1D0
:10CB60000003059D144403A93246304645F824309D
:10CB7000F7F7ECFC0028E4D14FF0FF333360E0E737
:10CB8000CCF10000944482424FF0FF3028BF0020D7
:10CB9000B5E7C8F10002A84495424FF0FF3528BF21
:10CBA00000258EE745425844AB454FF0FF3B28BF78
:10CBB0004FF0000B68E74542AA4534BFFF2500252A
:10CBC000824401953BE76042854234BFFF2000204C
:10CBD000254420E72DE9F04F8FB0054601260924B2
:10CBE00005AB24220021029618460493039416F004
:10CBF0001BF828461021F6F7F7FF0190002840F0B7
:10CC00009881AB681A68D3F82090D3F824804A44FE
:10CC1000D3F82CE01F6B914508EB020C586B94BFC6
:10CC200000240124CEEB0C029E6BE04588BF01344A
:10CC3000D11BE64588BF013C974294BF2246621E45
:10CC40000C1A884288BF013AC6EB040CA64294BF76
:10CC50001146511EC3F800C05A680029C0F26D8108
:10CC600051182CBF0122002252B24144D3F828C0EF
:10CC7000DC6B884588BF01326144D3F808A08C453D
:10CC800088BF0132C7EB010B8F4294BF1146511E82
:10CC9000C0EB0B02584588BF0139C6EB020B964228
:10CCA00094BF0A464A1EC4EB0B015C4594BF9346F1
:10CCB000A2F1010B59604FFA8BFBBBF1000FC0F2E0
:10CCC00086811AEB0B0B2CBF0121002149B2E344F2
:10CCD000D3F80CA0DC4588BF0131F344DE4588BFA2
:10CCE0000131C0EB0B02584588BF0139C6EB020B7E
:10CCF000964294BF0A464A1EC4EB0B015C4594BFA2
:10CD00009346A2F1010B99604FFA8BFBBBF1000F28
:10CD1000C0F254811AEB0B0B2CBF0121002149B248
:10CD2000F344D3F810A0DE4588BF0131F344DE455B
:10CD300088BF0131BB445F4588BF0131BB445F45BB
:10CD400088BF01318344584588BF0131C4EB0B02D1
:10CD50005C4588BF0139C9EB020B914594BF0A4677
:10CD60004A1EC8EB0B01D84588BF013AD96052B2C0
:10CD7000002AC0F219811AEB02022CBF4FF0010BFE
:10CD80004FF0000B4FFA8BFB3A445969974288BF2A
:10CD90000BF1010B3A44974288BF0BF1010B02449F
:10CDA000904288BF0BF1010B0244904288BF0BF107
:10CDB000010B3244964288BF0BF1010BC8EB020A0B
:10CDC000904594BF5A46ABF10102CCEB0A0BD44517
:10CDD00088BF013AC3F810B052B2002AC0F2DB801B
:10CDE0008A182CBF0121002149B20244D3F818A0AF
:10CDF000904288BF01310244904288BF01313244E1
:10CE0000964288BF01313244964288BF01312244A4
:10CE1000944288BF0131CCEB020B944594BF0A4683
:10CE20004A1ECEEB0B01DE4588BF013A596152B272
:10CE3000002AC0F2A7801AEB02022CBF4FF0010AB1
:10CE40004FF0000A4FFA8AFA3244D969964288BFF5
:10CE50000AF1010A3244964288BF0AF1010A2244CB
:10CE6000944288BF0AF1010A2244944288BF0AF121
:10CE7000010A3244964294BF56460AF10106024422
:10CE8000904288BF0136C9EB020A914588BF013E36
:10CE9000C8EB0A02D04594BFB046A6F101089A61DA
:10CEA0004FFA88F8B8F1000F62DB11EB08022CBFD3
:10CEB0000121002149B222446E68944288BF0131A9
:10CEC0002244944288BF01312244944294BF0C46CC
:10CED0004C1C4A44914594BFA14604F10109CCEB96
:10CEE0000201944594BFCC46A9F1010CCEEB01049C
:10CEF0008E4594BFE646ACF1010EE11BA74294BFFC
:10CF00007746AEF101070A1A884294BF3846781E68
:10CF1000DA61092E40B220EAE0721A6207D903EB07
:10CF200086060022243343F8042B9E42FBD10028BE
:10CF30000BDB01980FB0BDE8F08F4C421144A242C8
:10CF40004FF0FF3228BF00228FE6039A6FF0404473
:10CF50004342049E144402A92A46284646F8243037
:10CF6000F7F7F4FA0028E4D14FF0FF332B60E0E745
:10CF7000C8F1000608EB0102B1424FF0FF3128BFB3
:10CF8000002198E7514252448A454FF0FF3A28BFAA
:10CF90004FF0000A58E7C2F1000B0A4459454FF020
:10CFA000FF3128BF002120E7C2F1000B5244DA45CF
:10CFB0004FF0FF3B28BF4FF0000BE5E6CBF100013F
:10CFC000D3448A454FF0FF3128BF0021A8E6CBF1BA
:10CFD0000001D3448A454FF0FF3128BF002176E697
:10CFE000F8B50D460446FDF733FF6B1E2570032B85
:10CFF00065D8DFE803F0573A2D02334B0125334E55
:10D000000C2203F1300103F1600003F19007E360AB
:10D01000C03361626065201D2D492763E363666646
:10D020006560E561E564A562656325646564A26089
:10D0300022622265E262A263A164F6F797FFA0650F
:10D0400004F14C00F6F792FF2566E0650020F8BD7C
:10D05000204B0125204E082203F1200103F140005E
:10D0600003F16007E3608033D3E71C4B01251C4FBD
:10D07000082603F1200203F13C0103F15800E360AC
:10D0800074336262616507222063201D1049E363E7
:10D0900067666560E561E564A5626563256465644E
:10D0A000A660C5E70F4B01250F4E062203F11801BC
:10D0B00003F1300003F14807E3606033A9E720463D
:10D0C000FDF7C6FE0948F8BD8CBD02600DC40060C6
:10D0D000B0640020ECBC0260D5CB00605CBC026098
:10D0E00095C90060E4BB026069C2006080B1FFFFC7
:10D0F0002DE9F04F8E460F2191B01EF80FCF0F9201
:10D100000CEA01044FEA1C1C00EBC404CDE900AB9F
:10D11000D4E93023D4E9104525E01EF801CD0E9A5C
:10D12000534B0CF00F04CDF828804FEA1C1C53F829
:10D13000323000EBC4041B04DDE904670B93D4E92F
:10D140003023D4E9104556405F4032463B465646B0
:10D150005F4666406F4034463D46DDE90A6756400B
:10D160005F4032463B4626094FF000081709013957
:10D17000009604F00F06069700EBCC0C009F2C09DC
:10D18000CDF830804FEA027947EA05770194CDF86F
:10D1900020800097364F57F83660069F47EA03779E
:10D1A0001B09069707933304DDE90645DCE9306780
:10D1B0000D9374407D4026462F46DDE90CABDDE93A
:10D1C00000238AEA060A8BEA070B42EA080243EACE
:10D1D000090356465F46DCE9104562404C1C4FEAA5
:10D1E000161483EA05034FEA067504944FEA1214F5
:10D1F0000995029402F00F04029D0E9445EA03750E
:10D200000295049D45EA0B7504954FEA13150395A5
:10D210004FEA1715DDE908AB0595DDE902454AEA55
:10D22000040A4BEA050B7FF478AF0F9C390E3D0CD6
:10D23000E7704FEA172E21702746300EE671310C49
:10D24000E372E273360A65701D0E84F802E01C0C6E
:10D250003871180A7971130C110EBE71120A3D72E1
:10D260007C72B87239737B73BA7311B0BDE8F08FFA
:10D2700080BE02604FF4C472002115F0D5BC00BF1F
:10D280002DE9F04F04468BB093460846012219461B
:10D290001D46FAF767FB002800F09C80D0F814A028
:10D2A0008046BAF1100F40F095802046FAF772FBE5
:10D2B00041462046FAF77EFB10B10BB0BDE8F08F77
:10D2C0002A46594601232046FAF7A0FB05460028C6
:10D2D000F3D105A906AB52462046009119460595A3
:10D2E0000695079508950995FAF744FC86460028A7
:10D2F0006CD1089B4FF0000A099D4FF0040E93FA81
:10D3000083FB079B95FA85FC069A1DBA5B4611BA0A
:10D310004FF0000B40EA0C0228434FF0030C04F5D9
:10D320008075C4E92023C5E90001C4E930ABC4E934
:10D3300010AB02F0010AC7075B084FEA3202490846
:10D340004FEA30004FEA4A1B002604EBCE053B4370
:10D35000CBEB0A0A32437040BCF1010C4FEA0A6978
:10D360004FEA6E0E81EA0901C5E91023C5E93001D3
:10D37000DFD1022704F1C00304F1400C4FF0030E8B
:10D380003D460293EA00029E604601230CEB020137
:10D3900032442F46D1E90089D2E900ABF6E90245D3
:10D3A000013384EA0A0485EA0B05BB42E2E902453F
:10D3B000F0E9024584EA080485EA0905E1E9024545
:10D3C000ECD1BEF1010E4FEA4305DBD170460BB044
:10D3D000BDE8F08F6FF013000BB0BDE8F08F00BF19
:10D3E0002DE9F04F00268DB00796DDF858A0DDF846
:10D3F0005C80002B00F0B68005461C4600F5B87B2B
:10D4000000F5B0730F469146002100F5A072002090
:10D41000C5F860610C2C5E609E60DE60C5F87061CE
:10D42000CBF80460CBF80860CBF80C60C5F88071CD
:10D43000C2E900012A46E2E95201039200F0848029
:10D44000E20005F25F11CDF814B09B46100E0F46B6
:10D450000491110C8DF82F20120ACDF85C80A8469B
:10D46000089609968DF82C008DF82D108DF82E2039
:10D470000A96102C26463D4609F1FF3028BF10269B
:10D48000394606F25F1EC64411F8012F10F8013F1D
:10D49000714583EA02030B70F6D15A46594640465D
:10D4A000B144FFF725FEA41BE3D12F465B4645465A
:10D4B000DDF814B0DDF85C8008AE0499204601E088
:10D4C00016F8014F11F8012F01306240102807F8BB
:10D4D000012FF5D11A46194628460493FFF708FE96
:10D4E000049B07A81946102205F5A873009028464A
:10D4F000FAF740FB28BB039BC5F848815860B8F198
:10D50000000F1DD005F26F14464623460AF1FF3185
:10D51000102E28BF102606F26F172F4413F8010FA4
:10D5200011F8012F9F4282EA00021A70F6D15A4682
:10D5300059462846B244FFF7DBFDB8EB0608E3D1B5
:10D5400000200DB0BDE8F08FD9F800400122D9F8D5
:10D550000400D9F80810C5F860415860996085F852
:10D560006F21BEE76FF01300EBE700BF2DE9F04F2E
:10D570009A4689B00023164692450546884603938D
:10D5800003D9C2EB0A038B4264D32C464FF00F0C35
:10D590006FF01F0BF4E9500110EB080241F100039A
:10D5A0009C4508BF934555D38B4208BF824251D357
:10D5B000C4E90023B8F1000F42D005F5B07B05F5B2
:10D5C000B87947464C4649461022102F28BF1027ED
:10D5D00011F8013D013A01330C2ADBB20B7001D97D
:10D5E000002BF5D003AB102259462846009304AB1C
:10D5F000FAF7C0FA28BB3146D5F880213E440DF138
:10D600000F0E0AF1FF301AB922780B7853402370BD
:10D610000B7801311EF8012F534000F8013FD5F877
:10D620008021012A10D0B14204F10104EBD14A4615
:10D6300049462846BA44FFF75BFDB8EB0708C0D15E
:10D64000002009B0BDE8F08F94F800C083EA0C0315
:10D650002370E8E76FF01300F3E700BF2DE9F04F08
:10D66000D0F84C31161FD0F8447187B04FEAC30888
:10D67000D0F84041FF00D0F848310C2E47EA5477EB
:10D6800048EA537875D88B464FEAC40900F5A8716B
:10D69000064658464FEAC30A154615F0D1FA59EA2C
:10D6A000070306D15AEA080303D1002007B0BDE8FA
:10D6B000F08F4FEA184C8DF80B804FEA1A6E8DF8F8
:10D6C0000FA04FEA1A4206F26F144FEA18638DF862
:10D6D00013704FEA18288DF817904FEA1A2A8DF820
:10D6E00009C08DF80A804FEA176C4FEA17488DF889
:10D6F0000CE03F0A8DF80EA04FEA196E8DF80D2050
:10D700004FEA194A8DF810C04FEA192902A821469C
:10D7100001948DF808304FF0000C8DF811802246EE
:10D720008DF812708DF814E08DF815A08DF8169014
:10D7300001E010F8013F12F8017F0CF1010C7B4071
:10D74000BCF1100F01F8013FF3D106F5B872013DAD
:10D7500030461146FFF7CCFC0BF1FF30AB4410F81C
:10D76000012F14F8013F584583EA02030370F6D1F4
:10D770009BE76FF0130099E72DE9F04383B01E4655
:10D7800017460B9D32460C9C00950DAD0194044646
:10D790000A9BDDF8408095E86002FFF721FE10B19A
:10D7A00003B0BDE8F08333462A4639462046FFF7EA
:10D7B000DDFE0028F4D14A464146204603B0BDE8CC
:10D7C000F043FFF74BBF00BF2DE9F0418CB00E4690
:10D7D0000021139C0DF1200E129D159F01950294BE
:10D7E000169D179C009313460395324605970494A3
:10D7F000CDF818E0149DFFF7BFFF88B99FB107F17E
:10D80000FF386A1E0DF11F01454412F8017F11F81F
:10D81000013FAA4283EA070340EA0300F5D120B999
:10D820000CB0BDE8F0813846FAE72046314604F0F6
:10D8300095F96FF01100F3E710B50446FAF7AAF86E
:10D840004FF4C4712046BDE8104004F087B900BF12
:10D850002DE9F04FBF4BADF50D7D4FF0800A1393CE
:10D8600003F5907308901493CDF824A0099B00242D
:10D87000139AA3F1C003A2460A92B3FA83F35B0999
:10D880001593B54B1193149B98464FF4C472002125
:10D890002AA815F0C9F9089B002B40F0D481AF4BA2
:10D8A00002212AA803EB44131A460B93099BFFF7A6
:10D8B000E7FC10F1230F034603D1159A002A40F02C
:10D8C000FA81002B40F0A381A54B16ACA5484FF080
:10D8D000100B53F82A7003F55273A34E4FEA8A09CE
:10D8E00053F82A1003F5D873069453F82A20A3F5A9
:10D8F000587300EB811100F5D87053F82A3000EB13
:10D900008212A0F5E47006EB831306F5527650F808
:10D910002A0056F82A600E9135460F961AAE1092DC
:10D920000D900191012103923A4600902AA8029598
:10D93000CDF814B004960C93FFF71EFF03460028A1
:10D9400040F0658112903A464146304615F0ACF9F8
:10D95000129B002840F0CC815A460A992046129327
:10D9600015F0A2F9002840F0C3812AA8FAF712F8AE
:10D970004FF4C4712AA804F0F1F8089A002A40F084
:10D9800069814FF4C47208992AA815F04DF9099BD2
:10D9900002210B9A2AA8FFF773FC0346002840F0E7
:10D9A00036810F9A01460D9D4FF0100B0E980C9B7F
:10D9B00002923A4601902AA806940496CDF80C806B
:10D9C0000095CDF814B0FFF7D7FE0346002840F0CD
:10D9D0001E813A461099304615F066F9002840F04D
:10D9E00087815A460A99204615F05EF98346002839
:10D9F00040F07E812AA8F9F7CDFF4FF4C4712AA820
:10DA000004F0ACF8089B002B40F035814FF4C47251
:10DA100008992AA815F008F9099B02210B9A2AA84F
:10DA2000FFF72EFC0346002840F0F1800F9B0121F8
:10DA30000E9A2AA8019300920D9B0C9AFFF7D0FC36
:10DA40000346002840F0E380202F40F2D680109D4E
:10DA5000334620212AA82A46203FFFF787FD0346A8
:10DA6000002840F0D4802A4622AB39462AA820322A
:10DA7000FFF77CFD0346002840F0C98010222146B4
:10DA80002AA8FFF7EBFD0346002840F0C080344B86
:10DA90004146304653F809B05A4615F005F90028BA
:10DAA00040F0268110220A99204615F0FDF807461D
:10DAB000002840F01D812AA8F9F76CFF4FF4C471CB
:10DAC0002AA804F04BF8089B002B40F0E4804FF4A8
:10DAD000C47208992AA815F0A7F8119B02211F4DBE
:10DAE0002AA81A68099B05EB4212FFF7C9FB0346F7
:10DAF000002840F08C8005F5816205F51C73014615
:10DB00002AA852F8097005F5227205F5846553F8C4
:10DB1000093002EB8717303A55F8095052F80920BE
:10DB20000097114F019507EB8212FFF759FC03464E
:10DB300000286CD1BBF1200F7BD93346424620210F
:10DB40002AA8FFF713FDABF12005034600285ED19C
:10DB50000CE000BF00BF026058CA0260A0C40260AF
:10DB600060C5026028C7026078C5026022AB294602
:10DB700008F120022AA8FFF7F9FC0346002846D145
:10DB8000102221462AA8FFF769FD034600283ED14E
:10DB90005E4B304653F80910A3F59F6353F80920F4
:10DBA00003F55E7303EB811115F07EF8002840F059
:10DBB0009F80204610220A9915F076F8002840F040
:10DBC00097802AA8F9F7E6FE4FF4C4712AA803F05B
:10DBD000C5FF089B002B40F08780119B0AF1010ACA
:10DBE0000A9A08F140080433BAF1060F02F1100254
:10DBF00011930A9262D01C6847E63346109A394660
:10DC00002AA8FFF7B3FC034600283FF437AF089A71
:10DC1000002A71D12AA80893F9F7BCFE2AA84FF46C
:10DC2000C47103F09BFF089B18460DF50D7DBDE800
:10DC3000F08F3346594642462AA8FFF797FC034621
:10DC400000289DD0E3E7324B52460999314814F041
:10DC5000FFFF24E6304815F033F8129B4FF4C472EE
:10DC60002AA8194614F0E0FF2C4B5246099929487E
:10DC700014F0EEFF8BE6284815F022F859464FF4D1
:10DC8000C4722AA814F0D0FF214B524609992448A7
:10DC900014F0DEFFC0E6204815F012F839464FF4C4
:10DCA000C4722AA814F0C0FF1C4B524609991C48A4
:10DCB00014F0CEFF11E71B4815F002F8139A099BE8
:10DCC000603240331392149AB3F5A07F099302F5A2
:10DCD000C07214927FF4CAAD089B9BB9002318460A
:10DCE0000DF50D7DBDE8F08F0B4814F0E9FF74E7EA
:10DCF000089A0123002A8DD00B48089314F0E0FF06
:10DD0000089B87E70A2014F0E3FFE7E758CA0260A0
:10DD10007C17002000220020A01700207817002088
:10DD20001C22002098170020F017002070B5064D27
:10DD300014460B462E6834448119184614F080FFAF
:10DD400000202C6070BD00BFC8B2002064220021FA
:10DD500014F06ABF4165704701657047816570477F
:10DD60002DE9F043884693B004460068914600F0E0
:10DD700009FB00230546B8F1000F3AD0B9F1000FB6
:10DD800037D002278DF8043004F10C0619E002A9FF
:10DD9000204600F0B9FB2A4602A9204600F02AFBE3
:10DDA0002A463146204600F09BFB3146204600F0D3
:10DDB000ABFB9DF804300133DBB2BB428DF804307D
:10DDC00014D2204600F0D6FB2A463146204600F009
:10DDD00087FB012201A9204600F082FB022FD6D149
:10DDE0004A464146204600F07BFBD0E713B0BDE831
:10DDF000F08301278DF80430C6E700BF2DE9F84312
:10DE000017460122984605460E4600F07BFA044666
:10DE1000B0B905F10C09304600F0B4FA02464946A3
:10DE2000284600F0E7FA304600F0ACFA012102463D
:10DE3000484614F0F9FE424639462846FFF790FF5F
:10DE40002046BDE8F88300BFB2F5807F2DE9F041A0
:10DE5000E0B02BD8076DD319B3F5C07F26D80446A0
:10DE60000E46154600214FF4C072684614F0DCFEE1
:10DE70003A466946E36D206E98470746E0B9D4F804
:10DE8000508006B155B9424669462046FFF768FF03
:10DE90000123E364384660B0BDE8F0810DEB080073
:10DEA00031462A46A84414F0CBFEECE76FF0040795
:10DEB000384660B0BDE8F0816FF00807EAE700BFC0
:10DEC0002DE9F041904601221F4604460D4600F020
:10DED00019FA08B1BDE8F081284604F10C0500F0FC
:10DEE00051FA064629462046324600F083FA324669
:10DEF0002846012114F098FE42F21073142EC4F843
:10DF00005C802766A3650CD818231025236520465E
:10DF1000079A0699FFF798FF0028DBD12565BDE831
:10DF2000F0811C2E8BBF3023242320251825EDE7FC
:10DF30002DE9F84F1546064600680F469B46DDF86A
:10DF400028A000F01FFAB5F5806F49D8BAF5807F98
:10DF500042D8F36D814633B1736D012B34D0F26C2E
:10DF6000B36D9A4230DCBBF1000F07D0BAF1000F5D
:10DF700004D0524659463046FFF7F2FECDB106F1C5
:10DF80000C084D4530462C4628BF4C4600F0F2FAAE
:10DF90004A464146304600F0A3FA4146304600F07A
:10DFA000B3FA38462246414614F04AFE2D1B274458
:10DFB000E7D1304652465946FFF7D2FEF36C0020B7
:10DFC0000133F364BDE8F88F524659463046FFF7F7
:10DFD0003BFF18B98246D1E76FF00400BDE8F88F27
:10DFE0006FF00200BDE8F88F00B5002383B0009306
:10DFF000FFF79EFF03B05DF804FB00BF48B110B50A
:10E00000044600F065F964212046BDE8104003F0A5
:10E01000A5BD70472DE9F041B0B00446042000F0E2
:10E0200045F964220546002117A814F0FDFD7CB9CE
:10E03000694E2946019417A80094684B684A3460D9
:10E04000FFF73EFFE0B10125284630B0BDE8F08182
:10E0500000276448604E14F0FBFD2946019717A87D
:10E0600000975E4B5E4A3760FFF72AFF00287FD09B
:10E0700001255D4814F024FE284630B0BDE8F0814B
:10E0800003AF4FF0010E009423463946502217A8E3
:10E09000CDF8B0E0FFF74CFF0028D4D10023502288
:10E0A000394617A80093FFF743FF00285DD150229F
:10E0B0004E49384614F0F8FD8046002855D117A87F
:10E0C00000F006F9642117A803F048FD17A800F036
:10E0D000FFF8642117A803F041FD002C58D16422F9
:10E0E000214617A814F0A0FD019400942946404B46
:10E0F00017A83B4A3460FFF7E3FE0028A3D122466D
:10E10000214617A8FFF7A0FE00289CD1002350222B
:10E11000394617A80093FFF70BFF034628BB009072
:10E120005022394617A8FFF703FFF0B938465022AE
:10E13000304914F0B9FD0546B8B917A800F0C8F881
:10E14000642117A803F00AFD17A800F0C1F817A86A
:10E15000642103F003FD002C3FF476AF264814F051
:10E16000AFFD0A2014F0B4FD6EE7002C80D16AE701
:10E1700003AF4FF0010E009003463946502217A816
:10E18000CDF8B0E0FFF7D4FE00287FF471AF85E74B
:10E19000194814F095FD194814F05AFD64224146BF
:10E1A00017A814F041FDCDF80480CDF80080294671
:10E1B0000F4B17A80A4AC6F80080FFF781FE002817
:10E1C0007FF456AF0246014617A8FFF73DFE002830
:10E1D0007FF44EAF9AE700BFC8B2002070CA026059
:10E1E0002DDD00603C220020F0170020A8CA02604C
:10E1F000F8CA026020CB0260A0170020582200203D
:10E200000048704770CB0260002833D0014610B53B
:10E210000446194814F024FD20B32146174814F091
:10E220001FFDE8B12146164814F01AFDC0B1214681
:10E23000144814F015FDB8B12146134814F010FD30
:10E24000A0B12146114814F00BFD88B121461048B9
:10E2500014F006FD0F4C00280CBF2046002010BD16
:10E260000D4810BD0D4810BD0D4810BD0D4810BD26
:10E270000D4810BD704700BF742200209C23002071
:10E28000CC3E0020C02300206837002094370020B7
:10E290003824002050CE026010CF026040CF0260D0
:10E2A000E0CE0260B0CE026080CE02600338C0B221
:10E2B000052803D8024B53F8200070470020704710
:10E2C000800500200023036043608360704700BF27
:10E2D000B8B10368ABB110B50446406808B15B6AD9
:10E2E0009847A06838B12368D968490003F036FC24
:10E2F000A06814F09DFC20460C21BDE8104003F0FE
:10E300002DBC7047C9B1C0B1F8B505460B6A0C46C3
:10E31000164698470746686088B116B92C600020F9
:10E32000F8BDE168022014F0A3FCA8600028F5D134
:10E330003846636A98470348F8BD03487047014868
:10E34000F8BD00BF80AEFFFF00AFFFFF0122FFF767
:10E35000D9BF00BF78B1026869B162B10B6853B12F
:10E3600010B5D41A18BF01243CB9936A49684068B3
:10E370009847204610BD02487047014810BD00BFB5
:10E3800000AFFFFF00B1007A704700BF00B1007816
:10E39000704700BF00B14068704700BF20B10368FC
:10E3A00013B11B69406818470048704700AFFFFF72
:10E3B00020B1036813B15B69406818470048704793
:10E3C00000AFFFFF20B1036813B19B694068184795
:10E3D0000048704700AFFFFF40B130B40C46C5693C
:10E3E00011461A4620462B4630BC18470048704755
:10E3F00000AFFFFF00286ED003682DE9F04305460B
:10E4000091B0002B65D08668002E62D09046DA6805
:10E41000894642450ED21B69406898470446002849
:10E420003ED06F463846402103F098FB204611B09D
:10E43000BDE8F08313466F461A4636213046F4187D
:10E4400014F0F2FB2B6820465C21DA6814F0ECFB38
:10E45000B8F1000F15D009F1FF31601E06EB08027C
:10E46000334693F800E011F8014F8EEA040403F8F4
:10E47000014B9A4210F801EF0C788EEA0404047004
:10E48000EFD12B6868681B69984704460028C9D1FA
:10E490002B68314668685C69DA68A0470446C1E7C2
:10E4A0002B684246494668685B696F469847044650
:10E4B0000028B7D12B68694668689B69984704466D
:10E4C0000028AFD12B68E946AE68D3F80880DB6836
:10E4D000B2E70248ABE70148704700BF00AFFFFF5B
:10E4E00068B103685BB110B4846824B15B694068AB
:10E4F0005DF8044B184703485DF8044B704701482A
:10E50000704700BF00AFFFFF00282FD00368002B2B
:10E510002CD0F0B5866891B0002E25D004460D466B
:10E520009A6969464068DF68904708B111B0F0BD4C
:10E53000236860681B6998470028F7D12368F119A0
:10E5400060685E69DA68B0470028EFD123686946E1
:10E5500060685E699A68B0470028E7D12368294659
:10E5600060689B699847E1E70148DFE7004870472A
:10E5700000AFFFFFA8B103689BB170B5856875B1A6
:10E5800004461B694068984700B170BD236829465E
:10E5900060685C69DA682346BDE870401847024845
:10E5A000F3E70148704700BF00AFFFFF002831D0FC
:10E5B000F0B585B0002416460D460122014601A89B
:10E5C000029401941F460394FFF79CFE044628B171
:10E5D00001A8FFF77DFE204605B0F0BD3246294672
:10E5E00001A8FFF707FF04460028F1D1019B7BB18A
:10E5F000039A6AB15B6939460A9A029898470446B9
:10E600000028E5D10B9901A8FFF77EFF0446DFE75C
:10E61000014CDDE70048704700AFFFFF20B1036801
:10E6200013B1DB6A406818470048704700AFFFFF2E
:10E630005822002114F0F8BA10B1582103F08EBA14
:10E64000704700BF08B5582214F0FAFA08BD00BFA1
:10E6500070B403460022064E064D1046064C07498C
:10E660009E60DD601C6159611A605A6070BC704721
:10E670000123456789ABCDEFFEDCBA9876543210A2
:10E680000369024600202DE9F04F1F4613465269E8
:10E6900095B08E46D34E11461A46DB6810911C4643
:10E6A000119287EA01039168DEF800200497234065
:10E6B00005922746049ACDF800E096466240109CE9
:10E6C000C94D2644009C12910D446468DFF888B35C
:10E6D0002146109C06EB010C009E6340C34CB668BB
:10E6E0000691744431462B44059E07910C440099D1
:10E6F0003344BF4DCE6807EB73633D443146009E03
:10E700001A4087EA030E366905EB010A0891019663
:10E710000199B84D0D4400994E6905EB0309314646
:10E72000049E009D7240B44EAD699444009A0295D7
:10E730000E4403EB3C5CD26909910EEA0C0E1146C3
:10E74000AE4D66448EEA070E029A0A918B44A644A7
:10E750000099154483EA0C020CEBFE3E009C1397D3
:10E7600002EA0E020F6A646A8CEA0E0839465340C8
:10E77000A34F7544009A534403940F440B91926A3B
:10E780000399A04C0C4411460EEBB3229E4B0C9106
:10E7900008EA02088EEA020A93440B4488EA0C084D
:10E7A0000099C844C96A02EB78680D910AEA080C1E
:10E7B00007EB080A8CEA0E0782EA080C3744934EEE
:10E7C00008EB37570E440CEA070E04EB070988EAFA
:10E7D00007048EEA02021544009A07EBF535116B27
:10E7E0002C4087EA050E03EB050C894B84EA0804EC
:10E7F00000910B4411465C44DFF860B205EBB42491
:10E800000EEA040806EB040E88EA070685EA040807
:10E81000576B56443A4604EB76660E9208EA0608B1
:10E820009F1988EA050384EA06087A4D4B44DFF80D
:10E8300030921544CA6B06EB33530F9208EA030873
:10E840001D4488EA040486EA0308A4448C6B03EBA5
:10E85000FC3C08EA0C0883EA0C0188EA0606B64488
:10E860006D4E0CEBBE2E264401EA0E018CEA0E081A
:10E8700066445940694B0F441344069A0EEB776780
:10E8800073449144029A08EA07088EEA0701B944E2
:10E8900088EA0C0C654407EB3555294087EA050CDE
:10E8A00081EA0E010E445E4905EBF63611440D9ADD
:10E8B0000CEA060C29448CEA070C5A4F63441744AF
:10E8C000059A06EBB32307EB060A574F86EA0308BF
:10E8D00017440E9A08EA050507EB0308099F7540DF
:10E8E000A944524D03EBF9693D4483EA090E0EEA4F
:10E8F000060605EB090E4E4D5E4031444D4E09EBC8
:10E90000F15189EA01071F400C9B87EA09071D4462
:10E91000574405EB010C0F9D01EBB74781EA070354
:10E9200003EA0909444B89EA01092B44019DC844C3
:10E9300003EB070A2E44414D07EB383887EA0803FA
:10E94000464419407940714408EBF16188EA0103BB
:10E950001F40039B87EA08071D44BC4405EB010EDA
:10E96000374D01EBFC5C089F254481EA0C0305EB65
:10E970000C0903EA08034B4053440CEBB3438CEA05
:10E98000030529402F4D81EA0C013D442E4F0E44D2
:10E9900005EB03080B9903EB36360F4483EA0605B3
:10E9A000374405EA0C055D40754406EBF56586EADB
:10E9B00005010B40254973401144079A994401EB26
:10E9C000050E234B05EBF9591344009A85EA09011A
:10E9D00003EB090C31401F4E6940414409EBB14142
:10E9E00040E000BF56B7C7E878A46AD7DB702024A0
:10E9F000EECEBDC1AF0F7CF52AC68747134630A8BF
:10EA0000D8988069AFF7448BB15BFFFFBED75C89B4
:10EA10002211906B937198FD8E4379A62108B44919
:10EA200040B340C0515A5E26AAC7B6E95D102FD642
:10EA300053144402C8FBD3E781E6A1D8E6CDE12117
:10EA4000D60737C3870DD5F4ED145A4505E9E3A978
:10EA5000F8A3EFFCD9026F67019546FD39D0D4D9F0
:10EA600062251EF689EA01031D400A9B85EA090515
:10EA70001E442F44D74D0E4401EB37371544099AF5
:10EA800081EA070305EB070803EA09034B407344D7
:10EA900007EBF36387EA03052940CF4D794015441E
:10EAA000019A8C4405EB030ECC4D03EBFC5C83EA2E
:10EAB0000C010F400B995F400D44C9493E44654429
:10EAC00021440CEBB647C74E8CEA070903EA090359
:10EAD00083EA0C0C0D9BE0441E44C34B07EB383813
:10EAE00006EB070A89EA080987EA08074144CE4489
:10EAF00008EB3E7E87EA0E0788EA0E082F44069D43
:10EB00000EEB77572B44B94D88EA070673448EEA1B
:10EB1000070E15445644059A3D4407EB36468EEAE7
:10EB2000060987EA060CB24F89440A9906EB79294F
:10EB30000F448CEA090C86EA090EB9190C9F9C4413
:10EB4000AC4B09EB3C7C3B44AB4F8EEA0C0E4B4488
:10EB500089EA0C09AE440E9D0CEB7E5E2F44A74D56
:10EB600089EA0E0967448CEA0E0C15448944A449CD
:10EB700075440EEB39498CEA090C8EEA09069C446F
:10EB8000089B09EB7C2C19449E4B86EA0C064944F1
:10EB900089EA0C093E44029F0CEB36763B4489EA35
:10EBA000060903EB0C07039B8CEA060C4D449B44BF
:10EBB00006EB7555B3448CEA050386EA050A009E08
:10EBC0000B449149DFF880C205EB334331448F4E4B
:10EBD0008AEA030A85EA030901EB050E0F9DBA4490
:10EBE0008B4916448B4F03EB7A2A2944079D89EA07
:10EBF0000A0983EA0A081944874BD9442B44874DF4
:10EC00000AEB3979534488EA09088AEA090A06EBCB
:10EC1000090B0A9EF0443544814E09EB78588AEA84
:10EC2000080A05EB080E89EA08098A447D49CDF8EF
:10EC300014E008EB3A4A2144099C01EB0A0E89EAE8
:10EC40000A092744784CCDF824E09944009A089B9F
:10EC50000AEB79291644754A9E4669EA0808134664
:10EC6000069A88EA0A08734407EB090E704FD844E5
:10EC70000893704B09EBB868CDF800E019460C9B7F
:10EC800068EA0A0ADFF8C4E11C440B460F998AEAD5
:10EC9000090A1344684ADFF8B8B1464406930B9B4F
:10ECA0001A44664B0B4466490D4602990F440E996F
:10ECB0004D1901990295634D4D190D998C44079991
:10ECC00001958E440599089D8A44039908EBBA5A28
:10ECD0008B4409996AEA0909554489EA0809894473
:10ECE00000990AEB794969EA08084C4488EA0A085D
:10ECF0008844069909EBF82868EA0A0A41448AEA36
:10ED0000090AB24408EBBA6A6AEA0909524489EA74
:10ED10000809A9440AEBB95969EA08084B4488EA8A
:10ED20000A08A04409EB784868EA0A0A47448AEAD4
:10ED3000090A8A44029908EBFA2A6AEA090901EBEE
:10ED40000A06019989EA08099144129A0AEBB969FD
:10ED500069EA080801EB090588EA0A08984409EB02
:10ED6000B85868EA0A0A0CEB08048AEA090ABA44A5
:10ED7000119F08EB7A4A6AEA09090EEB0A0189EA4F
:10ED800008094E440AEBF62666EA0808B34488EA06
:10ED90000A08454406EBB56565EA0A0A53198AEA8A
:10EDA000060ABB60109B544405EBB45464EA0606A3
:10EDB00023446E407B613144139E04EB714161EA50
:10EDC00005057218049E65403144AB44396102EB7D
:10EDD000FB233FE08A4C2A8D4239FAFF81F6718786
:10EDE0000C38E5FD22619D6D44EABEA4A9CFDE4B3F
:10EDF000604BBBF670BCBFBEC67E9B28FA27A1EA5B
:10EE00008530EFD4051D8804E599DBE6442229F41A
:10EE1000F87CA21F39A093FC6556ACC497FF2A4327
:10EE2000C3595B65A72394AB7DF4EFFF92CC0C8FA5
:10EE3000144301A3D15D84854F7EA86FE0E62CFECC
:10EE4000A111084E827E53F735F23ABDBBD2D72AC4
:10EE500091D386EBFB6015B0BDE8F08F2DE9F84348
:10EE60000368064614460D4603F03F0713449A42D2
:10EE7000C7F14008036002D9436801334360DFB142
:10EE8000A04519D806F118092946424609EB0700A2
:10EE900013F0D6FE49463046FFF7F2FB80B9C8EBC7
:10EEA0000404454407463F2C08D929463046403CD7
:10EEB0004035FFF7E5FB18B93F2CF6D814B92046CA
:10EEC000BDE8F88306F1180022462946384413F0BD
:10EED000B7FE0020BDE8F88302B1BFE710467047D7
:10EEE000F8B50446006880220D4600F03F0004F1AA
:10EEF00018062318013038281A764BD8C0F138028A
:10EF00000021304413F090FE2368314666682046A5
:10EF10005A0FDB0042EAC6021F0A84F85030160A74
:10EF200084F8542084F85170170C84F85560120E40
:10EF30001E0C84F856701B0E84F8572084F852601B
:10EF400084F85330FFF79CFB18BBA3682B70A368B1
:10EF50001B0A6B706389AB70E37AEB70E3682B710B
:10EF6000E3681B0A6B71E389AB71E37BEB71236987
:10EF70002B7223691B0A6B72638AAB72E37CEB72A0
:10EF800063692B7363691B0A6B73E38AAB73E37D5D
:10EF9000EB73F8BDC0F140020021304413F044FE91
:10EFA00031462046FFF76CFB0028F2D1014638229B
:10EFB000304613F039FEA7E730B40023054D064C68
:10EFC0000649074A8560C46001614261036043608D
:10EFD00030BC70470123456789ABCDEFFEDCBA98A2
:10EFE0007654321002B9704738E700BFFFF778BF98
:10EFF000FFF746BB70B596B006460C461546002195
:10F000005822684613F010FE0E480F490F4A104B65
:10F0100002900391049205935CB929466846FFF774
:10F020005FFF04466846582102F098FD204616B05E
:10F0300070BD224631466846FFF710FF044600289F
:10F04000F0D1EAE70123456789ABCDEFFEDCBA9842
:10F0500076543210FFF7CEBF2DE9F043DFF8A490CD
:10F06000804685B00125002409F11C0709F18C06B2
:10F07000B8F1000F1BD121466A4630465136FFF7E2
:10F08000B9FF394604461037102220BB684613F0FA
:10F090000BFE0446F0B9B8F1000F0DD1072D05F1B4
:10F0A000010510D059F8044FB8F1000FE3D02946FC
:10F0B000114813F0CDFDDEE7104813F001FE072DD7
:10F0C00005F10105EED1B8F1000F0ED1204605B0D3
:10F0D000BDE8F0830124B8F1000FF7D0084813F021
:10F0E000EFFD204605B0BDE8F0830A2013F0F0FDE7
:10F0F000204605B0BDE8F08378220020A01700204C
:10F10000F01700208CCB0260FFF7A2BAFFF7E4BE35
:10F11000FFF7E6BEFFF796BAFFF7B2BA05F0D8B828
:10F1200006F08ABA06F08CBA05F0CCB805F0ECB857
:10F13000012106F0F3BB00BF07F0C8B807F0CAB85A
:10F14000012307F0AFB900BF06F0E2BB06F02EBC0A
:10F15000002106F0E3BB00BF002307F0A3B900BF06
:10F16000012107F021BB00BF08F0C2BC08F0C4BCFD
:10F17000012308F00DBE00BF07F010BB07F0B8BBBD
:10F18000002107F011BB00BF002308F001BE00BF43
:10F1900010B50446FFF750FA2046BDE8104013F0C2
:10F1A00047BD00BF10B5044605F086F82046BDE80F
:10F1B000104013F03DBD00BF10B5044606F0A2FBA1
:10F1C0002046BDE8104013F033BD00BF10B5044623
:10F1D00007F0DEFA2046BDE8104013F029BD00BF5D
:10F1E00010B55821012013F043FD044608B1FFF784
:10F1F0001FFA204610BD00BF10B55C21012013F09E
:10F2000037FD044608B105F053F8204610BD00BF95
:10F2100010B56C21012013F02BFD044608B106F057
:10F220006DFB204610BD00BF10B5D821012013F0A2
:10F230001FFD044608B107F0A7FA204610BD00BF25
:10F2400098B1092270B506464568084C084803E0A5
:10F2500054F8140F40B16268AA42F9D1B16813F0B2
:10F2600023FD0028F4D1204670BD704770CF0260A6
:10F270008C2200202DE9F047566882B01EB9304636
:10F2800002B0BDE8F087904692682A4B0746147892
:10F290008946294AA3FB04535B0903EB8305A4EBCE
:10F2A000C504E4B2009413F00FFD002837DB81455C
:10F2B0008CBF0024012494BBD8F804E00744C0EBC1
:10F2C0000906BEF1010FDBD9D8F808C0022512E00B
:10F2D00013F0FAFC0028074421DBB042A6EB00063D
:10F2E00034BF00240124D4B9D8F804E075451BD2FA
:10F2F000D8F808C001350CEB050331460F4A3846F3
:10F3000013F8013C03F07F0A13F0800F0AEBC414DA
:10F310002346DDD0AE4507D914F07E4FEAD06FF01A
:10F320000A0002B0BDE8F087C6EB090002B0BDE8F4
:10F33000F08700BFCDCCCCCC98220020A0220020AA
:10F34000C0B10322F8B5064645680F460B4C0C4881
:10F3500003E054F8140F50B16268AA42F9D1B168C1
:10F3600013F0A2FC0028F4D123693B60F8BD6FF0D4
:10F370002D00F8BD6FF02D00704700BF88D00260EF
:10F38000A4220020C0B10322F8B5064645680F4606
:10F390000B4C0C4803E054F8140F50B16268AA42B9
:10F3A000F9D1B16813F080FC0028F4D123693B60E7
:10F3B000F8BD6FF02D00F8BD6FF02D00704700BF55
:10F3C00000D10260A8220020C0B10922F8B506468B
:10F3D00045680F460B4C0C4803E054F8140F50B12D
:10F3E0006268AA42F9D1B16813F05EFC0028F4D13A
:10F3F000237C3B70F8BD6FF02D00F8BD6FF02D0041
:10F40000704700BF90D20260AC220020012870B487
:10F4100015D00C4C0C4D04E01E7C864209D05C6972
:10F420001D4605F11403002CF6D16FF02D0070BCC1
:10F430007047AB690C600020136070BC70470923F3
:10F44000024CF7E7B822002090D20260AC220020E4
:10F45000C0B10822F8B5064645680F460B4C0C486B
:10F4600003E054F8140F50B16268AA42F9D1B168B0
:10F4700013F01AFC0028F4D1237C3B70F8BD6FF028
:10F480002D00F8BD6FF02D00704700BFE0D2026084
:10F49000C0220020012870B415D00C4C0C4D04E0A3
:10F4A0001E7C864209D05C691D4605F11403002CC0
:10F4B000F6D16FF02D0070BC7047AB690C60002076
:10F4C000136070BC70470823024CF7E7E403002088
:10F4D000E0D20260C022002038B50D461446FFF786
:10F4E000AFFE30B10346027C00205B7C2A702370A3
:10F4F00038BD6FF02D0038BD10B50C46FFF7A0FEEB
:10F5000018B1C3680020236010BD6FF02D0010BD3E
:10F5100070B40B4C01260B4D03E054F8145F5DB141
:10F52000667CB042F9D1267C8E42F6D1616800201B
:10F530001560196070BC70476FF02D0070BC70478B
:10F5400070CF02608C220020C0B10822F8B50646B8
:10F5500045680F460B4C0C4803E054F8140F50B1AB
:10F560006268AA42F9D1B16813F09EFB0028F4D179
:10F57000237C3B70F8BD6FF02D00F8BD6FF02D00BF
:10F58000704700BF44D30260CC220020C0B10822E3
:10F59000F8B5064645680F460B4C0C4803E054F896
:10F5A000140F50B16268AA42F9D1B16813F07CFB24
:10F5B0000028F4D1237C3B70F8BD6FF02D00F8BD1E
:10F5C0006FF02D00704700BFD0D30260D82200201A
:10F5D000C0B10822F8B5064645680F460B4C0C48EA
:10F5E00003E054F8100F50B16268AA42F9D1B16833
:10F5F00013F05AFB0028F4D1E3683B60F8BD6FF0CC
:10F600002D00F8BD6FF02D00704700BF48D4026098
:10F61000E4220020032870B415D00C4C0C4D04E0FB
:10F620001E7C864209D05C691D4605F11403002C3E
:10F63000F6D16FF02D0070BC7047AB690C600020F4
:10F64000136070BC70470823024CF7E7F0220020DB
:10F6500044D30260CC220020C0B10522F8B5064692
:10F6600045680F460B4C0C4803E054F8140F50B19A
:10F670006268AA42F9D1B16813F016FB0028F4D1F0
:10F68000237C3B70F8BD6FF02D00F8BD6FF02D00AE
:10F69000704700BFB8D40260F8220020F8B12DE90D
:10F6A000F04106461746456888460A220D4C0E482A
:10F6B00003E054F8140F70B16268AA42F9D1B1683E
:10F6C00013F0F2FA0028F4D1227C637C88F8002041
:10F6D0003B70BDE8F0816FF02D00BDE8F0816FF068
:10F6E0002D007047F4D4026000230020F8B50C46CA
:10F6F000164605460021204613F096FA5FEA460EAC
:10F7000022D0AE4429460BE0A2F137034208C007DD
:10F71000A05C58BF1B01714543EA0003A35413D0FA
:10F72000481B11F8012BA2F13003A2F14107DEB210
:10F73000092EEBD9052FA2F16106A2F15703E3D9F7
:10F74000052EE3D90148F8BD0020F8BD00EEFFFF0B
:10F750002DE9F0439BB080468946174604A81E4613
:10F76000FEF766FF04A8FEF773FF60B104466D461E
:10F7700004A8FEF761FF2846102102F0EFF92046A9
:10F780001BB0BDE8F083229A314604A8FFF7A4FB22
:10F79000044608B16D46EBE70822394604A86D46D9
:10F7A000FFF79AFB04460028E2D104A86946FFF758
:10F7B00097FB04460028DBD1B9F1100F35D99DE83D
:10F7C0000F0088E80F0004A8FEF742FF0446002857
:10F7D000CED1102269460DEB0200FFF77DFB0446F7
:10F7E0000028C5D13146229A04A8FFF775FB0446CC
:10F7F0000028BDD13946082204A8FFF76DFB044656
:10F800000028B5D1694604A8FFF76AFB0446002822
:10F81000AED1B9F11F0F08F11000694694BFA9F1EC
:10F820001002102213F00CFAA2E74A46404669463D
:10F8300013F006FA9CE700BF2DE9F041E8B01C4642
:10F8400005460F466E9E08A89046F8F7FDFC234635
:10F8500000962A4602A81821FFF77AFF044650B105
:10F8600008A8F8F7F7FC02A8182102F077F920465B
:10F8700068B0BDE8F08102A908A8F9F7C7FB044603
:10F880000028EDD1014601972B460097424608A873
:10F89000F9F7E8F80446E3E72DE9F041D0B0064671
:10F8A0000D461746579C0AA89846F1F7D3FE0094D8
:10F8B0003246569B294602A8FFF74AFF044650B13C
:10F8C0000AA8F1F7CDFE02A8294602F047F9204622
:10F8D00050B0BDE8F081EA0002A90AA8F1F7E2FF02
:10F8E00004460028ECD10146019733460097424672
:10F8F0000AA8F2F701FE0446E2E700BF0023036016
:10F9000043608360704700BF002800F099812DE9B3
:10F91000F0478046AAB0184689461F46164613F09F
:10F9200093F90546002800F015813146384613F05A
:10F930008BF90446002800F00D81854280F00A8191
:10F94000484613F0B5F92B5C0544202B00F0A68047
:10F950000D2B00F0A0800A2B40F0FC8030466E1C7E
:10F9600013F0A6F9235C2218202B00F09D800D2BAC
:10F9700000F097800A2BA4EB0603349908BF0132EC
:10F98000152BA2EB07020A6049DC0025A946A64216
:10F9900080F0E4800021A41B334603AA00940846AB
:10F9A000F3F71AFE2C3072D0DDF80CA0012051467E
:10F9B00013F05EF90746002800F0408100943346BA
:10F9C00003AA5146F3F708FE0446002840F0CA8017
:10F9D000B9F1000F6BD0329B002B00F03381252D45
:10F9E00000F0E280212D00F0F880052D00F0C980A4
:10F9F000062D00F0E580072D00F00581039902290E
:10FA000005D93B78302B02D17B78832B50D93846EF
:10FA100002F0A4F8384613F00BF9934838E01622A8
:10FA20009249304613F040F90028AED1EB7D0D2B02
:10FA300046D005F117090A2B40F0908009F1010624
:10FA4000A71B162F40DD17228949304613F02CF9E9
:10FA500000283BD109F11800231A0F2B40F3D9805D
:10FA6000082206A9FFF742FE002840F0D28009F1E3
:10FA700028062525A71B0D2F00F3ED8033780D2BCD
:10FA80007CD00A2B6AD101364FF001097FE7794813
:10FA90002AB0BDE8F0876B7801355CE76B780135FB
:10FAA00056E75378013265E7537801325FE70399EF
:10FAB0000020C8F80070C8F804102AB0BDE8F0872C
:10FAC00005F118092B7EB6E7112F16DD12226A49BF
:10FAD000304613F0E9F880B909F11300231A0F2B0F
:10FAE00040F39780082206A9FFF700FE002840F0A7
:10FAF000908009F123062125BCE70D2F3CDD0E2265
:10FB00005E49304613F0D0F8002835D1152F33DD8B
:10FB100016225B49304613F0C7F800284ED0162253
:10FB20005849304613F0C0F8002874D016225649C0
:10FB3000304613F0B9F8F8B9072506F11600231A74
:10FB40001F2B66DD102206A9FFF7D0FD002860D12B
:10FB5000363693E74D482AB0BDE8F0874C482AB0C6
:10FB6000BDE8F0870399384601F0F8FF384613F0F6
:10FB70005FF8A4F588508BE7464889E7737801362B
:10FB80007FE733993A46039B019110213298009008
:10FB900006A8FFF781FE0446002C3FF42FAF38463D
:10FBA00013F046F8204673E7339906A8039A0091AC
:10FBB0003946329BFFF740FE0446EDE70525BCE7DA
:10FBC00033993A463298019118210090039B0DEB2E
:10FBD0000100FFF761FE0446DEE70AA8039DF8F77F
:10FBE00029FB339B06AA04A800930821329BFFF748
:10FBF000AFFD044688B10AA8F8F720FB04A8082145
:10FC000001F0ACFFC8E733993A46039B01912021EC
:10FC1000BCE721483CE706258FE704A90AA8F9F7C5
:10FC200037F904460028E6D1019706AB00972A462B
:10FC300000210AA8F8F768FC0446DCE7174827E724
:10FC4000174870470399384601F088FF384612F08C
:10FC5000EFFF14481CE70E220849304613F024F841
:10FC600000287FF40BAF51E780ECFFFF642D0020EC
:10FC70007C2D0020D4EEFFFF942D0020A82D002025
:10FC8000B82D0020D02D0020E82D002080EFFFFFB0
:10FC900000EFFFFF80EDFFFF00EEFFFF80EEFFFFB4
:10FCA00080EBFFFF00EDFFFF10B50446006818B1C0
:10FCB000616801F053FF206812F0BAFFA06812F0EB
:10FCC000B7FF20460C21BDE8104001F047BF00BF40
:10FCD0002DE9F04F8A4685B000210646009317466D
:10FCE00008461D46134603AADDF838B0F3F76AFC50
:10FCF000304612F0DDFF8146504612F0D9FF039CDA
:10FD0000631C03EB941399440F9B484498425CD8BE
:10FD1000002C4AD1A146214600953B4603AA4846FD
:10FD2000F3F750FC0446002848D1304612F0C0FFDB
:10FD300031460246584612F083FF304612F0B8FFB3
:10FD4000039D0BEB0006ADB14F464FF00A08402D66
:10FD50002C463946304628BF402422462D1B12F03F
:10FD60006FFF3219631C2744039582F800801E44FC
:10FD7000002DECD15046002412F09AFF5146024665
:10FD8000304612F05DFF504612F092FF02464846A0
:10FD9000531CB4541E44109BCBEB06061E6012F09D
:10FDA00047FF204605B0BDE8F08F2146012012F044
:10FDB0005FFF81460028AED10648F3E7484612F0BF
:10FDC00037FF204605B0BDE8F08F109B18606FF03C
:10FDD0002900E7E780EEFFFF0138C0B2032803D80F
:10FDE000024B53F82000704700207047A805002000
:10FDF00010B1002303604360704700BF60B1036827
:10FE000053B19B6A10B504464068984708212046C4
:10FE1000BDE8104001F0A2BE704700BF70B169B1EB
:10FE200070B5056845B904464B6A0E469847606050
:10FE300030B12660284670BD024870BD0148704749
:10FE4000014870BD80C1FFFF80C0FFFFF0B12DE908
:10FE5000F0470568BDB9DFF8489004461F46904654
:10FE6000D9F824308A4698470646606080B1089BDE
:10FE70002846C4F80090C6F800A0C6F80480B76011
:10FE8000F360BDE8F0870448BDE8F087024870479A
:10FE90000248BDE8F08700BF80C1FFFF80C0FFFFC0
:10FEA00030D5026020B1036813B19B6840681847E1
:10FEB0000020704720B1036813B1DB68084618477B
:10FEC000002070472DE9F047DDF82080DDF8249010
:10FED000D8B104460068C0B10E46174663B1056943
:10FEE000B5B160683A46CDF824903146CDF820800F
:10FEF000AC46BDE8F04760470846FEF7D7F920B1A9
:10FF0000FEF740FA03462068E9E70348BDE8F087BA
:10FF10000248BDE8F08700BF80C1FFFF00C1FFFFBE
:10FF20002DE9F04F89B00DF14809DDF8548099E8CA
:10FF3000000ED2B11568C5B11F46EB681446079094
:10FF40000E469847002845D0079A062A11D066B970
:10FF500053464A4639462046CDF84C80CDF848B045
:10FF600009B0BDE8F04FFFF7ADBF1B4809B0BDE8D1
:10FF7000F08F002EF9D0236833B19B6860689847F2
:10FF80000730B8EBD00F23D360680023CDF814B04E
:10FF9000D6F804E01A4635781946CDF80890CDF821
:10FFA00004A00097CDF810E0039503F0DFF90028D6
:10FFB000DCD1206820B18368606898470730C008AA
:10FFC000064B80458CBF1846002009B0BDE8F08F75
:10FFD0000348CBE70348C9E780C1FFFF00C7FFFF25
:10FFE00080BCFFFF00C1FFFF2DE9F04F81B00DF194
:10FFF000280898E8000F00B304460068E8B10E46F0
:02000004600199
:1000000017468BB14569E5B160683A463146AC4662
:10001000CDF834B0CDF830A0CDF82C90CDF82880B4
:1000200001B0BDE8F04F60470846FEF73FF920B148
:10003000FEF7A8F903462068E4E7034801B0BDE8ED
:10004000F08F0248FAE700BF80C1FFFF00C1FFFF49
:10005000F0B5DDF820E050B1046844B1A46924B1E2
:10006000A4464068BDE8F04060470248F0BD024841
:10007000F0BD00BF00C1FFFF80C1FFFFF0B5DDF89C
:1000800020E050B1046844B1E46924B1A44640685A
:10009000BDE8F04060470248F0BD0248F0BD00BF37
:1000A00000C1FFFF80C1FFFFB8B10268AAB1A1B1D2
:1000B0000B6893B130B41C6A8CB11D78052D06D045
:1000C0009A4207D123464968406830BC18471378E4
:1000D000012BF7D0034830BC7047034870470248F3
:1000E000F9E700BF00C1FFFF80C1FFFF50B108B5B5
:1000F00003684BB1DB6A1BB140689847002008BD1C
:10010000024808BD02487047014808BD00C1FFFF12
:1001100080C1FFFF18B103680BB1586870470148F0
:10012000704700BF002E002010B1006800B10078B9
:10013000704700BF062818BF01280CBF012000200F
:10014000704700BF08B502F0C1F8C00008BD00BF8D
:100150002DE9F04385B00E4691461F460D9C804622
:1001600002F0B4F8A04215D800230C9A0546CDF849
:1001700008900392404601971A460096194603F0EC
:10018000F3F920B9A0F56450A54228BF002005B0BE
:10019000BDE8F0830048FAE780BCFFFF2DE9F04F8F
:1001A00081B0934606460C460AAFDDF834801D4602
:1001B00097E8800602F08AF8CDF830B05146C9F8C9
:1001C00000004246304601230D970B950A9401B07A
:1001D000BDE8F04F03F034B82DE9F04F144681B07C
:1001E0000F46994606460A9DDDF82CB0DDF83080B2
:1001F000DDF834A002F06AF8A0420ED15246414622
:1002000030460123CDF834B0CDF830900B970A95E5
:1002100001B0BDE8F04F02F09FBE024801B0BDE85A
:10022000F08F00BF80BFFFFF2DE9F04F81B08946FE
:1002300017469B460BAC0A9D064694E8100502F053
:1002400045F8A04228600DD852464146304600236A
:10025000CDF830B0CDF82C900A9701B0BDE8F04F42
:1002600002F0D4BC014801B0BDE8F08F00BCFFFF34
:1002700002F088B830B4012300F10804054D1430B1
:10028000054A4D608C6048610A610B700B7330BC8D
:10029000704700BF0C2E0020142E002002380228C8
:1002A0008CBF002001207047806D704710B582B070
:1002B00011461A46059C049B0094F9F7D1FF034BA5
:1002C00010F5984F08BF184602B010BD00C7FFFFD9
:1002D00070B470BCF9F75CBF70B5AEB0044615469B
:1002E0001E4603A8FAF740F8214603A8FAF71EF8BD
:1002F000044668B9339BA4F56454324629460093FA
:1003000003A8329BF9F7ACFF10F5984F18BF0446CD
:1003100003A8FAF72BF820462EB070BDF0B5B1B0A7
:1003200004460D46164605A81F46FAF71DF8214655
:1003300005A8F9F7FBFF30B1044605A8FAF716F84F
:10034000204631B0F0BD399B389A379936980393DF
:100350003B460292324601912946009005A8F9F7E2
:1003600017FF0446E9E700BFFBF780BD8830022293
:10037000024B88600A704B60704700BF1C2E002043
:10038000023801288CBF002001207047A0F1040032
:10039000B0FA80F040097047A0F10100B0FA80F097
:1003A0004009704708B5C36800689847C00008BD99
:1003B0002DE9F04F83B0934604460D461E460E9934
:1003C000DDF83080DDF83490C36800680191DDF815
:1003D0003CA0984727680123CDF838B05246C9F8A9
:1003E00000003846CDF83C800D960C95A468019924
:1003F000A44603B0BDE8F04F604700BF2DE9F047C9
:10040000154604461E46C36800688946089FDDF805
:1004100024809847A8420BD120684B46CDF8248011
:100420003A46089601216468A446BDE8F047604753
:100430000148BDE8F08700BF80BFFFFF10B504464C
:1004400003F0D4F82046BDE8104012F0F1BB00BF25
:1004500010B50446FAF72EFD2046BDE8104012F014
:10046000E7BB00BF10B50446F9F780FF2046BDE8A2
:10047000104012F0DDBB00BF10B50446102101F0A2
:100480006DFB2046BDE8104012F0D2BB10B5AC2188
:10049000012012F0EDFB044618B10022114601F0D4
:1004A000C1FC204610BD00BF10B5AC21012012F0E8
:1004B000DFFB044608B1FAF7A9FC204610BD00BFD7
:1004C00010B5AC21012012F0D3FB044608B1F9F7B6
:1004D0004BFF204610BD00BF1021012012F0C8BB09
:1004E0002DE9F043CB68ADF50D7D074608680C4655
:1004F00098470546384601F0E9FEED00B5EBC00F20
:1005000028D104AD20222A2100262846904612F048
:100510008BFBE368206898470CAA8146012320687A
:1005200031460295A46803923246CDF804800096C5
:10053000A04718B10DF50D7DBDE8F0830CAA01466A
:10054000CDF804904346009238462A46FFF700FE55
:100550000028EFD002480DF50D7DBDE8F08300BF07
:1005600000BEFFFF0048704700E1FFFF2DE9F04F9C
:10057000ADF51B7DDDF894B20390BBF1400F98BF41
:10058000402B029104929DF8980200F2F680802997
:10059000994694BF00240124002C40F0EE80FDF722
:1005A00085FE8046002800F0EA8007A8FDF78AFE55
:1005B0002246414607A8FDF7A5FE18B10DF51B7DA3
:1005C000BDE8F08F40463AADFDF7DCFE07469DF8EA
:1005D0009C121AA8212FAA4634BF402380231A4612
:1005E0001E46019312F020FBB3455C465046A49989
:1005F00028BF34462246A24412F022FB361BF3D118
:100600005AAC0597CA46DDF804B02746DDF81090CD
:10061000DA4556463846494628BF5E463246374494
:1006200012F00EFBBBEB060BF2D1029B0AAE059F4C
:10063000002B00F0A6807AABDDF8A0B2049307A8E7
:10064000FDF7ACFE50BBDDF804901AA907A84A4696
:10065000FDF7AEFE10BB4A46294607A8FDF7A8FEE7
:10066000E0B94A46214607A8FDF7A2FEB0B93146D7
:1006700007A8FDF7A7FE88B9BBF1010F27D94FF0F6
:10068000010901E0D94522D033463A463146404679
:1006900009F10109FDF7A0FE0028F3D082462846A3
:1006A000802101F05BFA2046802101F057FA04987E
:1006B000802101F053FA3046402101F04FFA07A89B
:1006C000FDF706FE50460DF51B7DBDE8F08F029B41
:1006D0003146DDF80CE0BB4299467346704628BFB0
:1006E000B9464B444A46039312F0AAFA029BB3EB75
:1006F0000903029347D0049BCDF81480DDF804A0D1
:1007000098465745B9464046314628BFD1464A46E5
:10071000C84412F095FABAEB090AF2D1049A019B87
:10072000DDF81480D0181946024600E039B112F8FD
:10073000013D01390133DBB21370002BF6D0019B70
:100740008646E918002311F801CD1EF8012D8D42CF
:10075000624413440B70C3F30723F4D1019BE118E7
:10076000002311F801ED10F8012D8C42724413445E
:100770000B70C3F30723F4D161E704481EE7044874
:100780001CE77AAB04934FF0000A88E780E0FFFF94
:1007900000E1FFFF2DE9F04F0027DBB005461046D2
:1007A00007919A460897659CF7F7CAF8002800F069
:1007B000C080802C0646D0F80480D0F80CB0099791
:1007C00000F2B58039464FF4817219A80A970B9749
:1007D00005F108090C9712F027FA2B68AF686A68D0
:1007E000302B17445BD104230BAA39464846F2F755
:1007F00071F9002842D0A0F5F45000283BD15CB13B
:10080000649B5A1E19AB03EB440012F8011F02331C
:1008100003F8011C9842F8D10134099A4FEAD8082C
:10082000012765000B9C0492414601942B460C9CC9
:1008300011A8CDF808A019AA03970094FFF796FE17
:10084000C8B9BBF1000F2ED10DAF19A8F7F79EF86C
:10085000314619A8F7F7AEF80446002837D011A89A
:10086000202101F07BF93846102101F077F919A811
:10087000F7F790F820465BB0BDE8F08FA9684846CE
:100880000B9B09AA0C910B443946AB60F2F760F957
:100890000028B0D1AB689F42B1D02748EBE727488A
:1008A0005BB0BDE8F08F099802220DAF0B9C2B4680
:1008B0000C9D0490594603923846CDF808A019AA19
:1008C00001940095FFF752FE0028D4D1BDE79DF9B1
:1008D0001C3011A94FEAC80219A8F7F797F8044687
:1008E0000028BCD1F268394619A8F7F7F9F8044690
:1008F0000028B4D119A8F7F715F904460028AED19D
:1009000008AB66A919A800930EC9F7F733F9044696
:100910000028A4D10899A4F5F054689B08AA19A846
:100920001944F7F721FA002808BF002497E7044884
:10093000A1E704489FE700BF1AE1FFFF1EE1FFFFA8
:1009400080E0FFFF00E1FFFF2DE9F04FA5B0044676
:100950000068904601930F46DDF8BC90DDF8C0A01A
:10096000FDF710FD0022012303928DF80F30BAF13C
:10097000000F67D0431E14AA064602EB030B424643
:1009800039462046FDF736FD00285CD12E9A2046D8
:100990000199FDF7A5FD002855D1042203A92046A1
:1009A000FDF79EFD00284ED114A92046FDF7ACFDB1
:1009B000002848D1324614A904A812F041F9B9F12F
:1009C000010F23D90125424639462046FDF712FD85
:1009D000002838D1324604A92046FDF781FD90BB9E
:1009E00004A92046FDF790FD68BB66B10DF14F01EB
:1009F0000DF10F0011F8012F10F8013F594583EA5E
:100A000002030B70F6D10135A945DCD156453546B8
:100A100014A9319828BF55462A46C5EB0A0A12F098
:100A20000FF9319B04A804212B44319310F8013DA8
:100A300001390133DBB203700BB90029F6D1BAF1E9
:100A4000000F9CD1002025B0BDE8F08F2DE9F043C8
:100A50008568BDB000244FF00409089506940794FA
:100A600009948DF8169081C830282F4415D11D4661
:100A700014460E4610AB0AAA394608A8F2F774F9D4
:100A800030B90B9A092A0CD068483DB0BDE8F08314
:100A9000A0F53C503DB0BDE8F08365483DB0BDE8F1
:100AA000F0830C99634812F0FFF80028ECD1109AFB
:100AB000129B1199302A249303EB0108EDD14B4688
:100AC00017AA414624A8F2F705F8002845D0A0F55A
:100AD0003C500028D9D19DF81600FDF7E7FB804671
:100AE0000028D1D0394608A813AB0DAAF2F73CF97B
:100AF0000028CDD10DA80DF11701FEF7ADFD00289E
:100B0000C2D19DF81700F6F71BFF81460028BBD025
:100B10004368139ADB08042A07934ED1149AC368DA
:100B20009A424AD119A8FDF7CDFB2CA8F6F72EFF63
:100B3000149A159924A812F083F8414619A80122A5
:100B4000FDF7E0FB0746002839D019A8FDF7C0FBE8
:100B50002CA8F6F71FFF384697E7249806AA179B9C
:100B600041461890034424A82493F1F7F1FF00288C
:100B7000ADD1249B9845AED007AA414624A8F1F7F1
:100B8000E7FF10F1620F01D00028A0D1249B984507
:100B9000A1D0414624A82CAAF2F754F9002896D1F6
:100BA0002CA80DF11601FEF7F1FC00287FF46CAFC4
:100BB000249B98458FD0204867E7204865E7079831
:100BC0002A462146069D179C0DF17008029019A82F
:100BD000189BCDF80C8001950094FFF7B5FE0746F1
:100BE0000028B2D149462CA8F6F7E4FE07460028B3
:100BF000ABD1079A73B241462CA8D200F6F706FF94
:100C000007460028A1D1469A09ABA7F5385724A971
:100C100001922CA8459A02930092449B149AF7F7EC
:100C200075F9002808BF00278FE700BF80D1FFFFBC
:100C30009ED0FFFF402E00209AD0FFFF00D1FFFF83
:100C40002DE9F04F9FB083460BA8FDF73BFB042036
:100C5000FDF72CFB00285BD0014601220BA8FDF715
:100C600051FB002854D1DFF8EC8004464FF0140902
:100C7000012308F1180208F1600708F5907608F5DD
:100C8000F075059208F130024FF0040A069208F15F
:100C9000480207920822BBF1000F2DD10EA9019343
:100CA000CDF800A02B4603910BA83146CDF8089053
:100CB000FFF74AFE01342835203682464A460EA9FF
:100CC00018BB3846203711F0EFFFF0B9BBF1000F29
:100CD00027D1062C2AD0059B069953F804AF58F863
:100CE000042F059351F8043F0691079951F8049F8A
:100CF0000791BBF1000FD1D0214613480993089208
:100D000011F0A6FF099B089AC8E7BBF1000F14D1A8
:100D10004FF0010A0BA8FDF7DBFA50461FB0BDE803
:100D2000F08F0A4811F0CCFF062CD4D1BBF1000F94
:100D3000F0D00A2011F0CCFFECE705484FF0010A93
:100D400011F0BEFFE6E700BF4C2E0020A0170020E8
:100D5000F017002020D602602DE9F0418AB09046BD
:100D60003023054609AA0E46F1F7B4FE00284ED1FD
:100D70002A68099B13449E4245D1022309AA3146A1
:100D80002846F1F7A7FE044620B1A0F56C500AB042
:100D9000BDE8F08129680346099A40460694059407
:100DA0000494039402940194009401F081F80028C3
:100DB00032D12C6809AA09980223314604442846F6
:100DC0002C60F1F787FE10BB2C680346099F024692
:100DD00004900146039002900190009040460697CF
:100DE000059401F065F8B8B92A684046099B134498
:100DF0002B6001F097F878B9404601F069FA58B9CC
:100E00002B689E42C3D005480AB0BDE8F081A0F52A
:100E10006C500AB0BDE8F0810148B8E79AC4FFFF02
:100E200000C5FFFFF0B58FB00C46154606460BA86F
:100E3000F2F7BEFE611909AA0AA830230A94F1F755
:100E400049FE20B1A0F5745420460FB0F0BD0A9FB2
:100E500008AA099B0AA81F443946F1F779FE002821
:100E6000F0D1089C002C40F0D480022309AA394616
:100E70000AA8F1F72FFE054680B10BA8F2F7A0FEF5
:100E80004FF680732B4033B1654C304602F0AEFB19
:100E900020460FB0F0BDA5F57454F6E7034606955D
:100EA0000595304604950395029501950095099A9C
:100EB0000A9900F0FDFF05460028DED10A9D0223B5
:100EC000099809AA394605440AA80A95F1F702FECD
:100ED00005460028D1D12B4609980A9D06901A464E
:100EE00005951946049330460393029301930093AA
:100EF00000F0DEFF05460028BFD10A9D02230998B5
:100F000009AA394605440AA80A95F1F7E3FD054602
:100F10000028B2D12B4609980A9D04901A460395E1
:100F2000194606933046059302930193009300F00F
:100F3000BFFF05460028A0D10A9D0223099809AAEF
:100F4000394605440AA80A95F1F7C4FD054600286C
:100F500093D10022099D0A9B3046009511460692C6
:100F60000592049203920292019200F0A1FF0546BD
:100F7000002882D10A9D09AA09980223394605440E
:100F80000AA80A95F1F7A6FD054600287FF475AF7B
:100F90002B4609980A9D02901A4601951946069318
:100FA0003046059304930393009300F081FF0546B8
:100FB00000287FF462AF0A9A3046099B13440A93D3
:100FC00000F0B0FF054600287FF457AF0BAA394662
:100FD0000AA8F1F7A3FE054600287FF44EAF0BAA3E
:100FE00039460AA8F1F79AFE054600287FF445AF76
:100FF0000AA80BAA3946F1F791FE054600287FF4AE
:101000003CAF0A9B9F4206D00BA8054CF2F7D8FDD7
:101010003BE7044C18E70BA8F2F7D2FD14E700BF3A
:1010200000C3FFFF80C2FFFF0368062BF0B50D462B
:10103000C1B000F0A480044602A8F9F7E1FE6846BA
:10104000A36821AA666800931E443146F1F780FD2B
:10105000002833D1219B013B022B00F23D8130233C
:101060003146684601AAF1F735FD044628B102A8C9
:10107000F9F7EEFE204641B0F0BD01990623009F2E
:1010800001AA68460F443946F1F724FD04460028BA
:10109000EDD1019A072A40F02181009C9349204616
:1010A00011F002FE002840F01981073439466846E5
:1010B00003AA0094F1F732FE002879D0A0F5745409
:1010C000002CD4D121A8F9F79BFEF9F72FFE037865
:1010D000064623B945E016F8013F002B41D021A870
:1010E000F9F7B6FE317821A8FBF77AFF044600280D
:1010F00057D1189A379B9A42EDD1199A389B9A4248
:10110000E9D122A903A8F3F72BF90028E3D125A9F7
:1011100006A8F3F725F90028DDD128A909A8F3F7D7
:101120001FF90028D7D134A915A8F3F719F9002819
:10113000D1D12BA90CA8F3F713F90028CBD131A9F1
:1011400012A8F3F70DF904460028C4D101460FA8F0
:10115000F2F7B4FE074621462EA8F2F7AFFE87420B
:10116000B9D121A8F9F774FE33788DF804303378BB
:10117000002B00F0B98002A8F9F76AFE05E001A98A
:10118000FEF766F9002840F0AB802B789DF804103C
:1011900013B18B4240F09E802846FBF721FF41B0FF
:1011A000F0BD21A8F9F754FE33788DF804305EE7DE
:1011B00003A8F2F7DBFE009B18909F4240F092805C
:1011C000302301AA31466846F1F784FC0446002822
:1011D0007FF44DAF01990423009C68460DEB030298
:1011E0000C442146F1F776FC00287FF467AF019AA2
:1011F00006A80099F2F7E8FE00287FF45FAF009F91
:101200000423019821460DEB03020744684600972A
:10121000F1F760FC00287FF451AF019A09A800990A
:10122000F2F7D2FE00287FF449AF009F0323019814
:1012300001AA2146074468460097F1F74BFC18B90C
:101240009DE80C0013440093009B9C424AD101AAE4
:10125000042331466846F1F73DFC00287FF42EAFA9
:1012600002A80CA99DE80C00FAF736F908B310F5AE
:101270009D4F31D1009B1B78023B012B2CD803A83A
:10128000F2F79CFE019B411C0246994224D1009931
:101290000CA80131F2F798FEF0B9009B0FA819785D
:1012A0000239F2F7EFFDB8B9012112A8F2F7EAFD11
:1012B00090B9009A3146019B6846134415AA0093E1
:1012C000F1F72CFD00287FF4F9AE15A8F2F74EFED9
:1012D0001990F7E60648CEE6054CC8E6054CC6E68A
:1012E0000548C8E6054CC2E6054CC0E6642E002061
:1012F00000C3FFFF80C6FFFF00C6FFFF9AC2FFFFCB
:1013000080B1FFFF70B5002584B016461C461D60F5
:1013100001AA5D609D60F1F727FD18B1A0F56A5044
:1013200004B070BD01A83146FEF74EF868B93378B5
:10133000012BF5D12368052B00D043B9636805481C
:10134000002B08BF002004B070BD0348E8E7014847
:10135000E6E700BF80C5FFFF80C3FFFFF0B589B09F
:101360000C4605461144302303AA04A80494F1F75F
:10137000B1FB18B1A0F5745009B0F0BD049E02AAEB
:10138000039B04A81E443146F1F7E2FB0028F1D18B
:10139000029B012B4BD1042303AA314604A8F1F789
:1013A00099FB0028E6D105F17C07039A0499384699
:1013B000F2F70AFE044600283BD1049A039B13442B
:1013C0009E42049319D0A02303AA314604A8F1F742
:1013D00081FB044698B310F1620F2AD1049B9E4210
:1013E0000BD03146A12303AA04A8F1F773FB0446EE
:1013F000002845D010F1620F1BD105F188060024AA
:10140000314605F128033A46019428460094FAF73C
:101410001FFC044668B939462846FAF7FBFB044628
:101420000028A9D02846F9F745FD2046A4E72D4815
:10143000A2E72846F9F73EFDA4F574509CE7039A0D
:10144000049B002A03EB02044ADD1B78062B05935C
:1014500001D0302B42D106AA214604A8F1F73AFB6D
:1014600060BB049A069B079213449C4204932BD1C1
:10147000294605A8FFF7D8FD04460028AED0D1E7DD
:10148000049C03AA039B04A81C442146F1F7C8FB53
:1014900000287FF46FAF049A039B13449C4211D140
:1014A00005F18806A31A28463146FAF715F868B1FF
:1014B000049410F59D4FA2D00B485DE7B0F574542D
:1014C000B0D1D5E7094857E7084CABE73146284685
:1014D000FAF7C0F8049400289DD0EAE7044CA1E78D
:1014E000044C9FE780C2FFFF00C3FFFF9AC2FFFFCB
:1014F0009EC2FFFFA0C2FFFF70B50B4688B000245C
:1015000011440646049303AA04A830238DF807402B
:10151000F1F7E0FA20B1A0F57454204608B070BD90
:10152000049D02AA039B04A81D442946F1F710FB61
:101530000028F0D1029C1CB1264C204608B070BD9A
:101540000DF10702294604A805ABFFF7DBFE0028D2
:10155000E1D103AA294604A80423F1F7BBFA002825
:10156000D9D1039B3BB39DF80700FEF735FC00B3D0
:1015700001463046FEF752FCC8B99DF80730012BF2
:101580001BD0023B012B14D805A87168FFF74CFD56
:10159000034638B9039A04997068FFF7DFFE0346E3
:1015A0000028BAD030461C46FEF728FCB5E70446B2
:1015B000B3E7094CB1E7094CAFE7039A04997068A7
:1015C000FFF730FC044608B90024A6E73046FEF7D2
:1015D00015FCA2E780C2FFFF80C3FFFFA0C2FFFF90
:1015E000F0B591B0169C09911144002C2ED01E46E6
:1015F0000546302308AA09A8F1F76CFA18B1A0F53E
:10160000745011B0F0BD089A0DAB099F09A817449A
:101610000AAA3946F1F7A8FB0028F0D108AA3946F2
:1016200009A80423F1F756FA0028E8D10AA80DF119
:101630001E020DF11F01099FFEF730F840B10B9A11
:101640000A2A1AD0092A34D02548DAE72548D8E7EB
:1016500001940146089C0DA80096099E9DF81F3034
:101660009DF81E20049703940296FFF793F8D0B1DB
:1016700010F5F05FC5D11C48C3E70C991B4811F069
:1016800013FB01460028DFD123463246099C0DA8F2
:10169000089E02978DE85000FEF764FF0028B0D145
:1016A0003B78302BE7D139462846089AFFF724FFCC
:1016B000A7E70C990E4811F0F7FA01460028C3D1AC
:1016C00023463246099C0DA8089E02978DE85000DB
:1016D000FFF7BCF90028E6D010F5385F91D1CAE7D2
:1016E00080C6FFFF00C4FFFF80C4FFFF6C2E0020F8
:1016F000782E00202DE9F04188B0144605460E46AC
:1017000005A81F46FEF7FAF814B304F1FF3816F8DF
:1017100008300BB32146012011F0AAFA80460028B8
:1017200079D02246314611F08BFA0E9B2246414673
:10173000009328463B46FFF753FF214607464046A5
:1017400000F00CFA404611F073FA67BB002000E08D
:101750006E4808B0BDE8F0810E9B04AA009705A86A
:101760000193334602926A496A4AFEF7CDF800288F
:1017700053D10120FEF730FB01462846FEF74EFB11
:10178000044630B9069A05996868FFF74BFB044692
:1017900010B12846FEF732FB05A8FEF785FA204671
:1017A00008B0BDE8F0812846FEF728FB17F56E5F0C
:1017B0002FD0224631462846FFF79EFE0028C5D08E
:1017C0002846FEF71BFB0120FEF706FB01462846D4
:1017D000FEF724FB30B9224631466868FFF722FB4A
:1017E0000028B3D02846FEF709FB0220FEF7F4FAE2
:1017F00001462846FEF712FB30B92246314668689A
:10180000FFF7ACFD0028A1D02846FEF7F7FA3F48C5
:101810009FE741489DE741489BE710F59C5FF8D062
:1018200010F5985F26D010F5845F92D116F8083035
:10183000002B7FF46FAF04AB0E9A05A800970293BC
:10184000334601923649374AFEF75EF8A0B90220C6
:10185000FEF7C2FA01462846FEF7E0FA04460028E1
:1018600097D1069A05996868FFF778FD0446002825
:101870008FD191E72C486CE710F59C5FC9D010F52B
:10188000985FF7D010F5845F7FF463AF16F80820F7
:10189000002A7FF43FAF04AB0192009205A80293A7
:1018A0003346224A2249FEF72FF848B9069A2846BD
:1018B0000599FFF721FE044600283FF46DAF68E765
:1018C00010F5845F7FF445AF16F80820002A7FF4F6
:1018D00021AF04AB0192009205A802933346154A4A
:1018E0001549FEF711F860B90E9C3B46069A28464A
:1018F00000940599FFF774FE044600283FF44CAFAE
:1019000047E710F5845F7FF424AF03E700C3FFFFD0
:10191000A42E0020842E002080C4FFFF80C0FFFF83
:10192000E42E0020C42E002000C4FFFF042F00205E
:10193000202F00203C2F0020602F00202DE9F043B5
:1019400087B000241646302302AA8DF807400546CA
:10195000F1F7C0F820B1A0F5745007B0BDE8F083EE
:1019600002990DF107022F6803AB28460F44394650
:10197000FFF7C8FC0028F0D102AA39462846F1F743
:101980004FF9E8B92A68029B13449F421BD19DF886
:101990000700FEF721FA002843D001463046FEF743
:1019A0003DFA0028D9D19DF80730012B0DD0023B1C
:1019B000012B17D91C4C3046FEF720FA2046CCE705
:1019C000A0F56C50C9E71948C7E772683946284640
:1019D000FFF7C2F904460028EDD12B689F421ED0C4
:1019E000124CE8E703A87168FFF71EFB04460028C5
:1019F000E1D1D6F804802A6808F188094046BB1A6C
:101A00004946F9F769FD044608B12F60D3E7494616
:101A10004046F9F71FFE2F6004460028CBD1002076
:101A20009BE7014899E700BF80C3FFFF9AC4FFFF0F
:101A30002DE9F0418AB0154606460F4607A8FDF786
:101A40005DFF85B907A8FEF72FF90120FEF7C4F95D
:101A500000283AD001463046FEF7E0F9002836D09B
:101A60000AB0BDE8F08105F1FF3817F80830002B07
:101A7000E8D106AA0193009307A802923B46314A97
:101A80003149FDF741FF044600283AD1079B012068
:101A90000593FEF7A1F9C0B101463046FEF7BEF945
:101AA0000028DDD1059905A8089B72681944FFF745
:101AB00053F9044610B13046FEF7A0F907A8FEF727
:101AC000F3F820460AB0BDE8F0812048C8E70DF1E0
:101AD00028083D44726848F8147D29464046FFF7BF
:101AE0003BF904460028ECD03046FEF787F9184B46
:101AF0009C42E6D13246294640460597FFF71EFF35
:101B0000AEE710F5845FD9D117F80820002A99D1E3
:101B100006AB0192009207A802933B460D4A0E497C
:101B2000FDF7F2FE044648B9079B3246089905A81E
:101B300005931944FFF702FF0446BFE710F5845FE1
:101B4000BCD17FE7882F0020A82F002080C3FFFF93
:101B50009EC4FFFFC82F0020E42F0020024B0A463E
:101B600000211B68184700BFA86400202DE9F04F32
:101B700093B00F46044690461C9E02A840220021C6
:101B8000994611F051F8002330680193FCF7FAFBF5
:101B9000A7B38246BA453046554628BF3D46FCF7B6
:101BA000FDFB834660BB4A4641463046FCF700FCDD
:101BB000834628BB042230460DEB0201FCF7F8FBFC
:101BC0008346E8B902A93046FCF7FCFB8346B8B966
:101BD00065B10DF10702601914F8011B12F8013FFD
:101BE000A04283EA010304F8013CF5D19DF80730D7
:101BF0007F1B03F101038DF80730CBD14FF0000BB1
:101C000002A84021FFF7AAFF584613B0BDE8F08FA5
:101C10002DE9F04F002683B091461C4600960546FC
:101C20000196DDF8308018BB8B420F4602D35C1A58
:101C30000A2C04D8444D284603B0BDE8F08F434633
:101C40004FF0010EE61EFF2103F8020B1846324644
:101C500088F801E010F0E8FF0346A01E3A469D55C3
:101C60004946184410F0ECFF284603B0BDE8F08F59
:101C7000FCF71CFB06460028DCD028466A4601A972
:101C8000FDF7C8FC05460028D4D13046FCF77AFBA6
:101C9000009B0646034403F108027F2ACAD810F1CC
:101CA0000A01C7D203F10A029142C3D89442C1D3B8
:101CB000A4F10A07FF1A0A2FBCD9C346033F012328
:101CC000FF210BF8025B3A46584688F8013010F0C5
:101CD000ABFFDDF800A00BEB07034FF0300E0AF16D
:101CE00008015FFA8AF20BF8075006203144DF1D25
:101CF0009A71043283F801E083F803E09970587117
:101D000038461A715246019910F09AFF07EB0A0300
:101D10004FF0040E0522494603EB0E0B07F80A208C
:101D2000DE7032465D70584683F802E05E4410F083
:101D300087FF08EB04039E423FF47DAF21464046F7
:101D4000FFF70CFF76E700BF80BFFFFF52B138B549
:101D50000C468D1810F0A0FF04F8010BAC42F9D12D
:101D6000002038BD00207047F8B500F1080547682D
:101D700004460E462846F2F721F9874245D16368AA
:101D8000B3F5007F41D800212846F2F75BFB00281D
:101D90003BDD28460021F2F791F8B0B3BEB304F161
:101DA0002C0500212846F2F74DFB00282DDD2846A2
:101DB0000021F2F783F840B304F1380500212846EA
:101DC000F2F740FB002820DD28460021F2F776F8E4
:101DD000D8B1002104F11400F2F734FB002814DD1F
:101DE000002104F14400F2F72DFB00280DDD002155
:101DF00004F15000F2F726FB002806DD04F15C0038
:101E00000021F2F71FFB002808DC0548F8BD314629
:101E100004F11400F2F716FB0028F6DD0020F8BDEF
:101E200080BFFFFF70B504460E4615460021AC2268
:101E300010F0FAFEC4F8A460C4F8A85070BD00BF4A
:101E4000F8B5044615461E460F4619B10830F1F79D
:101E500039FF30BB2DB1294604F12C00F1F732FFD8
:101E6000F8B92EB1314604F13800F1F72BFFC0B9B3
:101E7000069B2BB1069904F12000F1F723FF80B9EE
:101E8000079B2BB1079904F11400F1F71BFF40B930
:101E90005FB104F10800F2F791F800216060084694
:101EA000F8BDA0F581410846F8BD3946FBE700BF03
:101EB00070B504461D4661B100F108063046F2F7E0
:101EC00083F810B1A0F5814070BD3046F2F776F886
:101ED00060603DB12946049A04F12C00F2F774F8D1
:101EE0000028EFD1059B3BB1069A04F13800059913
:101EF000F2F76AF80028E5D1079B3BB1089A04F194
:101F000020000799F2F760F80028DBD1099B3BB16C
:101F100004F114000A9A0999F2F756F80028D1D171
:101F2000002070BD2DE9F04F044600F1080A87B08B
:101F3000002104F1140300F12C0700F1380800F12E
:101F4000200950460293F2F77DFA021C04904FF0EC
:101F5000000118BF012238460592F2F773FA0021FA
:101F600003904046F2F76EFA002105464846F2F724
:101F700069FA061C4FF000018346029818BF01263B
:101F8000F2F760FA039A0030049B18BF0120002A80
:101F900018BF002D14BF012100211BD006EA00024A
:101FA0000025BBF1000F14BF002600F0010655EA22
:101FB000060000D17AB14FF0010B33BB29B3424682
:101FC00039465046F2F78AFBD8B1A0F5814007B0F8
:101FD000BDE8F08F1AB1254807B0BDE8F08F059A2B
:101FE000002AF8D0B5FA85F506406D09284035403D
:101FF000BBF1000F14BF002200F0010252BB1646D5
:10200000D5E75046F1F7DAFF6060C5B92EBBBBF1EA
:10201000000F0ED004F1500304F15C054A4641461E
:1020200038468DE8280004F1440301F075FF0028CC
:10203000CBD15946204607B0BDE8F04F94E6CDF825
:102040000080504602993B464A4601F0FFFD0028B9
:10205000DDD0BAE7AB460E46AFE7029A4B464146A3
:10206000384601F0F1FE0028D1D0AEE780BFFFFF77
:102070002DE9F04700F1080904468A460021484648
:1020800015461E46DDF82080099FF2F7DBF978BB84
:10209000B8F1000F08BF002E4BD1002D49D1BAF185
:1020A000000F04D049465046F1F70CFEF0B92DB1AF
:1020B000284604F12C01F1F705FEB0BB2EB13046E5
:1020C00004F13801F1F7FEFD88BBB8F1000F05D02F
:1020D000404604F12001F1F7F5FD68BB77B304F148
:1020E00014013846BDE8F047F1F7ECBDBDE8F087D4
:1020F000002104F12C00F2F7A5F90028C8D0002136
:1021000004F13800F2F79EF90028C1D0002104F153
:102110002000F2F797F90028BAD0002104F114004A
:10212000F2F790F90028B3D0B9E7BDE8F087BDE831
:10213000F0870448BDE8F087BDE8F0873846BDE881
:10214000F08700BF80BFFFFF2DE9F04F85B01D462F
:1021500000F108070446109B894638460021019388
:102160009246129BDDF838B00293139B0F9E0093AA
:10217000149BDDF844800393F2F764F9002838D10A
:10218000B8F1000F08BF002E50D1002D4ED1B9F18B
:10219000000F05D0524649463846F1F74BFF28BBA1
:1021A00035B15A46294604F12C00F1F743FFE8B94E
:1021B00036B1019A314604F13800F1F73BFFA8B976
:1021C000B8F1000F06D0029A414604F12000F1F761
:1021D00031FF58B9009B43B1039A04F114000099F0
:1021E00005B0BDE8F04FF1F725BF184605B0BDE8D2
:1021F000F08F002104F12C00F2F724F90028BFD061
:10220000002104F13800F2F71DF90028B8D00021B0
:1022100004F12000F2F716F90028B1D0002104F1F2
:102220001400F2F70FF90028AAD0B0E7014805B072
:10223000BDE8F08F80BFFFFFF8B504460D460830BB
:10224000002116461F46F2F7FDF808B91B48F8BDF5
:10225000002104F12C00F2F7F5F80028F6D0002157
:1022600004F13800F2F7EEF80028EFD0002104F175
:102270002000F2F7E7F80028E8D0002104F114006C
:10228000F2F7E0F80028E1D02DB1284604F144012E
:10229000F1F718FD78B92EB1304604F15001F1F78D
:1022A00011FD40B92FB104F15C013846F1F70AFD88
:1022B00008B90020F8BDA0F58140F8BD80BFFFFF40
:1022C000C0F8A410C0F8A820704700BF406870474D
:1022D00070B500210446FFF747FDD0B904F10806A8
:1022E00005463046F1F742FE7F2812D914342946BC
:1022F0002046F1F7E3FD60B12046F1F737FE0128F3
:1023000007D931462046F2F72BF8002801DA284693
:1023100070BD014D284670BD00BEFFFFF0B585B011
:102320000446FFF7D5FF40BB01212046FFF71CFD07
:1023300018BB04F12C0504F1380604F1200704F160
:10234000140E02902946019032463B46CDF800E03B
:1023500004F1080001F01EFE78B904F1500304F105
:102360005C0E3A46314628468DE8084004F14403A5
:1023700001F010FF08B905B0F0BD014805B0F0BD8F
:1023800000BEFFFF38B50C460546FFF7A1FF90B928
:102390002046FFF7C3FF70B904F1080105F10800FA
:1023A000F1F7DEFF38B904F1140105F11400F1F77B
:1023B000D7FF00B938BD014838BD00BF00BEFFFFE0
:1023C000F0B50E4687B0002117460546FFF7CCFC56
:1023D000D8B9044603A8F1F7EBFB314603A86A68B5
:1023E000F1F7F2FD38B1A0F5854403A8F1F7E8FB59
:1023F000204607B0F0BD05F1080603A83146F1F705
:10240000AFFF002803DB0F4CEFE70F4CF0E705F1BF
:10241000680003A905F114023346009008466D6870
:10242000F2F77EFE0028DED12A46394603A8F1F7EE
:1024300001FE054603A8F1F7C3FB002DD8D0A5F592
:102440008544D5E77CBDFFFF80BFFFFF2DE9F04F3E
:10245000ADB00E461D468346049101210592FFF75B
:1024600083FC002840F09D8004460EA8F1F7A0FBF5
:1024700011A8F1F79DFB14A8F1F79AFB17A8F1F743
:1024800097FB002E49D020AB0DF18C0A1AAF0DF14D
:10249000740818460393F1F78BFB5046F1F788FB5D
:1024A00026AE38460DF1A409F1F782FB4046F1F75C
:1024B0007FFB3046F1F77CFB4846F1F779FB294674
:1024C000DBF804200EA8F1F77FFD0546002800F098
:1024D000BB8011A8F1F774FB14A8F1F771FB17A8E2
:1024E000F1F76EFB0398F1F76BFB5046F1F768FBD1
:1024F0000EA8F1F765FB3846F1F762FB4046F1F7AD
:102500005FFB4846F1F75CFB3046F1F759FB002DC5
:1025100041D120462DB0BDE8F08F1AAF0DF17408FF
:1025200026AE0DF1A4093846F1F742FB4046F1F71B
:102530003FFB3046F1F73CFB4846F1F739FB2946B3
:10254000DBF804200EA8F1F73FFD0546002868D10E
:102550000BF108030EA819460693F1F701FF0028B6
:1025600021DB11A86FF00305F1F72AFB14A8F1F79E
:1025700027FB17A8F1F724FB0EA8F1F721FB38463B
:10258000F1F71EFB4046F1F71BFB4846F1F718FB3D
:102590003046F1F715FBA5F5864420462DB0BDE881
:1025A000F08F4D4CB5E70EA93046F1F78BFB054691
:1025B000002838D10BF1440307930BF15003089323
:1025C000049B93B1DBF8A030002B4AD00BF18C0AAE
:1025D000524651465046F2F781F8054600287FD012
:1025E00020AB03930DF18C0A73E70BF174000BF130
:1025F0002C03079A0EA9009038460993F2F790FD34
:10260000054670B90BF180000BF13803089A0EA94A
:10261000009040460593F2F783FD0546002800F040
:10262000008111A8A0E711A8F1F7CAFA14A8F1F7E0
:10263000C7FA17A8F1F7C4FA049B002B9CD020AB73
:102640000DF18C0A03934DE70BF108030EA8194610
:102650000693F1F785FE0028A5DB11A86FF00305AE
:1026600038E70BF198030B220BF18C010394CDF8A2
:10267000248014460A960D46CDF82C901E460C97E1
:10268000DDF81080DDF81490069F0D93DBF8041040
:1026900042464B4630460139AA46F2F70FFF3A460A
:1026A0003146002840F01C812846F3F795F80121B7
:1026B000002840F015812846F1F7C4FE002800F0FC
:1026C0001C81013CE2D1039CDDF824800A9EDDF8E8
:1026D0002C900C9F014D83E780BFFFFF80BBFFFF65
:1026E000069A51465046F2F7A7FB054600287FF4AC
:1026F00077AF0BF198031A46194618460393F1F782
:10270000EDFF039B054600287FF46AAF069A194641
:102710001846F2F791FB0546002D7FF461AF0EA934
:1027200052460846F1F7DAFF054600287FF458AF15
:102730000EA9069A0846F2F77FFB054600287FF4AB
:102740004FAF0BF12C03012211A819460993F1F7A1
:10275000ADFF054600287FF443AF0BF1380301229B
:1027600014A819460A93F1F7A1FF054600287FF443
:1027700037AF059B1C21049A17A8F2F79FFE20ABE8
:102780000546039300287FF42DAF17AA11A9184618
:10279000F1F7A4FF054600287FF424AF0398079AB9
:1027A0000146F1F71BFF054600287FF41BAF059B90
:1027B0001C21049A17A8F2F781FE0DF18C0A054638
:1027C00000287FF486AE17AA14A95046F1F786FFB9
:1027D000054600287FF47DAE089A51465046F1F731
:1027E000FDFE054600287FF474AE0BF17400099BD2
:1027F000039A0EA900903846F2F792FC054600288D
:102800007FF467AE0A9D0BF1800052460EA92B465D
:10281000009040460595F2F783FC054600287FF4BA
:1028200058AE424639460EA8F1F700FF054600288B
:102830007FF4F9AE0BF15C020EA93846F1F74EFFBA
:10284000054600287FF4EFAE099A39460EA8F2F744
:10285000F3FA054600287FF4E6AE059A0EA938463D
:10286000F1F73CFF054600287FF4DDAE3A464146CD
:102870000EA8F1F7B3FE054600287FF4D4AE049B02
:10288000002B66D00EA90BF198020846F1F726FF3F
:10289000054600287FF4A4AE0EA9069A0846F2F772
:1028A000CBFA054600287FF49BAE0BF16800069B2F
:1028B0000BF114020EA900904846F2F731FC0546D0
:1028C000002836D020AB11A80393F1F779F914A8AA
:1028D000F1F776F917A8F1F773F90DF18C0A01E613
:1028E00020AB039C0546DDF824800A9E0DF18C0A7E
:1028F000DDF82C900C9F0393EBE528460D99069A82
:10290000039CDDF824800A9EDDF82C900C9FF3F7E1
:102910006DF8054600287FF463AE0BF16800069B56
:102920000BF11402514600905046F2F7F9FB0546B0
:10293000F2E631464846F1F713FD00B311A81E4DEB
:10294000F1F73EF914A8F1F73BF917A8F1F738F9B8
:1029500075E60BF16800069B0BF114020EA90090BE
:102960004846F2F7DDFB054600287FF45AAE3146B3
:102970004846F1F7F5FC68B111A80F4DF4E520AB1E
:10298000DBF8042036990EA80393F1F753FB0546B4
:1029900011A89AE7DBF804200EA83699F1F74AFB54
:1029A000054611A8F1F70CF914A8F1F709F917A8D1
:1029B000F1F706F99CE500BF80BCFFFF2DE9F04F61
:1029C000012B83B0DDF830A0DDF834B0DDF83880BD
:1029D0006AD0BBF1000F18BF002969D0B8F1000F11
:1029E00066D044680AF10B07BC4261D3BA4594BF74
:1029F0004FF0000E4FF0010EBEF1000F58D1E71E50
:102A000016460D46019088F800E0CAEB070743BB65
:102A1000022208EB020988F8012097B1642403E040
:102A2000013C3CD000283AD1012249463046A84713
:102A300099F80020002AF3D088BB013F09F1010971
:102A4000ECD1484600235246594600F8013B10F0AD
:102A5000F7F842464146019803B0BDE8F04FFFF752
:102A6000AFBC012208F1020388F8012017B3D8197E
:102A7000FF2203F8012B8342FBD100235246594623
:102A800000F8013B10F0DCF8434632462946019835
:102A9000CDF8308003B0BDE8F04FFFF7D7BCA0F50C
:102AA000894003B0BDE8F08FD0F8A440002C90D04E
:102AB0000148F6E71846E0E780BFFFFF012B2DE94C
:102AC000F04F8BB066D0002968D0044690F8A8007B
:102AD00017460D460393FBF7E9FB029000285DD0F3
:102AE000D4F804A0FBF74EFC169B06B280460233D6
:102AF000760033449A4551D3169A9A4294BF4FF0C8
:102B000000094FF00109B9F1000F47D1189B524657
:102B10004946184603F1010B10F086F8189B5946F8
:102B2000424683F800903846A84720B1A0F5894076
:102B30000BB0BDE8F08F0BEB0803159A14990298BF
:102B40000493FBF749FC0028F2D1169B4FF0010ECD
:102B50000590AAF102001A461799C01A049B404436
:102B6000861B06EB0E0003F806E0184410F068F828
:102B700007A8FBF7A7FB059B029907A81A46FBF7D6
:102B8000C1FB814670B107A8FBF7A2FB48460BB01A
:102B9000BDE8F08FD0F8A440012C94D01A480BB0B7
:102BA000BDE8F08F189A0AF1FF3A08F1010607AB69
:102BB000C8EB0A0A164400935A464346514630462B
:102BC000FEF7D4FF81460028DDD107AB32464146EF
:102BD000584600935346FEF7C9FF064607A8FBF781
:102BE00077FB7EB9039B3BB1189B3A4629462046AA
:102BF0000093FFF72BFC9BE7189A20461146FFF73E
:102C0000DFFB95E7304693E780BFFFFFF0B587B065
:102C1000D0F8A4400CADE0CD74B1012C02D00A482C
:102C200007B0F0BD00240497039602950194009428
:102C3000FFF744FF07B0F0BD0E970D960C9507B057
:102C4000BDE8F040FFF7BABE00BFFFFF012BF0B5B3
:102C5000ADF5037D50D04668A6F11004B4F5F87FB9
:102C600000F2998002AD002B3ED189992A46FFF7E8
:102C7000A7FB044678BB6B78A6F1020E95F800C05E
:102C8000002283F001030DF10901AE44174643EA27
:102C90000C0C11F8010FFF2818BF42F0010271451A
:102CA00082F0010057FA80F7F3D10DF10A01072FE6
:102CB00007F10102CB5D8CBF0024012411444CEAD2
:102CC00003031C4364B2002C5DD14A1B8B9BB21AD8
:102CD0009A425AD9314C28464FF40071FEF73EFF14
:102CE00020460DF5037DF0BD899B0095FFF7AEFBF7
:102CF00004460028EFD1BEE7D0F8A430002B4AD11B
:102D00004668A6F11003B3F5F87F44D802AD899B5D
:102D10000095FFF79BFB04460028DCD16B78A6F1F9
:102D2000020C95F800E0204683F002032746AC44ED
:102D30000DF1090143EA0E0E11F8013F5A428C458C
:102D400042EA0302C2F3C01282F0010240EA02002A
:102D5000C0B2C0F1000242EA0002C2F3C01282F027
:102D600001021744E8D10DF10A01072F07F1010212
:102D7000CB5D8CBF0024012411444EEA03031C43A5
:102D800064B2002CA1D0064CA5E7889B8A981A60F3
:102D90000FF056FF9FE70348A3E700BF00BCFFFF0B
:102DA00000BFFFFF80BFFFFF012B2DE9F04FADF506
:102DB000197D65D04768A7F11004B4F5F87F63D892
:102DC000044690F8A80016468B461D46FBF76EFA9F
:102DD0000390002858D0FBF7D5FA00F1010881468E
:102DE0004FEA480A57454FD3B5B918AD2046A599C3
:102DF0002A46FFF7E5FA0446CCB108AE28464FF460
:102E00000071FEF7ABFE30464021FEF7A7FE2046DC
:102E10000DF5197DBDE8F08F18AD204632465946B4
:102E20000095A59BFFF712FB0446002CE5D105A8F1
:102E3000FBF748FA2246039905A8FBF763FA044614
:102E4000C8B97E1E05ABA8440DF16100C9EB0606AA
:102E50000093424649463346FEF788FE044650B981
:102E600005AB314640460DF1610200934B46FEF73B
:102E70007DFE044668B105A808AEFBF729FABDE758
:102E8000D0F8A440012C95D030480DF5197DBDE84F
:102E9000F08F08AE05A8FBF71BFA03983346A39AF8
:102EA000A299FBF799FA04460028A7D10DF1610316
:102EB0002A7803EB0901B9F1000F11D009F1FF38AD
:102EC0000DF11F0001F1FF3EB04410F801CF1EF8D4
:102ED000013F40458CEA030342EA0302F5D149442D
:102EE000AAF10203FB1A022B2DD0033B4FF0000E78
:102EF00001F1FF3C0B44F0461CF8010F4EEA000EB6
:102F00006345CEF100004EEA0000C0F3C01080F02F
:102F100001008044F0D111F8083083F0010313431D
:102F200009D108F10108A79B41444A1BBA1A9A42E9
:102F300003D9074C62E7074C60E7A49BA6981A6088
:102F40000FF07EFE5AE74FF00008E4E780BFFFFF76
:102F500000BCFFFF00BFFFFFF0B587B0D0F8A44072
:102F60000CAD95E8E04084B1012C02D00C4807B0CC
:102F7000F0BD0024CDF814E0049703960295019467
:102F80000094FFF711FF07B0F0BDCDF83CE00E97BD
:102F90000D960C9507B0BDE8F040FFF757BE00BF97
:102FA00000BFFFFF2DE9F04782B08846012B0546A0
:102FB0000BA991469DF8280046C90ED01C466B68A7
:102FC0000096FEF725FE80BB84B92846324631467E
:102FD00002B0BDE8F047FFF7F3B9D5F8A430002BF5
:102FE00048D16B680096FEF713FEF0B96C680120BB
:102FF00021460FF03DFE074600283DD02146012026
:103000000FF036FE8246002839D000974A464146E6
:1030100033462846FFF71AFA044648B138460FF0FF
:1030200007FE50460FF004FE204602B0BDE8F087D0
:10303000524639462846FFF7C3F904460028EDD129
:103040006A6892B15046751E0AEB020C234610F8CE
:1030500001EB15F8011F60458EEA010143EA010307
:10306000DBB2F4D10BB1094CD8E7304639460FF04A
:10307000E7FDD3E70648D8E76FF00F00D5E73846FD
:103080000FF0D6FD6FF00F00CFE700BF00BDFFFFD0
:1030900080BFFFFF2DE9F04F012B9BB09DF890E022
:1030A0002CD079B317460D46044699464668BEF1C2
:1030B000000F1BD194F8A800FBF7F8F8834608B37B
:1030C000FBF760F98046430002339E421AD3324632
:1030D000002127980FF0A8FD0AA942463846A847C4
:1030E000A0B1A0F589401BB0BDE8F08F7046FBF79A
:1030F000DDF838B1FBF746F92590DBE7D0F8A440BE
:10310000012CCED04D481BB0BDE8F08F04F1080370
:10311000039018460493F0F729FF05900FFA88F002
:10312000279B4FF0010E4246A6EB40000AA900F192
:10313000FF3A18449A4400F802EC50460FF080FD24
:1031400007A8FBF7BFF8039B594607A81A46FBF7E9
:10315000D9F8834630B107A8FBF7BAF858461BB038
:10316000BDE8F08F07A8FBF719F983460028F2D1D4
:103170000AEB0803082207A819460393FBF718F97E
:1031800083460028E7D1259A07A82699FBF710F96E
:1031900083460028DFD142460AA907A8FBF708F9B1
:1031A00083460028D7D1039907A8FBF70BF983467C
:1031B0000028D0D1059B07A8711E039A013B0090FF
:1031C000C8EB0101279813F0070F43460CBF4FF0DF
:1031D000010E4FF0000ECEEB01017044FEF7C6FC6D
:1031E00083460028B7D10498F0F7C0FEFF21C0EB5A
:1031F000C606279BBC220AA801361B7841FA06F6B0
:1032000040211E40279B1E700AF81820FEF7A6FCDE
:1032100007A8FBF75DF8B9F1000F09D0279B3A46E4
:10322000294620460093FFF711F91BB0BDE8F08F47
:10323000279A20461146FFF7C3F854E780BFFFFFE7
:10324000F0B5D0F8A44006AE9DF8145096E8C04002
:1032500064B1012C08D1CDF820E0079706960595BA
:10326000BDE8F040FFF716BF0548F0BDCDF820E0FF
:10327000079706960595BDE8F040FFF793BE00BF9F
:1032800000BFFFFF2DE9F04F012B83B045689DF88B
:10329000304058D08A4680462946012093469946B8
:1032A0000FF0E6FC0646002848D0294601200FF022
:1032B000DFFC074600283AD000902B4620460E9AA5
:1032C0000D99FEF7A5FC0446F8B9B9F1000F40D1FD
:1032D000404632460F99FFF773F80446ACB9A5B1E2
:1032E00020463246791E06EB050E12F8014B11F806
:1032F000013F724583EA040340EA0300C0B2F4D1FF
:10330000002818480CBF0024044629463046FEF722
:1033100025FC30460FF08CFC29463846FEF71EFC93
:1033200038460FF085FC204603B0BDE8F08F3046EC
:103330002946FEF713FC30460FF07AFC6FF00F00C1
:1033400003B0BDE8F08FD0F8A460002EA2D00648EC
:10335000F6E700965A46514640460F9BFFF776F82F
:103360000446BBE780BCFFFF80BFFFFF2DE9F047AD
:10337000012BADF5187D07469DF880829DF88C9253
:1033800051D04468A4F11005B5F5F87F5FD8002B43
:1033900053D118ADA5992A46FFF712F800283ED15F
:1033A000661EAB5DBC2B40F08480B8F1000F07D0E7
:1033B0004046FAF77BFF002849D0FAF7E3FFA190D7
:1033C0004846FAF773FF8146002840D0FAF7DAFF43
:1033D0000023804607F1080003930493F0F7C6FD2D
:1033E000E300471E2A78C3F108033B4452FA03F373
:1033F0002DD1790728D02646AA4608F102039E421D
:1034000025D305A8FAF75EFF494605A80022FAF77A
:1034100079FF044600B305A8FAF75AFF20460DF5D8
:10342000187DBDE8F087D0F8A430012B0FD1446897
:10343000A4F11003B3F5F87F09D818ADA59B384661
:103440000095FFF703F8A9E70DF1610AD5E73648C3
:103450000DF5187DBDE8F0876FEA080105AB504611
:103460003144009343460AEB01094A46FEF77EFBCE
:1034700004460028CFD1C7EBC606FF272B7809F1F9
:10348000FF3147FA06F68A4506EA03062E709AF8D7
:10349000002047D212B145E09A4632B90AF1010341
:1034A0009AF801208B42F7D10B46012A03D01F4C1A
:1034B000B1E71E48B3E75D1CA49B5A1CC5EB090687
:1034C00001D0B342F3D105A8FAF768FF04460028FB
:1034D000A1D103A9082205A8FAF76AFF044600282B
:1034E00099D1A19A05A8A299FAF762FF044600288B
:1034F00091D13246294605A8FAF75AFF044600281A
:1035000089D105A808A9FAF75DFF0446002882D1F1
:10351000424608A948460FF0C7FB054B002818BFD4
:103520001C4678E75346C0E780BFFFFF00BFFFFFA0
:1035300080BCFFFFF0B5D0F8A84087B09DF83050B0
:103540000D9F7CB1E4B24FF0FF3E0F9E03940E9CA2
:1035500005960294CDF810E08DE8A000FFF706FF75
:1035600007B0F0BD2C46EEE72DE9F047D0F8A450A7
:1035700086B09DF838E0DDF83CC0DDF84080DDF82D
:10358000449015B3012D03D0174806B0BDE8F0876D
:103590009A46D0F8A83004460E46174613BB754627
:1035A00020464FF0FF3453463A463146CDF814904A
:1035B0000395CDF80880CDF804C0CDF800E0049460
:1035C000FFF7D4FE06B0BDE8F087CDF84490CDF803
:1035D0004080CDF83CC0CDF838E006B0BDE8F047FB
:1035E000FFF750BEDDB2DBE700BFFFFF10B50446BA
:1035F0008C30F0F7E5FA04F19800F0F7E1FA04F105
:103600006800F0F7DDFA04F12000F0F7D9FA04F1D0
:103610003800F0F7D5FA04F12C00F0F7D1FA04F1F4
:103620001400F0F7CDFA04F10800F0F7C9FA04F13C
:103630008000F0F7C5FA04F17400F0F7C1FA04F164
:103640005C00F0F7BDFA04F15000F0F7B9FA04F1AC
:103650004400BDE81040F0F7B3BA00BF2DE9F04FC9
:10366000002918BF7F2B91B01A9D40F2B680022D21
:1036700040F3B380DC0700F1B080174607AA03903F
:1036800000F1140B10460E461C46F0F791FA0AAAF8
:103690001046F0F78DFA0DAA1046F0F789FA294680
:1036A0005846F0F7EFFB024600287BD14FEA54085A
:1036B000C72C04F101030399A8F1630298BF4FF0EE
:1036C00000094FEA530301F12C0401F1380588BFCA
:1036D0009146049300973346002241462046F2F774
:1036E00045FB002872D102460097334641462846E2
:1036F000F2F73CFB002869D12A46214607A8F0F7DB
:1037000095FF002862D107A8F0F730FC8145E1D28F
:10371000079B002B5CDB012221462046F0F7C6FF09
:10372000002853D1012229462846F0F7BFFF002880
:103730004CD12A46214607A8F0F7D0FF002845D1F2
:1037400007AA59460AA8F2F747F800283ED10121F6
:103750000AA8F0F777FE82460028BBD12A46214608
:103760000AA8F2F739F8002830D101460AAB07AAB7
:103770000DA8F1F733F948BB039B0DAA5946203336
:1037800018460593F2F732F900BB0598F0F7EEFB07
:10379000049B98429ED9012221462046F0F76EFFF5
:1037A000024600B307A80492F0F70AFA0AA8F0F755
:1037B00007FA0DA8F0F704FA049A0398A2F5834AD1
:1037C000FFF714FF504611B0BDE8F08F0246E9E75D
:1037D00029462046F0F7BCFA9DE7DFF87CA050466A
:1037E00011B0BDE8F08F012229462846F0F746FFC8
:1037F00002460028D6D1039B2A46214603F108063B
:103800003046F0F76BFF02460028CBD13046F0F788
:10381000D5FB039F059A29463B46786007F1500681
:1038200020465C33009601933B46443300F074FB22
:1038300002460028B6D10398FEF770FD049007A851
:10384000F0F7BEF90AA8F0F7BBF90DA8F0F7B8F940
:10385000049A002AB6D0B0E780BFFFFF70B50D46CE
:103860000A68044608316B68083084E80C00F0F7F9
:1038700029FA064620B12046FFF7B8FE304670BD53
:1038800005F1140104F11400F0F71CFA06460028B3
:10389000F1D105F1200104F12000F0F713FA0646FA
:1038A0000028E8D105F12C0104F12C00F0F70AFA08
:1038B00006460028DFD105F1380104F13800F0F7A1
:1038C00001FA06460028D6D105F1440104F144006E
:1038D000F0F7F8F906460028CDD105F1500104F1C2
:1038E0005000F0F7EFF906460028C4D105F15C015D
:1038F00004F15C00F0F7E6F906460028BBD105F1BB
:10390000740104F17400F0F7DDF906460028B2D125
:1039100005F1800104F18000F0F7D4F90646002893
:10392000A9D105F1680104F16800F0F7CBF906466A
:103930000028A0D105F18C0104F18C00F0F7C2F948
:103940000646002897D105F1980104F19800F0F798
:10395000B9F9064600288ED1D5F8A420D5F8A830AC
:10396000C4F8A420C4F8A83088E700BF2DE9F047C8
:10397000E4B0054605A8F0F71BF9AC22002139A8F0
:103980000FF052F905A8A34A1021F0F72BFF0446C7
:1039900048B9019003460090024605A939A8FEF7F0
:1039A0004FFA044648B105A8F0F70AF939A8FFF71D
:1039B0001DFE204664B0BDE8F087974A102105A897
:1039C000F0F710FF04460028EDD105A944A8F0F750
:1039D00079F900283BD1914A102105A8F0F702FFA0
:1039E00004460028DFD105A947A8F0F76BF90028A5
:1039F00031D18B4A102105A8F0F7F4FE04460028C7
:103A0000D1D105A941A8F0F75DF910B1B0F5814415
:103A1000C9D1844A102105A8F0F7E4FE0446002825
:103A2000C1D105A93EA8F0F74DF910B1B0F5814418
:103A3000B9D139A8FEF776FA04460028B3D1002D93
:103A40004ED139A8FEF744FC48B10124ABE7B0F5EC
:103A50008144A8D1BFE7B0F58144A4D1C9E739A812
:103A6000FEF75CFC0028F0D10DF134096E4F0DF12A
:103A700064084FF0180A4E46CDF80490CDF808803F
:103A80000FCF0FC697E80300CDF800A02B462A46BB
:103A900086E80300654939A8FFF7B8F80028D4D1B3
:103AA00013AE04AFCDF80CA00123CDF8048022465C
:103AB000029639A800975D49FFF74EFA0028C4D155
:103AC0003A68304649460FF0EFF80028BDD108AEFD
:103AD00051464846324601F04BFE68B1012069E785
:103AE00053480FF0B5F839A8FEF7F2FB00B3514880
:103AF00001240FF0E5F856E70427CDF80C80029674
:103B00002A4601950123009739A84849FFF798FBF9
:103B100000289AD1CDF80C802346029622460194C3
:103B20002146009739A8FFF71FFD00288DD13AE7FD
:103B300039A8FEF7F3FB0028D9D10DF134083A4E2D
:103B40003D4819AF0FF084F84546CDF804804FF09A
:103B500018090FCE0FC596E8030002972346CDF84B
:103B60000090224685E80300304939A8FFF74EF857
:103B70000028BCD113AD04AE30480FF069F8CDF881
:103B80000C900197012302952246009639A82749F7
:103B9000FFF7E2F90028AAD13268284641460FF023
:103BA00083F80028A3D1264808AD0FF089F82548EE
:103BB0000FF04EF8494640462A4601F0D9FD20B1A3
:103BC0001C480FF07DF80120F4E6042603970295C7
:103BD000012301942246009639A81449FFF730FBCF
:103BE000002884D118480FF033F803970295234634
:103BF000019422460096214639A8FFF7B5FC00281B
:103C00007FF475AF0E480FF05BF80A200FF060F8F4
:103C1000C9E600BF003000200431002088310020B8
:103C20000C32002010330020F40300204D1D0160F1
:103C300018330020F01700205033002030330020CC
:103C4000A017002070330020883300202DE9F047B2
:103C50007C4C96B0864689469446984604F1300AD4
:103C60001E9F08AE2068103454F80C1C354654F8DA
:103C7000082C103654F8043C54450FC5F2D1206886
:103C8000A3883060B380B8F1000F3CD0002F3AD049
:103C9000D8F80830BBBBB968A9BB70466446764605
:103CA000F0F7D0FB00282EDD01212046F0F7CAFBFB
:103CB000002828DD31462046F0F752FB002822DAA2
:103CC00001214846F0F7BEFB00281CDD314648467E
:103CD000F0F746FB002816DA05A8EFF769FF02A8FF
:103CE000EFF766FF21464A4602A8F0F7F7FC0446C4
:103CF00070B105A8EFF764FF02A8EFF761FF204657
:103D000016B0BDE8F0876FF0030016B0BDE8F0878D
:103D100002A901220846F0F7C9FC04460028E8D1B0
:103D200002A8F0F705F91FFA80FABAF1000F02D1E4
:103D30006FF00304DDE7514602A8F0F7F3F90446FB
:103D40000028D6D1B3681B6803F00709A9F101095F
:103D5000B9FA89F94FEA591916AB05A84B4413F87B
:103D6000381CF0F78FF8324605A94046F1F734FDCC
:103D700004460028BDD101214046F0F763FB38B16D
:103D800009F101091FFA89F9B9F1360FE4D1CFE73A
:103D900005A90097334602AA0846F1F7C1F904467F
:103DA0000028A6D101251BE005A901220846F0F74D
:103DB0007DFC05AA0446114600289AD11046F0F76A
:103DC0008DFC3246044605A9002892D108460135EB
:103DD000F1F732F8044600288BD1ADB2AA452AD3B8
:103DE000012105A8F0F72EFB012205A918B305A8AB
:103DF000F0F744FC3246044605A900287FF479AF69
:103E00004046F1F7E9FC0121044600287FF471AF38
:103E10004046F0F717FB0128C6D131464046F0F77F
:103E20009FFA0130C0D12146434632463846F0F76A
:103E3000D5FD04465DE7012105A8F0F703FB002846
:103E40009ED075E710040020002B61D02DE9F041D1
:103E50000D4686B00446002118461F461646F0F768
:103E6000F1FA804638BB01212046F0F7EBFA002832
:103E700021DD01212846F0F7E5FA00281BDD414647
:103E80003046F0F7DFFAB0B16846EFF791FE03A8CD
:103E9000EFF78EFE214668460122F0F707FC044644
:103EA00070B16846EFF78CFE03A8EFF789FE204655
:103EB00006B0BDE8F0816FF0030006B0BDE8F08108
:103EC0002946012203A8F0F7F1FB04460028E8D1B7
:103ED00003AA69463846F1F77FFC04460028E0D182
:103EE00003AA69466846F0F7F9FB04460028D8D1D2
:103EF00001463B466A466846F0F770FD04460028D6
:103F0000CFD1314638466A46F1F770FD0446C8E71E
:103F10006FF00300704700BF2DE9F04184B01D46EB
:103F200006460F4601A89046EFF742FEADB10122CA
:103F3000314601A8F0F7BAFB044630B101A8EFF70B
:103F40003FFE204604B0BDE8F081284601AA414664
:103F5000F0F772FF04460028F0D10A9B7BB10122E2
:103F6000394601A8F0F7A2FB04460028E6D14146F5
:103F700001AA0A98F0F760FF04460028DED10B9BE7
:103F800033B1324639460B98F1F730FD0446D5E798
:103F90001C46D3E72DE9F04F87B00E468046174602
:103FA000DDF844A0684699461AF1000518BF0125BE
:103FB000EFF7FEFD16F1000B03A818BF4FF0010B41
:103FC000EFF7F6FD15B1BBF1000F28D13C1C18BF6F
:103FD00001240DB1002C34D118F1000A0BEA0404BD
:103FE00018BF4FF0010ABAF1000F3BD0002C39D0B6
:103FF0003A4631466846F0F771FB0546002859D02D
:104000006846EFF7DDFD03A8EFF7DAFD15F5844FFD
:1040100013D0A5F58445284607B0BDE8F08F129A65
:1040200051463046F1F760FE0028CFD0584D684623
:10403000EFF7C6FD03A8EFF7C3FD284607B0BDE8BC
:10404000F08F5146129A3846F1F74EFE0028EDD116
:1040500018F1000A0BEA040418BF4FF0010ABAF184
:10406000000FC3D1109B002B18BFB9F1000F14BF74
:1040700001250025BAF1000F18D0BDB10121484635
:10408000F0F7E0F90028D1DD01211098F0F7DAF916
:104090000028CBDD41464846F0F762F90028C5DA32
:1040A00041461098F0F75CF90028BFDA04B175B901
:1040B0000025BCE701214046F0F7C4F90028B5DD32
:1040C00041466846F0F74CF90028AFD1CAE7012114
:1040D0003046F0F7B7F90028A8DD01213846F0F79F
:1040E000B1F90028A2DD109A49466846F0F7F6FAC1
:1040F0000546002884D1012269466846F0F7D6FAC1
:10410000054600287FF47CAF3146012203A8F0F772
:10411000CDFA054600287FF473AF03AA69466846C6
:10412000F0F78AFE054600287FF46AAF014668462C
:10413000F0F788F900287FF479AF4946109A68466D
:10414000F0F7CCFA054600287FF45AAF0122694601
:104150006846F0F7ABFA054600287FF451AF3946C0
:10416000012203A8F0F7A2FA054600287FF448AF21
:1041700003AA69466846F0F75FFE054600287FF40B
:104180003FAF01466846F0F75DF9002890D04DE753
:1041900000BEFFFF2DE9F04186B01E4605460F46E2
:1041A00068469046EFF704FD03A8EFF701FD9EB3C4
:1041B000CDB1012229466846F0F778FA0446A0B14D
:1041C00014F5844F09D16846EFF7FAFC03A8EFF71E
:1041D000F7FC204606B0BDE8F08114F5814F02D00F
:1041E000A4F58444EFE7304CEDE73146424603A89E
:1041F000F0F71CFA04460028E2D103A96A460846F3
:10420000F0F71AFE04460028DAD1014603A8F0F7B9
:1042100019F908B1254CD6E70C9BFBB1002FE2D071
:10422000012239466846F0F741FA04460028C7D112
:1042300042460C9903A8F0F7F9F904460028BFD1CB
:1042400003A96A460846F0F7F7FD04460028B7D1EF
:10425000014603A8F0F7F6F80028DBD10D9B0BB35D
:10426000002DC0D0002FBED03A460D996846F0F719
:1042700035FA04460028A3D1012269466846F0F7C2
:1042800015FA044600289BD12A4669466846F0F78D
:10429000D3FD0446002893D101466846F0F7D2F8D2
:1042A0000028B7D100248EE780BFFFFF00BEFFFFCC
:1042B0005C2200210EF0B8BC10B15C21FDF74EBCB1
:1042C000704700BF08B55C220EF0BAFC08BD00BF05
:1042D000F0B403460022074F074E1046074D084C26
:1042E00008499F60DE601D615C6199611A605A60D7
:1042F000F0BC70470123456789ABCDEFFEDCBA986F
:1043000076543210F0E1D2C32DE9F04F4B789BB0D8
:104310000D781B0491F803E04C7943EA05658E782B
:1043200091F80480240445EA0E0591F807C04B7A01
:1043300044EA086445EA06224E7B8F7944EA0C0C75
:1043400091F808A0360491F80CE01B0491F80FB026
:104350004CEA072491F80B9043EA0A6346EA0E659B
:1043600091F80A800B9443EA090945EA0B064C7C54
:104370004D7D49EA082391F810A0240491F8148097
:104380002D048F7B44EA0A64069345EA0865CB7CDA
:1043900091F817A091F812E01C43049245EA0A0A2A
:1043A00046EA07228F7D4B7E44EA0E244AEA072E16
:1043B0000E7E0D921B047246019043EA066391F84B
:1043C0001B800F9202F1B54291F81AC043EA08032C
:1043D0004D7F02F51E320E9443EA0C230C7F2D0410
:1043E00002F29912CF7F45EA04648E7F14921A4636
:1043F00044EA070591F821E002F1B54791F820B0B1
:1044000091F8253045EA062607F51E374FEA0E4E8D
:1044100091F823901B0407F2991791F824A01092A9
:10442000324615974EEA0B6791F8295043EA0A6322
:1044300091F822C047EA090E91F827402D0491F81F
:1044400028604EEA0C2E119202F1B54291F82680B6
:10445000234391F82DC045EA066502F51E3291F816
:10446000316091F82C9043EA082891F8304002F22C
:1044700099124FEA0C4C91F82BB0360491F82A703F
:1044800091F82FA04CEA096C199246EA046672462C
:10449000CDF81C8091F82EE045EA0B0891F83330F6
:1044A0004CEA0A0C91F832B048EA07281E4391F80A
:1044B00035704CEA0E2E91F8345046EA0B2691F8EE
:1044C000369091F838A03F0491F83940002091F8D7
:1044D0003BC047EA056791F83C3091F83FB0CDF812
:1044E0002080CDF824E091F8378091F83AE00A96E0
:1044F00047EA080591F83D6091F83E1045EA092821
:10450000129336041391019902948F68029C3B46E2
:104510000F46C96824043D69169144EA0A6405956A
:104520007D6944EA0C04CDF808804FEAB3080C9585
:104530004FEAB105B96944EA0E2E179105990C9F0F
:1045400001F1B5498A464F40069909F51E39CDF863
:104550000CE00C9C8AEA050E09F299191893A24600
:104560000EEA030E8944169907EA010C1799DC4FED
:104570008CEA0404CF19049907EBF367129B12929B
:1045800046EA03662744059B5446DFF854A346EAEF
:104590000B0C8EEA030E0E46A2440C46069985EAE1
:1045A00008033C44D64486EA01070B9E13994FEA60
:1045B000B40A2340DFF828B34CEA012C0EEB0601C5
:1045C000DFF81CE36B4001EBF46188EA0A04AE44B7
:1045D000149DCDF810C099444FEAB10C05EB0A06C2
:1045E0000C400D9D09EBF163159984EA0804AE4473
:1045F0008AEA0C05C344A64488461D400E994FEA3A
:10460000B30457400EEBF36E8B44199B85EA0A09FD
:1046100002998CEA04059A46D9444FEABE0305EA9A
:104620000E0509EBFE694F4002F1B54E84EA030125
:104630000B9AE04401EA090185EA0C0594460D9ABB
:10464000A2444C408CEA020C079A354404EB080162
:1046500002F1B5444FEAB90605EBF9690EF51E3EC5
:1046600004F51E3483EA06054FEAB9080EF2991ED6
:1046700004F2991401EBF96105EA09058CEA020CD0
:1046800004EB060986EA0804089A5D400C400EEB2C
:10469000030B55444FEAB10384EA060E02F1B54616
:1046A00005EBF16588EA030A06F51E3609994FEA1B
:1046B000F777DE4406F299160AEA050B884C4FEAB2
:1046C000B50A0EEBF56E0B970C198BEA080706EB93
:1046D000080183EA0A064F444FEABE0906EA0E06BD
:1046E00004EB030B07EBFE678AEA090473400A9D9B
:1046F0003C404FEAB70E5E18029984EA0A0805F1B9
:10470000B54501F1B54106EBF76789EA0E03039E53
:1047100008EB0B0405F51E3501F51E31DFF8C0B1BD
:104720003B4005F2991501F29911B344069E4FEAF8
:10473000B708554483EA090301EB090AB1460E9E06
:1047400004EBF7648EEA0801F34489EA06095E196E
:10475000039B4FEAB40706EBF46621408CEA030C96
:10476000049C5F4B81EA0E0188EA07054FEAFC7C56
:10477000E3180B9C5144354004F1B54E4FEAB604A2
:1047800001EBF66103EB080A87EA040385EA0805F2
:104790000EF51E3E049E0B405D444FEAB10B0EF237
:1047A000991E7B4005EBF16584EA0B08774453447E
:1047B0004FEAB50108EA050889EA020903EBF56347
:1047C0000D9D6246DFF818A1AE460F9D89EA0609E5
:1047D00092448BEA01068EEA050C88EA0408099DDA
:1047E0001E404FEAF97EB8448CEA050C4FEAB30745
:1047F0000AEB04050B9C08EBF3680D9281EA0703B2
:1048000072468CEA040C86EA0B0E109C0E9E4FEA50
:10481000FC7CAE4403EA080574400A9B304E4FEA24
:10482000B8095C400F9B0E92961962469C46119BFC
:104830000EEBF86E0F9206EB0B088CEA030A85EA82
:1048400001030D9D87EA090C9346254A6C400CEA4A
:104850000E0C029D5A444FEAF474109E11448AEAE9
:10486000050A06948CEA070C0E9D4344129C8C4466
:104870008AEA050A069986EA04081A4D039C03EBA6
:10488000FE664D194FEABE0E0F9988EA040889EAC0
:104890000E034FEAFA7A88EA010811994FEAB60B3B
:1048A00052460CEBF66C8A46734007990D4E4FEA60
:1048B000F878049C8AEA010110929619129A6140D4
:1048C000CDF844803D449046089A069C8EEA0B073A
:1048D00088EA02081D44614006EB090304E000BFBA
:1048E0009979825AA1EBD96E0B9E4FEABC094FEA27
:1048F000F171119C87EA0C07DFF8E0A40A460799DA
:1049000088EA0608109E05EBFC65A2441F448C460D
:104910008BEA0903099988EA060807EBF5670D9EFB
:10492000D6448CEA010C6B404FEAB505DFF8ACA425
:104930004FEAF8788CEA060C734489EA0506CDF84C
:104940001C80924403EBF76311924FEAB708089A70
:104950007E40079FDA448CEA040C964607F1DD4B53
:104960000A9A4FEAFC7C12940BF5B30B0E9C8EEA6C
:10497000020E099A61468EEA040E0BF5D74B029C93
:10498000944685EA0807119A8CEA040C0BF1210B76
:104990000F9C8EEA020ECB4487EA03098CEA040CD2
:1049A000079C4FEAB3075644D9444FEAFE7E8CEA8F
:1049B000040CDFF828B40A9C724606EBF3668B44BD
:1049C00088EA0703A646039C5D4483EA060B069B20
:1049D0008EEA040E09EBF6694FEAFC7C029C4FEA72
:1049E000B6068EEA030302F1DD4ECDF820C04B403F
:1049F0000BEB050C0EF5B30E87EA060B049D0CEBD2
:104A0000F96C4FEAB90A0EF5D74E8BEA09096540F1
:104A10004FEAF373089CDFF8C4B30EF1210E029342
:104A2000A344109B039CF04414915D4086EA0A0164
:104A3000A6460B9C554015925F44029A8EEA0403E9
:104A400081EA0C0E1299C8444FEABC094B407744E6
:104A500002F1DD4E4FEAF572089D08EBFC680EF599
:104A6000B30E8AEA090B6B40049D0EF5D74E07EB97
:104A7000F8674FEAF373AC460D9D8BEA080B13936E
:104A80004FEAB808D54B8CEA050C119D0EF1210EAA
:104A9000D31812928CEA050C029A9A44139B89EA65
:104AA0000805764403F1DD438CEA020C4FEAB70EA9
:104AB0007D405E4403F5B303A3464FEAFC7C0E9CA5
:104AC00006EBF766AA4488EA0E0703F5D743CDF84C
:104AD0000CC08BEA040B079C4FEAB60577400AEB43
:104AE000F66A2133039E8BEA040B0D9C4B4406F1BE
:104AF000DD49129AA4460F9C09F5B3093B448CEAA0
:104B0000040C149C09F5D749139F8CEA040C8EEA17
:104B1000050609F1210903EBFA638CEA070C8BEA1D
:104B2000020B86EA0A07C8444FEABA0A0E9C4FEA0B
:104B3000FC7C069A85EA0A064FEAFB7BB844CDF86E
:104B400024C0CDF810B04FEAB30C08EBF36884EA48
:104B5000020B7340159A099E039C8BEA020B049F7B
:104B600006F1DD468BEA040B0F9C07F1DD4706F5E5
:104B7000B306A146109C07F5B30706F5D746089A79
:104B800089EA040921364FEAFB7B07F5D747069CE3
:104B9000CDF834B089EA020921373544049E4C40EF
:104BA000BE448AEA0C0789EA0609029E73440D9AFC
:104BB0007440099E4FEAB80B87EA080703EBF863D5
:104BC00074404FEAF979109EDFF810828CEA0B0EE0
:104BD0003D444F469044B146119E8EEA030EC244B6
:104BE00005EBF36589EA0609129E4FEAB303F24426
:104BF00089EA06098E46794E4FEAF47407990AEB62
:104C0000F56A0E97BE198EEA01088BEA030713991D
:104C100089EA02090F944FEAB50488EA01087D4049
:104C20001499B444119F4FEAF9790F9A83EA040E5C
:104C30004F406A4ECDF818908EEA0A0E39460E9F04
:104C400096194FEABA0988EA0708039F6544B344F6
:104C50007940069EDFF884C105EBFA6584EA09070E
:104C6000F344B44451400BEBF56B6F4063444FEA9F
:104C7000B5054FEAF171079E159A3B440B9189EAFD
:104C800005014FEAF87EDFF854A14FEABB0786EA38
:104C9000020803EBFB630B9A81EA0B0B0499CDF836
:104CA00028E0F24488EA01089646149954444B4A95
:104CB00085EA0706A3440A9C72448E4608995E4022
:104CC0004A440BEBF36B8EEA010C069932444FEA2F
:104CD000B30388EA01080999DFF8049102EBFB624B
:104CE0008CEA010C4FEAF87E4BEA03014FEABB085D
:104CF0008CEA040C7646159C39404FEAFC7E1096EF
:104D0000DFF8DCA00BEA030BCDF844E0A646029CDA
:104D1000B24442EA080641EA0B0B8EEA040E119CEB
:104D20000B995544A1440D9C06EA030A02EA0806C1
:104D30008EEA040E089C4AEA06064F44A446129CDA
:104D40008EEA010E0E998CEA040C37444FEAFE7E7F
:104D5000139C109E8CEA010C029905EBF265CDF8CC
:104D60001CE08CEA060C81EA040E079E1C495D4497
:104D70004FEAB20271184FEAFC7C0F9E4FEAB50968
:104D800007EBF567CDF808C005EA020B8EEA060EC0
:104D900045EA02066546DFF848C00B4406EA080605
:104DA0001299AC44039D03EBF76347EA090A4D40AF
:104DB00046EA0B01119E07EA090B1944079B8EEA8C
:104DC000060E069E0AEA020AE0447540049E4FEA77
:104DD000FE7EDFF80CC05D4004E000BFA1EBD96EA1
:104DE000DCBC1B8F84EA06030A9C4FEAB7074AEA39
:104DF0000B0AF4446340039C41EA0706D044624432
:104E0000A446099C08EBF168CDF848E006EA0906DB
:104E10004FEAB10E8CEA040C3940029C02EBF862B6
:104E200048EA0E0B634031430B9C0BEA070B11441D
:104E30004FEAF37208EA0E0A4FEAF57503928CEA1C
:104E4000040C049A4BEA0A0A0D9C4FEAB808139521
:104E500005F10F4582EA040B039A05F5DD15129B57
:104E600002F10F4241EA080605F5E6558CEA030C0B
:104E700002F5DD12109B1C354FEAFC7C02F5E65270
:104E800006EA0E064D44CDF810C01C324FEAB109B7
:104E90005544DFF8C4A31744099A05EBF165E244D1
:104EA00001EA080194460E9A8BEA030BD64445EAC0
:104EB00009038CEA020C46EA0102139907EBF56735
:104EC00005EA090603EA08038BEA010A11993A4444
:104ED000039F4FEAFA7A8CEA010C33434FEAB50696
:104EE000CDF824A05146DFF870A38CEA070B734479
:104EF00042EA06078A4421460F9C4FEAFB7E03EBF9
:104F0000F26307EA090781EA0405D3494FEAB20CC4
:104F100032407144CDF834E03A43D044089143EA3A
:104F20000C0A079903EA0C0B089F0AEA060A4D408F
:104F30000E994F4408EBF3688E4606994AEA0B0B2C
:104F400002EB080A8EEA0101BE46049F0BEB0E0934
:104F50007D40029F09EBFA694FEAF5727940099D9D
:104F600008920A9A81EA05074FEAB301BA4D129BEB
:104F700084EA0208089A88EA03084FEAF773551989
:104F80004FEABA024AEA0107069C354403F10F468C
:104F900049EA020B0AEA010A06F5DD160E930BEA4E
:104FA000010B09EA020306F5E65607EA0C0705EBD2
:104FB000F9654BEA03031C36A64647EA0A070B9C31
:104FC000B4440D9E2F448EEA040E88EA0606139C14
:104FD0009C44A14B4FEAF6758EEA040E089E4FEAF8
:104FE000B9090F95EB180A9D8EEA060E0B449A49F3
:104FF000A846109D4FEAFE7E88EA050647EA0905A5
:105000000CEBF76C71444FEAB70B154007EA090740
:10501000CDF828E006914CEA0B0803993D43069F22
:1050200008EA090A4E400B9C3A440E9F0CEA0B0812
:10503000A6467E40119C03EBFC63049F4FEAF67684
:105040008EEA04014AEA080805EB030A3346109D7C
:105050000F9E79400B9303F10F4381EA060E424401
:105060000799A84603F5DD1302EBFA624FEABC0686
:10507000099D4FEABA0788EA010803F5E6534FEAAB
:10508000FE7E88EA050C42EA07014AEA06051C335F
:10509000DFF8C4810AEA060ACDF818E0994405EA67
:1050A0000B0502EA0703F0443140A646029C09EBD7
:1050B000F26945EA0A0519438EEA040E0D9BD844AD
:1050C0000A9C8EEA030E05EB09030B9D01EB080A0F
:1050D0008CEA040C4FEAB2088EEA050B129A079983
:1050E0004FEAFC7C4FEAFB7B43EA080981EA0205B0
:1050F000089A59464FEAB30E0AEBF36A64465540E4
:10510000DFF854C101F10F4210944AEA0E0BA44497
:1051100002F5DD12029C1191B44406990BEA0806CF
:1051200002F5E652A346139C4D401C3209EA0709DA
:105130008BEA04010AEA0E0B3A4403EA08034FEA39
:10514000F57546EA0B0B0CEBFA6C49EA03032F46A4
:1051500093440E9D03EB0C09129A4FEABA0A109E73
:1051600069409446039D714012978CEA05060F9D95
:1051700049EA0A0307F10F426E402546049C09EAFA
:105180000A0702F5DD120BEBF96B65404FEAF1748B
:1051900003EA0E0102F5E65202944FEAB90C119CA3
:1051A0001C32029B4BEA0C0966400A9C424409EA05
:1051B0000A096540284C02EBFB621C1941EA07030F
:1051C0004FEAF671099E03EB02080BEA0C07079100
:1051D0007444129949EA070E204B4FEABB074D4031
:1051E0000399A6444FEAB8044E400B994FEAF57272
:1051F0008CEA07054E40029903920EEBF86E4E4082
:105200000499079A89464FEAF6760D991A4404964E
:1052100089EA0109069E02EB0A0185EA080289EA89
:105220000609099E0A440799B246089E89EA0109BF
:1052300010998AEA060A039D87EA04084FEABE0627
:105240008AEA010A02EBFE61049A1D4488EA0E080C
:105250009646039A654403E0DCBC1B8FD6C162CA44
:105260004FEAF97C8AEA020A0D9ACDF824C0A844D4
:105270009E4484EA060594460E9A0EEB070B4FEA0D
:10528000B10785EA010E8CEA0202099D08EBF16C78
:105290001199DE4405EB030B049D4A404FEAFA786E
:1052A000A3444FEABC016A40089DCDF8348086EAE9
:1052B0000708A94613920F9D0EEBFC6E0D9A88EA23
:1052C0000C0889EA050587EA010C02EB0309139A29
:1052D0008CEA0E0CC3444FEAF274129AB1444FEABE
:1052E000BE08089455400A9CCC440E9A0BEBFE6B0A
:1052F000089E81EA080E5440099AB1460D9E554019
:10530000029A99448EEA0B0E54404FEAF57A0B9AB2
:105310004F440F9D74400AEB030985EA02064FEAE9
:10532000F4750CEBFB620EEB070C0E954FEABB0B12
:10533000079D49444FEAB20788EA0B046E40089D76
:105340000CEBF26C54406E400A9D8BEA0702AE46AD
:105350004FEAF676069D82EA0C020A968EEA050E60
:10536000039E0E9D8EEA060E0B9E1D44B146109EB6
:10537000A844049D89EA06068EEA0A0E04EB010998
:105380000A996E400E9D4FEAFE7E19446E40069DBE
:1053900009EBFC69CDF82CE04244AE46119D8B44EC
:1053A0004FEAF6718EEA050E02EBF9654FEABC048E
:1053B0000F914FEAB50609990B9A87EA04088EEA1D
:1053C000010E06960A9E88EA09084FEAB909D11823
:1053D0008EEA060E109E84EA0902D844B446129E54
:1053E00008EBF5686A408CEA060C0D9D39444FEADB
:1053F000FE7E0F9F8CEA050C119D1144CDF840E014
:105400001F44AE46029D069E4FEAB80B8EEA050E7B
:105410003D190B9C89EA0606109A01EBF8618CEAAB
:10542000040C089C86EA080790468EEA040E069C47
:1054300098442F4484EA0B020F9C129DC1448EEACB
:10544000040E4A40079C4FEAFC7C4A4407EBF16794
:105450006540029E11924FEAB101109A85EA0A0551
:105460000CEB030AB1465540069A039E8BEA0104F1
:105470009244119A89EA06064FEAB70802EBF762EE
:105480007C404FEAFE7E81EA08070692A2440E9A0B
:105490000EEB0309069C56404FEAF572079D6740E4
:1054A0000292D9442A46049D4FEAB40B86EA0C06C0
:1054B00055400A9AB94455400AEBF462029C4FEAFF
:1054C000F67A85EA0E0E099EA44688EA0B04039D2F
:1054D00009EBF2699C44544075404FEAB2026144C2
:1054E0000AEB03078BEA02064FEAFE7E21444FEAED
:1054F000B904B8440EEB030C039182EA04070B993C
:10550000E3444D40039901EBF96186EA0909029EE3
:10551000C8444FEAB10C7540049E4F4008EBF1615E
:10552000029584EA0C080D9DBB44109F6E400F9DB0
:105530000BEBF16B6E40099DA946089D86EA0A06B1
:105540004FEABB0A89EA0509029D03EBF67603EBF5
:10555000F57589EA07092644154488EA010289EAB3
:105560000E094FEAB1011544189A8CEA010781EA45
:105570000A08134405EBFB6587EA0B0B019F03EB5D
:10558000F979059B88EA05085E4403EBB5040C9B9A
:10559000E14406EBF5651A46179B09EB080C3C61E4
:1055A0001944169B52442B440CEBF5657A61FB6061
:1055B000BD60B9611BB0BDE8F08F00BF2DE9F843B5
:1055C0000368064614460D4603F03F0713449A420B
:1055D000C7F14008036002D9436801334360DFB17B
:1055E000A04519D806F11C092946424609EB0700D7
:1055F0000DF026FB49463046FEF786FE80B9C8EB23
:105600000404454407463F2C08D929463046403C0F
:105610004035FEF779FE18B93F2CF6D814B920466C
:10562000BDE8F88306F11C002246294638440DF0F7
:1056300007FB0020BDE8F88302B1BFE710467047C2
:10564000F8B50446006880220D4600F03F0004F1E2
:105650001C062318013038281A7755D8C0F13802B3
:10566000002130440DF0E0FA236831466668204698
:105670005A0FDB0042EAC6021F0E84F85B30160E9A
:1056800084F8572084F85870170C84F85460120A74
:105690001E0C84F855701B0A84F8562084F8596053
:1056A00084F85A30FEF730FE00282CD1E37A2B70B4
:1056B00063896B70A3681B0AAB70A368EB70E37B14
:1056C0002B71E3896B71E3681B0AAB71E368EB71C3
:1056D000E37C2B72638A6B7223691B0AAB722369AA
:1056E000EB72E37D2B73E38A6B7363691B0AAB7305
:1056F0006369EB73E37E2B74638B6B74A3691B0A82
:10570000AB74A369EB74F8BDC0F1400200213044D2
:105710000DF08AFA31462046FEF7F6FD0028F2D158
:105720000146382230460DF07FFA9DE770B4002321
:10573000064E074D074C0849084A8660C56004615B
:10574000416182610360436070BC7047012345671B
:1057500089ABCDEFFEDCBA9876543210F0E1D2C3BB
:1057600002B970472AE700BFFFF76ABFFEF7CCBD5A
:1057700070B598B006460C46154600215C2201A87B
:105780000DF052FA124B1348039303F1B943124937
:1057900003F55B23114A049003F6EF63059106922B
:1057A00007935CB9294601A8FFF74AFF044601A800
:1057B0005C21FCF7D3F9204618B070BD2246314673
:1057C00001A8FFF7FBFE04460028F0D1EAE700BF7E
:1057D0000123456789ABCDEFFEDCBA9876543210D1
:1057E000FFF7C6BF2DE9F04F0024ADF2744D394DDF
:1057F00007465C2205A82146DFF8F4B005F13C0815
:10580000DFF8F0A0DFF8F0900DF00EFA002F3CD199
:10581000314A0023022CCDF81CB00A922F4ACDF851
:1058200020A0CDF824900B92059306933CD02C4BEE
:1058300053F82420E2B905A86946FFF701FF0646A0
:10584000E8B96846142229460DF02EFA50BB0FBB6A
:105850000134143508F13908032CD7D1F7B905A85C
:105860005C21FCF77BF930460DF2744DBDE8F08FFA
:10587000414605A8FFF7A2FE06460028DBD0002F10
:10588000EDD018480DF01CFAE9E7611C16480DF040
:10589000DFF9BDE715480DF013FAD9E70A200DF03E
:1058A00017FADCE70126EAE74FF47A7361211CA8B6
:1058B0001A461E460DF0B8F902E0731E1E46BAD015
:1058C0004FF47A721CA905A8FFF778FE0028F4D0DF
:1058D0000646D4E7F0D8026076543210F0E1D2C325
:1058E000D8D90260F0170020A8330020A0170020AC
:1058F0000123456789ABCDEFFEDCBA986C2200210D
:105900000DF092B910B16C21FCF728B9704700BFB7
:1059100008B56C220DF094F908BD00BF0023F0B467
:105920000360436099B1124A124B8260C360124F08
:10593000124E134D134C144A144B07614661856196
:10594000C4610262436281660020F0BC7047104B64
:10595000104AC360A3F1BF438260A3F5DC230E4F5E
:105960000E4E0F4DA3F5B6730E4C0F4AE5E700BF80
:10597000D89E05C107D57C3617DD703039590EF732
:10598000310BC0FF11155868A78FF964A44FFABEF8
:1059900085AE67BB67E6096A72F36E3C3AF54FA5C0
:1059A0007F520E518C68059BABD9831F2DE9F04FB8
:1059B000D7B0031D24300DAA0D9353F8044F834232
:1059C00042F8044FF9D1013115AD25AE0878043104
:1059D00011F8053C000411F8022C11F8034C40EAC0
:1059E0000363134343EA042345F8043FAE42EDD179
:1059F0000022CB4B16A8DFF85CA30092159A8646CE
:105A000006931446139A0A931746C64A149B0992A2
:105A1000C54A1D460F9B0892C44A1946CDF80CA0F2
:105A2000A2460792C24ADDF848800592C14ADDF8D5
:105A300038900492C04ADDF840B00292119BBF4AF0
:105A40000B90019287EA05004FEAF826009A0DF1C3
:105A5000580C86EAB81600EA08005CF822400832C2
:105A600086EA78666840009288EA070C3044019A1A
:105A70004FEA79360EF1200E20445EF81C4C86EA7F
:105A8000B906504449EA010A86EAB9562C44104442
:105A90000AEA0B0209EA010A034442EA0A0A0CEA8A
:105AA000030C4FEAF325B24483EA08068CEA070C9C
:105AB00085EAB31550440CEB040285EA73655EF881
:105AC000184C40EA090A4FEA703C2A442744039CD8
:105AD0000AEA010A00EA090522448CEAB00C5EF8E1
:105AE000144C4AEA050593448CEAB05C08EB040ABE
:105AF000AC4406EA0B044FEAFB265EF8105C9444C3
:105B000084EA080486EABB165D1940EA0C022744C1
:105B100086EA7B6600EA0C084FEA7C3402EA090256
:105B20003744019584EABC06029C83EA0B053C4499
:105B300086EABC5642EA08075EF8082C214437443E
:105B40005EF80C6C5E4427448C18029605EA010648
:105B50004FEAF125039473404CEA070685EAB11534
:105B600003EB0A044FEA773285EA716A06EA00031A
:105B7000049E82EAB70554440CEA070A8BEA010244
:105B800085EAB755344443EA0A085EF8046CA14438
:105B9000A844019D02EA090A4FEAF923A04409EB4F
:105BA00006048AEA0B0B83EAB913049447EA080A4D
:105BB000AB4483EA7963059C4FEA78365B440AEA92
:105BC0000C0AA34607EA080586EAB80681EA090234
:105BD0009B444AEA050586EAB85300EB0B0A2B44BE
:105BE00002EA0A024FEAFA205B4489EA0A045140B9
:105BF00080EABA10029A48EA030680EA7A60114401
:105C00004FEA733508EA03023E40014485EAB305D2
:105C10000798164385EAB35B01445E440CEB01052B
:105C200006EB010B03992C404FEAF52043EA0B0CDD
:105C30008AEA050684EA090980EAB5100CEA080C2C
:105C40004FEA7B3409EB010280EA756003EA0B013D
:105C500084EABB0402444CEA010C089984EABB5470
:105C60000A4404EB0C01049C174411443E404FEAE3
:105C7000F7224FEA71394BEA010086EA0A0682EA06
:105C8000B7120BEA010C1840264482EA776289EACF
:105C9000B10440EA0C001644099A84EAB15416444F
:105CA000009A2044102AB04400EB060940F0B98263
:105CB0002A461495224D00260B980C95A5F1D25535
:105CC000DFF894E0A5F50D25CDF808A0CDF854A097
:105CD000BA46A5F6FE65CDF840B0CDF848800B95E4
:105CE000184DCDF838900A95A5F1E455CDF800800F
:105CF000D846A5F53525CDF80490CDF814E09B469F
:105D0000A5F63B0504961193914609958E460E4DD6
:105D1000139708950D4D0F9107950D4D039531E0A3
:105D2000E4D90260D55E1CABA4823F92F111F15917
:105D30005BC25639A5DBB5E9CFFBC0B5982F8A42C7
:105D4000DA88F976AA84744ACCA10C24C69DC10FC6
:105D50008647BEEF91443771C1699BE4069A136C84
:105D600005931346526C194603921A469B6C07938F
:105D7000D36C126D08934B6D09920A938B6D0B9344
:105D8000CB6D0C9306990DF1580C009B20302031FF
:105D900050F81C4C42684FEAF32606914FEAB4478C
:105DA000816987EAF4174FEAF145049987EAD40735
:105DB0005CF8213081691344826985EA71458AEA79
:105DC000090150F818CC85EA9225009A2B4411401D
:105DD00086EAB2163B44049F86EA726681EA0902AB
:105DE00003620837C3693244C6694FEAF3458368E2
:105DF000049785EA76412344066AC46932444FEA2F
:105E0000BC4681EA9421029C86EAFC16019F22444A
:105E1000059C86EADC060B441444026A009933446C
:105E200002944FEAF244029A81EA0A05436202EBC5
:105E30000B01026AC36884EA72440D40426A4FEA69
:105E4000F1269C4485EA0A054A4486EAB116019B7C
:105E500047EA0E0986EA716615444FEA733307EA8A
:105E60000E02354450F8146C83EAB703076A4FEA10
:105E7000B64609EA080984EA9724039F49EA020220
:105E80000591BB46A444AB4450F8145C5F4686EAD7
:105E9000F516AB46019D83EAB5593B4686EADB061B
:105EA00043444A4466441D46009B86621C462E4677
:105EB0004FEAF5254C40029903960A442640816A30
:105EC0005E40019B01EB0A04039942EA03094FEA91
:105ED00072383444466A8C4685EAB1114FEAF64B73
:105EE000466A81EA7C6109EA0E098BEA764B50F832
:105EF000146C02EA030588EAB208334606690C44CA
:105F000088EAB25850F8101C49EA050503EB060967
:105F1000466A079B45448BEA962623444FEAB14ADA
:105F200006EB090BEC1903EB0E069C46059F8AEA6B
:105F3000F11A039B4FEAF62E8AEAD10A87EA03098F
:105F40002346019F1443029309EA06094FEA733876
:105F50000BEB0A0304EA070B059C029D8EEAB61EB2
:105F600089EA0409009C02EA050AC3621C19836AD3
:105F70008EEA766EA1444BEA0A044FEAF34ACE4415
:105F800088EAB5088AEA734A089B88EAB5589E44AD
:105F900050F80C3C44444FEAB34943690EEB070503
:105FA00064441944836A029F8AEA932850F80C3C9F
:105FB00089EAF31CB94608EB010A274649EA040BB3
:105FC0008CEAD30C4FEA743903990AEB0C0300975F
:105FD00089EAB409029C036381EA0608036B04EAB8
:105FE0000701059F08EA05082C464FEAF52C1F44D7
:105FF000039B0BEA020B009D88EA0308C36A8CEA44
:10600000B41A4BEA01014FEAF34CC36A89EAB55965
:1060100005948CEA734C50F8083C8AEA746A494447
:1060200050F80C4C47444FEAB349836957447144D4
:1060300003EB040B009C099B4FEA713E059D44EA6B
:1060400001081F4423468EEAB10E019103EA010ABA
:10605000C36A3A448EEAB15E8CEA932C50F8083C4D
:106060001446029A89EAF319DC4408EA020886EA2F
:10607000050289EAD30948EA0A088A460CEB0903B3
:1060800002EA0409039AF04443634FEAF42C1A44E9
:1060900008EB070B8CEAB41C50F8047C134689EA21
:1060A0000602016B8CEA746C1A44036B4FEA7B386E
:1060B0004FEAF34E3B4662444AEA0B078EEA714EC2
:1060C0000393C1694FEAB34C50F8083C0AEA0B0A43
:1060D00088EABB0819440A9B88EABB581A44009B0B
:1060E0001F40036B8EEA932E029B47EA0A07029435
:1060F0009946039B8E4429468CEAF31C91446540E3
:10610000B8448CEAD30C039C05EA09054FEAF92749
:10611000F44490444D40416B664487EAB912019BB8
:106120004BEA080E2E444FEAF14582EA79620BEA07
:10613000080A85EA7145016A16440EEA030E0C440A
:1061400001684FEA78374EEA0A0E4FEAB1420B99DE
:10615000234687EAB8070E44416B87EAB857C0F870
:1061600038C085EA91250099BE4431442B44029DF4
:10617000B6448A46016885EA090748EA0E0682EABB
:10618000F1124FEAFA2407EA0A0782EAD10206EA84
:106190000B066F4084EABA151344059A08EA0E010B
:1061A00085EA7A65D4184FEA7E320E430C993C4456
:1061B00082EABE02049F82EABE522C44302FC3639F
:1061C0000C441644019A2244009206EB0402019208
:1061D0007FF4C4AD5A464D46C346029B0D9C0EA9A2
:1061E00015930023119222461495CDF840B0CDF8B6
:1061F0004CA0CDF83CE09DE80003CDF8488048462F
:10620000CDF8389001E051F8040F52F8045F0133E3
:106210002844082B44F8040FF5D1002057B0BDE8FE
:10622000F08F0A9C226A0192626A0392A26A029229
:10623000E26A0492226B0592626B0792A26B08924B
:10624000E26B099204F120020A92FFF7FBBB00BF48
:106250002DE9F8430368064614460D4603F03F0750
:1062600013449A42C7F14008036002D943680133DE
:106270004360DFB1A04519D806F1280929464246F6
:1062800009EB07000CF0DCFC49463046FFF78EFBBB
:1062900080B9C8EB0404454407463F2C08D9294679
:1062A0003046403C4035FFF781FB18B93F2CF6D80B
:1062B00014B92046BDE8F88306F128002246294695
:1062C00038440CF0BDFC0020BDE8F88302B1BFE704
:1062D00010467047F8B50446006880220D4600F06D
:1062E0003F0004F1280623180130382883F82820BD
:1062F00075D8C0F13802002130440CF095FC2368B9
:106300003146666820465A0FDB0042EAC6021F0E7D
:1063100084F86730160E84F8632084F86470170CD4
:1063200084F86060120A1E0C84F861701B0A84F8FD
:10633000622084F8656084F86630FFF737FB034617
:10634000002858D1E27A2A7062896A70A268120A1B
:10635000AA70A268EA70E27B2A71E2896A71E26837
:10636000120AAA71E268EA71E27C2A72628A6A728F
:106370002269120AAA722269EA72E27D2A73E28A0B
:106380006A736269120AAA736269EA73E27E2A7406
:10639000628B6A74A269120AAA74A269EA74E27F23
:1063A0002A75E28B6A75E269120AAA75E269EA75D2
:1063B00094F823202A76628C6A76226A120AAA76D8
:1063C000226AEA76A06EB0B994F827302B77E38C76
:1063D0006B77636A1B0AAB77636AEB77F8BDC0F132
:1063E0004002002130440CF01FFC31462046FFF7EC
:1063F000DDFA10B1F8BD1846F8BD01463822304626
:106400000CF012FC7BE700BF0023F0B40360436094
:1064100091B1114A114B8260C360114F114E124D60
:10642000124C134A134B076146618561C4610262D5
:1064300043628166F0BC70470F4B104AC360A3F102
:10644000BF438260A3F5DC230D4F0E4E0E4DA3F526
:10645000B6730E4C0E4AE6E7D89E05C107D57C36CA
:1064600017DD703039590EF7310BC0FF1115586820
:10647000A78FF964A44FFABE85AE67BB67E6096AC9
:1064800072F36E3C3AF54FA57F520E518C68059B16
:10649000ABD9831F02B97047DAE600BFFFF71ABF16
:1064A000FFF784BAF0B59DB01C4607460D46164668
:1064B00001A86C2200210CF0B7FB14BB214B224A2F
:1064C0000493224B2249079303F12D63039203F5B2
:1064D0001E33204A0591069203F29A231E491F4A51
:1064E000089109920A931B9415BB314601A8FFF746
:1064F000F1FE044601A86C21FBF730FB20461DB0DD
:10650000F0BD1749174A184B059101F13721039245
:10651000049301F56701154A154BFA31069207936A
:10652000144A154B089109920A931B94002DDCD054
:106530002A46394601A8FFF78BFE04460028D9D128
:10654000D3E700BF85AE67BB67E6096A7F520E518D
:1065500072F36E3C3AF54FA58C68059BABD9831F4F
:1065600017DD7030D89E05C107D57C3639590EF736
:10657000310BC0FFA78FF964A44FFABEFFF792BF9B
:106580002DE9F04F0121A5B081464FF480600CF059
:106590006FFB002800F0B880002407466C2209A891
:1065A0002146DFF8D881DFF8D8A10CF03DFB8AFB4B
:1065B0000435022CA5EBE475CCBF0026012605EBC3
:1065C0004505651BB9F1000F40F081800023022CC6
:1065D00009930A9344DD5749022D574A574B0C91B2
:1065E000A1F1BF410B92A1F5DC21554A0D93554B0A
:1065F000A1F5B6710E920F93534A544B129110921B
:106600001193239649D0524B03EB8502D2F8C02157
:10661000002A64D109A801A9FFF75CFE834600287F
:106620004ED1C6F1080201A8414692000CF03CFB95
:10663000002879D1B9F1000F62D1013408F12008A6
:10664000062CB4D1B9F1000F65D109A86C21FBF774
:1066500085FA38460CF0ECFA584625B0BDE8F08FC4
:106660003C49022D3C4B0C9101F179413B4A01F52B
:1066700074010B933A4B01F501610E920F930D914A
:1066800001F13721374A01F56701374B119201F1CA
:10669000FA01129323961091B5D14FF47A756121C6
:1066A00038462A460CF0C0FA01E0013DB2D04FF462
:1066B0007A72394609A8FFF7CBFD0028F5D083464A
:1066C000B9F1000FC1D029480CF0FAFABDE7C6F1C4
:1066D00008016A1C264849010CF0BAFA76E7C5EBB6
:1066E000C50103F5E67309A805EBC1011944FFF7DD
:1066F000AFFD834600288DD0B9F1000FA5D0E2E7A9
:106700001C480CF0DDFA98E7B9F1000F07D1012021
:1067100025B0BDE8F08F0A200CF0DAFA95E71648AC
:106720000CF0CEFA012098E74FF0010BB9F1000F01
:106730008BD0C8E785AE67BB67E6096A72F36E3C2B
:106740003AF54FA57F520E518C68059BABD9831F3C
:10675000E4D9026007D57C36D89E05C139590EF7B9
:10676000310BC0FFA78FF964A44FFABEF0170020C9
:10677000D8330020A0170020BC330020E4DA0260E8
:106780005655555500000000D82200210CF04CBA97
:1067900010B1D821FBF7E2B9704700BF08B5D82285
:1067A0000CF04EFA08BD00BF00220023F0B4C0E98F
:1067B0000023C0E9022300292CD0C0F8D0102CA55A
:1067C000D5E900452CA3D3E900232DA7D7E900671D
:1067D000C0E90445C0E906232BA5D5E900452CA353
:1067E000D3E90023C0E90867C0E90A452AA7D7E929
:1067F00000672BA5D5E90045C0E90C232AA3D3E9FE
:106800000023C0E90E67C0E91045C0E91223F0BCBF
:106810000020704726A5D5E9004527A3D3E900232A
:1068200027A7D7E90067C0E90445C0E9062326A5E4
:10683000D5E9004526A3D3E90023C0E90867C0E9EC
:106840000A4525A7D7E9006725A5D5E90045C0E990
:106850000C2325A3D3E90023C0E90E67C0E9104546
:10686000C0E91223C0F8D0100020F0BC704700BF70
:10687000D89E05C15D9DBBCB07D57C362A299A627F
:1068800017DD70305A01599139590EF7D8EC2F1590
:10689000310BC0FF6726336711155868874AB48EDD
:1068A000A78FF9640D2E0CDBA44FFABE1D48B54727
:1068B00008C9BCF367E6096A3BA7CA8485AE67BB13
:1068C0002BF894FE72F36E3CF1361D5F3AF54FA53E
:1068D000D182E6AD7F520E511F6C3E2B8C68059B1A
:1068E0006BBD41FBABD9831F79217E1319CDE05BD2
:1068F0002DE9F04FADF2E44D4FF0000A0DF5167B97
:1069000093907491DE46CDF8D8B174994FF0000899
:10691000002301EBCA0711F83A20CDF838800AF1BC
:10692000010A78784FEA0269FC78BAF1100F4FEA51
:106930000041B878FA7943EA09030F914FEA002140
:10694000139442EA080211913C79CDF84080CDF8C9
:106950004880DDE90E0141EA030140EA02000B46EE
:106960004FEA142102464FEA04640B910A94DDE9D0
:106970001001DDE9124540EA020041EA0301024646
:10698000787945EA010544EA02044FEA00412246CB
:106990004FEA10440C910D94BC79DDE90A67DDE9FA
:1069A0000C0146EA020647EA05074FEA146C40EA82
:1069B000060041EA07014FEA042B41EA0C0340EAD2
:1069C0000B02EEE90223A0D10DF5187E0DF5287912
:1069D0000DF53678DDF8D8B10DF5327CCDF848E00C
:1069E000CDF82880CDF830905CF8081F0AF1010A34
:1069F0005EF8084FDCF804208B09CD0C0093D3001F
:106A000045EA42351E46C8000295D50C46EA517645
:106A1000DEF8043040EA5270059645EA4131009EA6
:106A200065084FEAD418049046EA826603919209F9
:106A3000009648EA4368019245EAC3724FEAD319C7
:106A40000692220A42EA0362DDE90467DDE90201F7
:106A500008925A081B0A7040794042EAC47243EA1D
:106A60000463079209930C9BDDE9005645404E40B4
:106A7000FBE9020137462E46F3E90245CDE90E0156
:106A80000C93DDE90801DDE9062342404B40DDE9D6
:106A90000E0182EA080283EA0903001969413546BA
:106AA0002D1847EB0106A81846EB03010A9BBAF123
:106AB000500FE3E902010A9396D1939AD2E9043484
:106AC0009946A24694ABC3E9009A1346D2E906124E
:106AD0008B46944696AAD3E90801C2E900BC86AA6F
:106AE000C2E90001194688A8D3E90A23D1E90C4577
:106AF000C0E900238AAB6246C3E90045D1E90E56DE
:106B00008CAB5446C3E90056D1E910678EABC3E99C
:106B10000067D1E9127890AB5946C3E900784B463B
:106B2000CDE9003486ABCDE90412D3E9000188AB8E
:106B30000022D3E900AB8AAB1092D3E900458CABBD
:106B4000CDE90A45D3E900568EABCDE90801CDE980
:106B500006562CA2D2E90012D3E9006784A890ABB4
:106B6000C0E90012CDE90C6728A2D2E90012D3E9EE
:106B7000007882A8224BCDE90E78C0E9001214A259
:106B8000D2E9001280A8C0E9001213A2D2E90012D3
:106B90007EA8C0E9001212A2D2E900127CA8C0E9C6
:106BA000001211A2D2E900127AA80FF24409D9E921
:106BB0000089C0E9001210A2D2E9001278A8CDE93C
:106BC00002ABC0E900121A46129BCDE9128949E0D6
:106BD00019D005B6F111F15938B548F35BC25639F1
:106BE000BCDB8981A5DBB5E92F3B4DECCFFBC0B504
:106BF00022AE28D7982F8A42CD65EF239144377172
:106C000060DC026018816DDAD55E1CAB9B4F19AF5A
:106C1000A4823F92D2E9100178AC4032CDE9120152
:106C2000D2E90201C4E90001D2E904017AACC4E965
:106C30000001D2E906017CACC4E90001D2E90801F7
:106C40007EACC4E90001D2E90A0180ACC4E90001CC
:106C5000D2E90C0182ACC4E90001D2E90E0184AC96
:106C6000C4E90001DDE90AABDDE90C8951460DF507
:106C7000EC7E46464F46880B4033890C40EA8B40F9
:106C8000DDE90645149074407D40109E5F460BEA96
:106C9000050B083641EA87315D46BB4610965646DD
:106CA0000AEA040A16915946B80B5446B2464646BB
:106CB0004F4640EA8A4066408C0CC9056F405546F5
:106CC000159041EA5A2144EA8A301991E905179052
:106CD00041EA5B21DDE91689DDE914451891594641
:106CE00084EA080485EA0905DDE906BCDDE90089D6
:106CF0008AEA0B0081EA0C01DDE918ABCEE900015C
:106D00008AEA040A8BEA050B1AEB060453E9100120
:106D10004BEB07050019444669414D46240FAF0768
:106D200044EA091EDDE90E56DDE904AB2D18CDF865
:106D300068E048EA0A044E4128464D4631462E0F87
:106D400049EA0B05DDE912AB1AEB000A4BEB010B2C
:106D500047EA98014746C8461D91DC46B907D34625
:106D6000BA4646EA071712911B97DDE90801CDE9FB
:106D70000EBC2040294074ACC4E90001DDE90201E9
:106D8000DDE9046710EB0B00C34641EB0C01044640
:106D90000BEA070940460D4676A90AEA06084FEABB
:106DA000943E4006CDE90245D1E90045DDE90267A0
:106DB00034403D402646129C2F4644EA9B011C91DC
:106DC00074A9D1E90045DDE906BC44EA080445EAB6
:106DD00009058CEA070C8BEA060BDDE90289CDE98F
:106DE000124541464F464EEA89454E46890CDA46E1
:106DF000BF0B209541EA89314D46B60C229147EAF6
:106E000088412191E90546EA883541EA58212395D0
:106E100025910299DDE91C78DDE91A56C9057D4006
:106E2000009F86EA0806A84640EAD7150398B146AF
:106E30001F957E0641EA5021019F2491DDE92045FE
:106E4000DDE922014D404440294646EAD7151E950A
:106E5000DDE9245665404E4028463146DDE91E45B1
:106E600053E90E6784EA080485EA0905A046A946A5
:106E7000DDE90C45A4197D4126462F46DDE9124582
:106E800014EB080445EB090516EB0A06A04647EB90
:106E90000C07A946DDE902BCDDE90A4584EA0B04DA
:106EA00085EA0C05DDE90EAB1AEB080A4BEB090B82
:106EB00080194FEA1A7EDC467941D3464EEA0C1E11
:106EC000DDE900784BEA07094CEA080A0DF5F0788D
:106ED0004E46D8E90089CDF898E018EB000849EB58
:106EE00001096146CDE90E89D846E14689074FEA96
:106EF000887E41EA98014EEA990E2991CDF8A0E0EA
:106F0000DDE904BCDDE900010BEA060B0CEA0A0C22
:106F1000DDE90E67CDE912BCDDE908AB4FEA197C6B
:106F200016EB0A064CEA081C47EB0B07B24646462E
:106F3000CDF89CC0BB464F4606400F404946304600
:106F400049060C913946DDE91267CDE908AB0643E5
:106F50000F430AEA040A0BEA050B30463946544649
:106F60005D46CDE91201DDE90A01DDE908AB6040CB
:106F7000694074AC5746C4E90001DDE9020176AC12
:106F8000BE0B80EA0A0081EA0B01BD0CC4E90001D6
:106F90000C9C414645EA8B3544EAD8142E952B9437
:106FA0004C0646EA8B4144EAD9142C912A945C465B
:106FB000DDE92801DDE92656CDE90C894E40454042
:106FC000D84637462E46A50BA40C45EA8A45DDE98E
:106FD0002A012D95794070400F4644EA8A310646D1
:106FE0005C462F91E405DDE912018019794157468D
:106FF000DDE90E9AFE0519EB00094AEB010A44EAA5
:107000005721DDE92C453191D346CA46DDE92E01F1
:107010004D4049464440080F46EA582130915946B0
:10702000DDE93089890788EA040840EA0B145846EC
:1070300089EA0509329441EA9A01040F50463591D4
:1070400044EA0A148507504633945C4645EA9B059A
:1070500064063495554644EADA14CDE90E89DDE933
:107060000C78379448EA0B08074341463846DDE977
:10707000006706400F40304639466E06DDE9067867
:1070800053E90C4546EADB1E3F1974ACCDF8D8E055
:107090000DF5F47E48EB0508DDE93456CDE90678B8
:1070A000DDE932786F4088EA06083E464746D4E973
:1070B0000089DDE90645CDE906AB14EB080445EB94
:1070C0000905DDE9368988EA060889EA070946469E
:1070D0004F46DDE90E8918EB040849EB05094446E3
:1070E000D0464D46D946DDE90CAB0BEA090B0AEA5E
:1070F000080AD946CC46DEE9008918EB040849EBBA
:10710000050944464AEA00084D464CEA0109404652
:107110004946DDE9048918EB040849EB05093618EE
:107120004FEA983E4F4176A94FEA984CD1E90001C9
:1071300000EA080001EA0901824630198B4647EB54
:10714000050105460E464EEA89414FEA993E3891BF
:10715000DDE902018AEA000A8BEA010B5046594632
:10716000CDE90E01CDE904890599DDE906AB4CEACC
:10717000813150464AEA05083A91594628404BEA7F
:1071800006093140CDE906560F460646DDE90C01F9
:10719000DDE9044500EA080001EA0901A046A94624
:1071A00040EA06044EEA884ECDE912AB4FEA954B11
:1071B000CDF8E4E04FEAC55A41EA070576A9C1E9EE
:1071C000004545464BEA8831DDE908783B914AEABB
:1071D00055216F4088EA09083D91E905BB464F46B5
:1071E000C44641EA5721DDE93A9ADDE938453C9148
:1071F00084EA090485EA0A05DDE9069A57464E46FF
:107200004846B907000FDDE93C9A40EA071E89EAC3
:1072100004098AEA050A74AC3D46CDF8F8E0C4E9F1
:10722000009A34463E0F41EA940146EA041E419119
:107230007906A007CDF8FCE041EAD41140EA950EAA
:10724000439140A9CDF800E14FEA446E42AC4EEACA
:10725000D515D1E90078DDE93E9A53E90A0189EABA
:1072600007098AEA080A42954E465746DDE90A9A16
:1072700019EB00094AEB010A48465146D4E9009A45
:1072800076AC89EA06098AEA070A4E46DDE90E89E4
:10729000D4E9004518EB000849EB0109A41945EBB6
:1072A0000A05264674AC2F46D4E9004514EB0804C1
:1072B00020467CAC45EB0905D4E9009A19EB00099E
:1072C0004AEB050A4846DDE9004514EB090445EBA5
:1072D0000A05A0463418A9460BEA080B47EB0A0535
:1072E00041460CEA090C880B890C40EA894E41EAB8
:1072F0008931CDF810E14FEA994E4691CDE900452C
:10730000DDE906675C466546DDE900BCDDE91201A2
:107310004BEA060B4CEA070C5E466746DDE908BC03
:10732000CDE90A678BEA040B8CEA050C4F4676AE72
:10733000DDE90645CDE90EBCDDE900ABCC46BF0B6F
:107340000AEA040A0BEA050B54465D46DDE90AAB7E
:1073500000EA0A0001EA0B01DDE904AB8AEA080A47
:107360008BEA090BC6E900AB41EA050A4E4674A94F
:1073700040EA0409F60544A848ACC1E9009A47EA86
:107380008841E14645914EEA8831479146EA5821C5
:10739000D0E90056499146A84146D0E900ABC9055D
:1073A00085EA0A0586EA0B0641EA5C2137464891E0
:1073B000DDE900ABCDE90A89594650468907000F3F
:1073C00041EA9A0140EA0B1E50464D915946CDF8CC
:1073D00028E180074906D4E900895C4641EADA11D0
:1073E00088EA050889EA0709240F4F914AA9464609
:1073F00044EA0A1E4F465D464EACCDF82CE140EA09
:107400009B0ED1E900894CA9CDF830E14FEA4A6ED4
:10741000D1E900AB53E9080188EA0A0889EA0B09B7
:107420004EEAD51EC246CB46CDF838E1DDE90289E9
:1074300018EB000849EB010940464946D4E90089A8
:1074400089EA0B0988EA0A084D464446DDE90E9AA6
:1074500019EB00094AEB010A19EB06007EAE4AEB74
:107460000701D6E90089DDE90C6718EB000849EB54
:10747000010916EB0806404647EB09074946B146A5
:1074800074AEBA46D6E900784FEA9A3E3F193C46B8
:107490004F4648EB0508BE0B271848EB0108494644
:1074A00046EA8A458C0C76A95095D1E900BCDDE905
:1074B00000560BEA090B0CEA0A0C3D4346EA0806A3
:1074C00058466146CDE902782F46B046DDE90456BC
:1074D00045404E4044EA8A31AB46B4465291DDE91C
:1074E0000256DDE9000128403140DDE90656CDE9CC
:1074F0000C013D40514606EA08068C0C28463146F0
:1075000076AE5546DDE90A78ED0587EA090788EA8F
:107510000A08C6E90078DDE90C67C846D14606438B
:107520000F4374A94EEA884E50A8CDF844E1C1E952
:10753000006744EA88314F464646539145EA582150
:10754000D0E9004552A85591F105D0E9009A41EAE9
:10755000572184EA090485EA0A055491DDE9028984
:10756000CDE90E6740464946000F890740EA091EEB
:1075700054A8CDF858E1D0E90067484666406F400E
:10758000000FCDE90C674746C84641EA970140EA3B
:10759000071E59914946BE07CDF85CE1490646EA07
:1075A000990E58AE41EAD711CDF860E14FEA476E27
:1075B0005B9156A94EEAD81ED6E9009AD1E900019E
:1075C000DDE9084580EA090081EA0A01CDF868E1B1
:1075D00006460F4653E90601DDE90C8924184D41A2
:1075E00020465AAC29461BEB000BD4E9004558460F
:1075F0004CEB010C74407D40264674ACD4E900ABE2
:1076000080AC1AEB060A4BEB050B564618EB00084C
:107610005F4649EB0C09D4E900ABDDE912451AEBF2
:10762000080A4BEB090B504614EB0A045946A246D4
:1076300045EB0B053418AB4647EB01055146274691
:107640005E468C0B76A9A846554644EA8B4ED1E996
:107650000001CDE90878284055463140CDF870E169
:10766000AD0C7495DDE90256CDE90CAB3D4346EA1D
:1076700008062F46B04676ADC5E90078DDE90A89EF
:107680005F4688EA000889EA0109BC0BCDE9128946
:10769000D146DA46DDE908BCDDE9026758466146B5
:1076A0004FEA9A4E06400F4030463946CDE9080170
:1076B000749840EA8A315E91D5E90001DDE900560F
:1076C00005400E40DDE90E012F4676AD80EA090047
:1076D00081EA0A01C5E90001384631465546DDE92F
:1076E0000867ED0506430F433046394674AEC6E9D8
:1076F000000144EA894160465D914EEA8931800784
:107700005F9145EA592161914946CE055CA9D1E9CD
:1077100000455EA946EA5A2E60AECDF880E140EA07
:107720009B0E6046CDF894E14FEA4B6E40064EEA60
:10773000DC1ED1E900785946CDF898E17C406746D7
:10774000090F85EA080541EA0C116291390FD6E963
:10775000006741EA0B1166406F40639166ACCDE96A
:1077600008675F46BE0746EA9C01649140EADB1168
:10777000679162A9D1E9006764A9D1E9009A53E948
:10778000040186EA090687EA0A07DDE9049A19EB8B
:1077900000094AEB010A48465146D4E9009ADDE95E
:1077A000124589EA06098AEA070A24184E4657460E
:1077B000204674AC4D41D4E9009A82AC19EB06091D
:1077C0004E464AEB070ADDE90889574618EB0008E0
:1077D00049EB05094946D4E9009ADDE9064519EB6C
:1077E00008094AEB010A484614EB09045146A14630
:1077F00045EB0A053418AA4647EB010549465646AB
:107800004FEA9A4E880B76A9CDE90445D1E9007874
:107810004D46494608EA0A0840EA8A402F40890C4A
:1078200045463C4641EA8A31CDE908BCCDE9069A95
:10783000DDE9047868904BEA070B4CEA080C6A9182
:1078400058466146DDE90E78DDE902BC674088EA0A
:107850000508B40B0BEA000B0CEA010C76A9CDE984
:107860001278DDE90856DDE904783D4006EA0806AD
:1078700037462E4655464BEA060B4CEA070CED05FB
:10788000C1E900BCDDE904BC59460F0F61468E0713
:1078900044EA894169914EEA89314FEAC95E6B91A8
:1078A00045EA59214EEA5A2E6D9168A9CDF8B0E10A
:1078B000D1E900456AA9D1E90001DDE90A8944401E
:1078C0004D40204647EA0C1429466E946446270F23
:1078D00046EA9B0447EA0B1E71945C46CDF8BCE176
:1078E0004FEA4B6EA507644645EA9C056406709511
:1078F0006CAD44EADB14D5E90056739445404E4024
:1079000074A9C1E900566EA9D1E9004570A9D1E971
:10791000000144404D404EEADC1126462F4672914C
:1079200072A953E9024518EB040849EB05094446DE
:107930004D46D1E90089DDE9120188EA060889EAA5
:1079400007090019694104460D4676A9D1E900BC32
:1079500074A91BEB080BD1E900014CEB090C0019D1
:1079600084AC6941D4E90045109E24184D4120465D
:107970002946DDE9004524184D41CDE90A451BEBB8
:1079800000044CEB0105502ECDE900457FF442A9DF
:1079900094ABDDE90012D3E90034DDE902AB5B18FA
:1079A0005441CDE9003496ABDDE90401D3E900236D
:1079B000DDE9084512184B41CDE9022386ABD3E936
:1079C000001288AB09196A41CDE90412D3E900011C
:1079D0008AAB10EB0A0041EB0B018246D3E9008928
:1079E0008B468CABDDE90A01D3E9006718EB000890
:1079F0008EAB49EB0109DDE90601D3E900453618F4
:107A000090AB4F41DDE90C0124184D41D3E9000151
:107A1000CDE90645DDE90E450019DDE9003469418F
:107A2000939DC5E90434DDE90223CDE90801C5E9E8
:107A30000623DDE904340020C5E90834DDE9062326
:107A4000C5E90AABC5E90C89C5E90E67C5E910238C
:107A5000DDE90834C5E912340DF2E44DBDE8F08FDC
:107A60002DE9F84314460D4600210646D0E90023CF
:107A700002F07F0712194B41C7F180088B4208BF03
:107A8000A242C0E9002306D2D0E90223013243F129
:107A90000003C0E90223DFB1A04519D806F150095F
:107AA0002946424609EB07000BF0CAF84946304622
:107AB000FEF71EFF80B9C8EB0404454407467F2C3F
:107AC00008D929463046803C8035FEF711FF18B9A9
:107AD0007F2CF6D814B92046BDE8F88306F1500093
:107AE0002246294638440BF0ABF80020BDE8F88365
:107AF00002B1B5E7104670472DE9F8430446006827
:107B000080220D4600F07F0004F15006231801305A
:107B1000702883F8502000F21A81C0F17002002111
:107B200030440BF081F8E1680023A0684FEAC109F6
:107B300067684FEAC008314649EA507926687A0FEB
:107B4000204643EA0903FF0042EA08024FEA136EA7
:107B500084F8C33047EA567784F8C7204FEA134CBD
:107B600084F8C0E04FEA132E84F8CB70130E84F82B
:107B7000C1C0F60084F8C2E084F8C4304FEA124E67
:107B80003B0E84F8CF60120A84F8C5E04FEA174C28
:107B900084F8C83084F8C620330C320E84F8C9C08B
:107BA0004FEA172E84F8CD30360A84F8CC2084F8BA
:107BB000CAE084F8CE60FEF79BFE0346002840F042
:107BC000D380E27D2A70E28A6A706269120AAA7022
:107BD0006269EA70E27C2A71628A6A712269120A19
:107BE000AA712269EA71E27F2A72E28B6A72E26903
:107BF000120AAA72E269EA72E27E2A73628B6A73DF
:107C0000A269120AAA73A269EA7394F827202A7457
:107C1000E28C6A74626A120AAA74626AEA7494F85C
:107C200023202A75628C6A75226A120AAA75226A52
:107C3000EA7594F82F202A76E28D6A76E26A120AB3
:107C4000AA76E26AEA7694F82B202A77628D6A7720
:107C5000A26A120AAA77A26AEA7794F8372085F80E
:107C60002020E28E85F82120626B120A85F82220FE
:107C7000626B85F8232094F8332085F82420628EE7
:107C800085F82520226B120A85F82620226B85F8BC
:107C9000272094F83F2085F82820E28F85F82920B6
:107CA000E26B120A85F82A20E26B85F82B2094F803
:107CB0003B2085F82C20628F85F82D20A26B120ABC
:107CC00085F82E20A26B85F82F20D4F8D00000284C
:107CD0004AD194F8473085F83030B4F8463085F80A
:107CE0003130636C1B0A85F83230636C85F83330B1
:107CF00094F8433085F83430B4F8423085F83530A4
:107D0000236C1B0A85F83630236C85F8373094F8DD
:107D10004F3085F83830B4F84E3085F83930E36CA0
:107D20001B0A85F83A30E36C85F83B3094F84B3009
:107D300085F83C30B4F84A3085F83D30A36C1B0A16
:107D400085F83E30A36C85F83F30BDE8F883C0F17C
:107D50008002002130440AF067FF31462046FEF7DA
:107D6000C7FD20B1BDE8F8831846BDE8F883014699
:107D7000702230460AF058FFD5E600BFFEF714BD6A
:107D800002B970476CE600BFFFF7B6BEFEF7B0BDA4
:107D9000F0B5B7B01C4607460D4616460021D8225E
:107DA00068460AF041FF21466846FEF7FDFC04469E
:107DB00028B95DB931466846FFF79EFE044668461D
:107DC000D821F9F7CBFE204637B0F0BD2A46394618
:107DD0006846FFF745FE04460028F0D1EAE700BFF9
:107DE000FFF7D6BF2DE9F04F0121C7B081464FF410
:107DF00080600AF03DFF00286BD00025DFF8448149
:107E0000DFF844A10746D82210A829460AF00CFF43
:107E10008AFB0534022DA4EBE574CCBF00260126B5
:107E200004EB44042C1BB9F1000F33D1314610A8E8
:107E3000FEF7BAFC8346002840D1022C50D03B4BC1
:107E400003EB8403D3F8002462BB10A86946FFF754
:107E500053FE834690BBC6F10402684641461201B8
:107E60000AF022FF00285BD1B9F1000F2DD10135B6
:107E700008F14008062DCBD1B9F1000F47D110A869
:107E8000D821F9F76BFE38460AF0D2FE584647B0C3
:107E9000BDE8F08FC6F10401621C2548C9010AF053
:107EA000D7FEC3E7C4EBC403224910A804EB0314B4
:107EB0002144FFF7D5FD83460028C6D0B9F1000F55
:107EC000DDD01D480AF0FCFED9E71C480AF0F8FE98
:107ED000CDE7B9F1000F1ED1012047B0BDE8F08F0A
:107EE0004FF47A746121384622460AF09DFE01E083
:107EF000013CAAD04FF47A72394610A8FFF7B0FDC2
:107F000083460028F4D0B9F1000FB8D0D9E70A2091
:107F10000AF0DEFEB3E70A480AF0D2FE0120B6E717
:107F20004FF0010BB9F1000FA9D0CAE760DC026085
:107F3000D83300206CE00260F0170020A01700206A
:107F4000BC330020E0DE026056555555DFF874C0A2
:107F5000DCF8003073BB4CF6A840F0B5164C4CF67C
:107F6000A945164E4CF2090704F5027EB84216D018
:107F70004CF20A03124903E083420CD0136A114603
:107F800001F12002002BF7D16DB174450BD22846C8
:107F900056F8045FEAE791F828302A2BF4D02060E5
:107FA0000434002DF1D10022012303482260CCF8D3
:107FB0000030F0BD00487047ACB0002024F20260F1
:107FC000C0E10260BCB2002078B138B50546074C6C
:107FD000074803E054F8200F30B1606829460AF0E2
:107FE0003FFE0028F6D1204638BD7047C0E1026050
:107FF000EC3300204CF2090398420DD04CF20A03F6
:10800000064A02E0834205D0136A2032002BF9D1E0
:10801000184670471046704700487047C0E102603C
:10802000837A0A2B0AD8012000FA03F313F08E0F8B
:1080300003D113F4C06F03D00220704700207047B3
:1080400013F0100F0CBF002004207047807A20B17D
:10805000032804D9042800D170470020704701206C
:10806000704700BF837A0A2B08D8012202FA03F373
:1080700013F4E36F14BF10460020704700207047D0
:10808000807A053803288CBF00200120704700BF8C
:108090004CF2090398420FD04CF20A03074903E05F
:1080A000984207D0136A114601F12002002BF7D144
:1080B00003487047486A704702487047C0E1026051
:1080C00014340020EC33002008B5FFF77DFF00B129
:1080D000006808BDC36B10B5044693F88000F2F742
:1080E00043FE50B1E36B204693F8801006F006F88B
:1080F000003018BF0120404210BD014810BD00BF34
:108100000094FFFF2DE9F047446984B0C56B002C53
:1081100005F254450CBF4FF000084FF002081D4413
:1081200008EB0109B9F5205F56D8044600681746E8
:108130002B4690F8CC200E4690F8C910C2F34002AE
:1081400090F8C80006F04AF823682E22A91CD3F83C
:1081500018A0D869D04750BBA16B3022E36BC86D23
:10816000C3F81024002839D0BC300121F7F7A2FE53
:1081700080B32368C6F52050E26B2946C8EB0005A2
:10818000A06BD2F810E4DA69C06D03927246D3F89E
:1081900018E0BC30D4F8C030CDF808E000974B446C
:1081A0000195F7F76BFF10B9B8F1000F02D104B0D9
:1081B000BDE8F0873B68D4F8C0201B0A9355D4F87B
:1081C000C0103B680E4473703B6802333B6004B0E0
:1081D000BDE8F0870248EAE70248E8E70248E6E738
:1081E0000093FFFF0096FFFF0089FFFF4368102BFD
:1081F0002DE9F04F9DB000F0A684C36B0446002B20
:1082000000F0A18405F05EF9002840F0A680236804
:1082100093F8CC309D0705D5E36B93F8EC31012B37
:1082200000F00C8165680C2D00F09C80112D00F28F
:108230008A84DFE815F00A010D0134035C03610351
:108240008A03DF0352030F04120057030604880455
:108250000B047F0483048804A200E26C0023204600
:1082600015680B9304F0E2FE002876D1AB7A5A1F12
:10827000032A40F265830B2B00F06283D4F8D430DC
:10828000002B00F05D83E26B2168002A01F0FB8186
:10829000D2F8C031002B01F0F6811968002900F0F6
:1082A0004F835B68002B01F032840DF13008D2F867
:1082B00004342046414698476369032B01F06782E6
:1082C000E36B002B01F08782D3F8C031002B01F063
:1082D000828258680421F7F7EDFD002841F0C08143
:1082E0000646C446062124238146E06B2768002801
:1082F00001F0EB81D0F8C001002801F0E681406870
:10830000FA690DF12C0ED4F8C05003926246BF6991
:108310000D44314602978DE82040F7F765FEE0B93D
:10832000D4F8C03016250B9A0F214B442046120A70
:108330001A71D4F8C0300B9A4B445A710B9BD4F885
:10834000C0200633C4F8C4504B44C4F8C830117080
:1083500063680133636005F009F9054628461DB0DE
:10836000BDE8F08FE36BD3F8883623B9204607F0D9
:1083700023FC0546F2E711236360204607F016F957
:108380000028EAD1A36F162B40F05887236F1A7884
:10839000042A40F0B5872068D4F8A01090F8CC00EB
:1083A000800740F14984112940F2AA87587C03F1E3
:1083B0000C051E7C0C2293F80CB040EA062693F8BC
:1083C0000EA0587B93F80F900490B31D134499426C
:1083D00040F09687E26B4FF000080C23C2F88886C5
:1083E0006360002E00F02B83A36B996E586EF9F733
:1083F000B5FBA36B586E0AF01BFCA76B314601203E
:10840000C7F86480C7F868800AF032FC059000283D
:1084100001F07583A91D32460AF012FC049B454603
:10842000BE661A04059BC7F8088042EA0B627B66A9
:1084300042EA090242EA0A22FA668FE7204605F07C
:10844000CFFF00283FF4EEAE87E70123636085E7A6
:1084500021688B69002B01F06B82A3682BB991F81E
:10846000CA30236191F8CB30636191F8C8000028CD
:1084700000F0698391F8CC20D4F8C09091F8C9102D
:10848000C2F3400209F1040305F0A8FE2368E66B7D
:1084900093F8CC2006F21441900740F19B83D6F864
:1084A000DC21002A00F096830E684D688868CA684F
:1084B000C9F80660C9F80A50C9F80E00C9F81220B8
:1084C00088690E694D69CA69C9F81660C9F81A50F9
:1084D000C9F81E00C9F82220A16B8868A0F110031A
:1084E000102BA36800F28B83002B00F04D86002335
:1084F00009F1270589F82630236893F8CC209207E4
:1085000016D5E36BD3F8DC21002A00F0148793F82A
:10851000E0316E1C2B703046E36B93F8E021D3F80A
:10852000DC110AF08DFBE26B236892F8E0513544D0
:108530006269AE1C53F822703868002801F0A080F0
:108540004FF00008FFF756FD236893F8C910C0B13B
:108550000269914215DB93F8CBE03146826996457A
:108560000FDC93F8CC309B0702D5037F5A0708D461
:108570003B6808F101081B1201F8023B3B6873706D
:108580000E4657F8040F0028DCD1A3683BB93246E9
:10859000FF2108F1010802F8023B717016462368BA
:1085A00093F8CE30DB0708D533465621002208F178
:1085B000010803F8021B72701E4601224FEAD8110F
:1085C0004FF0000B08FA02F3B04629706B70331DB0
:1085D00008F8022B86F801B01D46D4F8C070D4F814
:1085E000D800069307F52057002801F045800AF0CF
:1085F0005FFBBD4282462B4605D800F10905FB1AF8
:10860000AB4280F0F7855D460222A3684244012B0D
:1086100040F02385BA4294BF00230123002B40F091
:108620001C85D4F8EC10B81A0531884219D30127FB
:10863000FF219370501D117004F1F0015770D4F8B0
:10864000EC303B44D370D4F8EC301371D4F8EC2008
:108650000AF0F6FAD4F8EC30D4F8C070053307F518
:108660002057D4F800E01D449EF8C930032B00F0D9
:10867000FA840022DEF878B015449BF80000002848
:1086800000F003844FF0000A04E01BF8010F0028FB
:1086900000F0FC830AF1020AF2F766FB0028F4D12D
:1086A00000232B44D4F8C0709A1C07F5205742448D
:1086B000BA4240F22E842568002095F8CD2002F0C1
:1086C000020103EB000E01F0FF03002900F0F1822C
:1086D0000EF1020095F8C9304044002B00F06C8583
:1086E000B84294BF00230123002B40F06585391A5E
:1086F000032940F2DE821622037083700421C370C6
:1087000042702568D4F8C07095F8CD2007F5205741
:1087100002F004020EEB010302F0FF0AEAB19A1C18
:1087200095F8C9104244002900F04285BA4294BF2E
:1087300000210121002940F03B85B81A032841F2AD
:1087400047801720117091704FF0040AD17050705B
:10875000D4F8C070256807F520575344D5F8A4A075
:1087600003F1020B049308EB0B030593BAF1000F1E
:1087700000F07F87DAF80010002900F0C5874FF07D
:10878000000B08460AF094FA5AF8041FC0B20130F0
:1087900083440029F5D10599B94200F261840BF1B7
:1087A00006027B1A9342C0F02285102300228D1D01
:1087B0000A704B702368D3F8A470386890B10AF03F
:1087C00077FA2B465FFA80FA03F8010B18465246F7
:1087D00039680AF035FA0AF1010A57F8040F5544CE
:1087E0000028ECD1059FEB1BDAB2981F191F951FCB
:1087F000000A043A090A38717D71FA70B970D4F828
:10880000C070256807F52057049A1A4495F8CD30B2
:10881000901CDB090492404400F02284B84294BFCB
:1088200000230123002B40F01B84A26B3F1A926EA1
:10883000151DAF42C0F07C8503702321130AC2705E
:1088400041708370A36B596E002A00F0EF860029F7
:1088500000F0EC8604300AF0F3F9049B5D1905D0B2
:10886000069BF5702B4498462B0AB370C9EB0800A1
:10887000D4F8C03001221621C4F8C800C4F8C410CE
:108880001A7094E80C000133636092F8CC309807BA
:1088900000F17584204604F069FE05465EE5204639
:1088A000266F06F083FE054600287FF457ADA36FC0
:1088B000162B00F00582A368012B40F0BF842268CC
:1088C000E368D2F8B4200133002AE360C0F2E68105
:1088D000934240F3E381BC4D40E5204605F05EFA4B
:1088E00005463BE5204605F0E5FA054636E5204617
:1088F00006F088FF054631E5E36C00201E680A900B
:10890000B37A012B00F0D081093B012B40F2A68104
:10891000204606F04BFE00287FF41FADA36F162BF8
:1089200040F08C84226F13780C2B00F0EE83B37A26
:1089300003F0FD03052B40F081840123C4F8A83027
:10894000636800250133636008E5E36C1B689B7A6C
:10895000013BDBB2092B00F20B81012540F20F3203
:1089600005FA03F31A40002A00F00281204606F0BF
:108970001DFE00287FF4F1ACA36F162B40F05E843F
:108980006368216F013363600B780D2B0CBF0123EB
:108990000023C4F8D43040F006842368D4F8A00043
:1089A00093F8CC3003F0020303F0FF05002B00F036
:1089B000A0840C2817D90A7B0C2313440333984254
:1089C00011D96369032B00F0C080002D00F0A08452
:1089D00011440C254B7B897B41EA032153182B441E
:1089E000033398422BD0204632220221774D05F0E6
:1089F000C7F8B3E4204606F0D9FD054600287FF409
:108A0000ADACA36F162B7FF466AF2268D4F8A0102C
:108A100092F8CC3013F0020F0CBF04230C239942C0
:108A200040F0D183236F1B780E2B40F0CC8363681A
:108A30000133636092F8CC309E0700F13C81002541
:108A40008CE4204605F00CFC054687E4204607F040
:108A50000BF982E4E36C1E68B37A022B00F0CA8241
:108A6000DA1E012A40F28980093B012B8CBF0025C8
:108A70000125002D40F081803046FFF701FB0028E2
:108A800000F0A5822368D3F89420002A01F03F80EB
:108A9000D3F89C20002A01F03A80D3F8A0309A1D28
:108AA0000C93B2F5205F00F2AA86D4F8C020190A10
:108AB0001171D4F8C02053712368D4F8C000D3F8E2
:108AC000A020D3F89C1006300AF0BAF82068B37AD8
:108AD000D0F8A020052B02F1060700F0BD85072B7A
:108AE00000F0E586062B00F02886082B40F0AE83C8
:108AF000C569C7F52053D4F8C0200CA90195856934
:108B00003A44E06B00958030F1F7C4F800287FF418
:108B100024ACB17A204605F0F7F900287FF41DACAB
:108B200016200C9BD4F8C0201021C4F8C4003B448C
:108B300020460AE40F23002563600FE42046002549
:108B400004F01CFA0AE4224D08E4002D00F04E86E1
:108B50008F184FF00C0E7E7BBB7B43EA0626D31C9E
:108B60007344334498427FF63EAF931C9A192CE726
:108B7000062300256360FFF7F1BB25684FF47A7385
:108B8000D4F8C0200CA9EE69E06B04320196AD69FF
:108B900080300095F1F77EF800287FF4DEAB256881
:108BA0004FF40073E06BEE6900F2544200F582610D
:108BB00001968030AD690095F1F7AEF800287FF49A
:108BC000CCAB0427ACE700BF0089FFFF8085FFFF27
:108BD000008FFFFF9D690422D869A84700287FF411
:108BE000BCAB236806F583611C229D69D869A84740
:108BF00000287FF4B2ABE16B01F2144154E4002B86
:108C00007FF475AC4B6E002B00F0408700208B6E1C
:108C1000002B40F00E8589F8260009F12705002871
:108C20003FF46AAC0023A26B1A440133127B8342E7
:108C300005F8012BF7D35FE4092940F26183587AE4
:108C40001D1D1E7A93F804B040EA0626587993F861
:108C500006A0049093F80790FFF7B7BBA36BD86DFD
:108C6000002800F00587BC300221F7F723F900281F
:108C700000F0B985A36B0122E06BDB6D8030D3F887
:108C8000C010F0F7E1FF002800F0A582054620465D
:108C90002822022104F074FFFFF760BB0123D34DAB
:108CA000C4F8A830FFF75ABB052305466360FFF7F9
:108CB00055BB19462CE5204605F06CFBFFF74EBB73
:108CC000236893F8CC2002F0020101F0FF00002994
:108CD00000F075823378032B00F09C85E36BD3F8AA
:108CE000DC0109F0A5FFE36B83F8E051C3F8DC5128
:108CF0002368D4F8A01093F8CC2002F0020202F00E
:108D0000FF00002A0CBF2A2232228A4200F2CA83C4
:108D10003278022A40F0C683002893F8CC2004F170
:108D2000140104F110000CBF4FF004084FF00C08C0
:108D3000C2F34002B044434605F05AFA2368226960
:108D400093F8CA108A42C0F2E284616993F8CB00BA
:108D50008142C0F2DC8493F8C800824200F3D784D9
:108D600093F8C930994200F3D2844346E76B53F835
:108D7000026F5D689868D968C7F83464C7F83854DA
:108D8000C7F83C04C7F840141E695D699869D96941
:108D9000C7F84464C7F84854C7F84C04C7F85014DF
:108DA00098F82260202E00F27D832368D4F8A0205A
:108DB00093F8CC30990740F1B48206F133039A421C
:108DC00000F2AD840C2306F126010B449A4240F0D8
:108DD0006983002708EB060393F8235093F82420B7
:108DE00093F8253042EA0525002B40F02F862846CF
:108DF000D4F84C90FFF7FEF8E36CC9F80000204669
:108E00001968002900F0488605F066F8D4F83C900F
:108E1000D9F87836002B00F02A82002E00F0278245
:108E2000A368002B40F02382A36B04931B689D4230
:108E300000F0818508F1230A63684FF0000E049A60
:108E40005146013302F10C0032466360049BC9F8BD
:108E500078E69E6083E8204009F0F2FE23686269AC
:108E600053F82230043B04E0A26B1268904200F0F9
:108E7000708253F8040F0028F6D120462F220221D9
:108E80005B4D04F07DFEFFF769BA824605F1020BE7
:108E900008EB0B03BB4204933FF602AC049A0AF1C1
:108EA000060ABF1A5745FFF4FBAB2368D3F878B026
:108EB0009BF8000000283FF4F3AB9246002700E047
:108EC0000F46F1F751FF4388B91C0AF1020A1B0A49
:108ED0008AF8043043888AF805301BF8010F00280F
:108EE000EED100293FF4DCABCAB207F1040E4FEA21
:108EF000112C049907F108034FEA1E2708700A2075
:108F00004A7102328F70CA7081F804C04870FFF74E
:108F1000C8BBB91A05294FF000010DD90B2702254E
:108F2000012011709170517106215770D570107128
:108F3000D4F8C07007F5205725680B44B5F8CC204D
:108F4000991C02F4E0724144002A00F0D585B94230
:108F500094BF00220122002A40F0CE85781A04280E
:108F600010D901200A708A7005224870C8702068E4
:108F7000B0F8CC00C0F382100871D4F8C070256836
:108F800007F52057134495F8CD20991C12F0400F97
:108F9000414400F0BF85B94294BF00200120002861
:108FA00040F0B885C1EB070EBEF1030F7FF687AB2B
:108FB000042208708870C87010464A702568D4F87A
:108FC000C07095F8CD2007F52057FFF778BBB37A2E
:108FD000012B40F03B8103460CAA04212046FFF7F9
:108FE00091F800283FF4EDADFFF7B7B90095FFFF0A
:108FF0008086FFFFE36BD4F8C0205B68190A0C93EE
:109000001171D4F8C0205371E66B06F10800EAF73D
:10901000D5FF2568D4F8C0200146EF69301D0C9BB0
:1090200006320197AD690095F0F716FB00287FF432
:1090300094A925684FF40972E06BEE6900F582632C
:1090400000F2544101960430AD690095F0F76AFBD7
:1090500000287FF482A9062762E50023FFF701BB01
:109060000025FFF7FABBDEF874A0DAF8000000284C
:1090700000F05B845246002352F8041F0433002999
:10908000FAD105F1020B08EB0B02BA420492114629
:1090900000F256810633BA1A9A42C0F00C830028B7
:1090A00000F0DC840F464FF0000B04F0F7FF4FF0A8
:1090B0000303B8710BF1040BFB710437DAF80000FD
:1090C00004F0ECFF4FF0010338717B715AF8040F84
:1090D0000028EAD1049F5FFA8BF30BF10201002014
:1090E0007B710233090A3870FB704FEA1B23B97099
:1090F0000D213B710BF106027970D4F8C070D4F8E1
:1091000000E007F52057FFF7B5BA2368D4F8A05060
:1091100093F8CC10B37A154411F0020FA3F1080EA6
:1091200003F0FD000CBF04210C21BEFA8EFE082BBB
:1091300018BF062B0A444FEA5E1E0A9200F089808F
:10914000052800F0868003F0FB02022A00F0DB8392
:10915000033B012B02D9BEF1000F77D0E06B2A460A
:109160000AA98030F0F75CFD002800F0AB832046B0
:109170002F220221CF4D04F003FDFFF7EFB8204668
:1091800005F050F8FFF786BBE36BD3F87836002B79
:109190003FF438AD4B6E002B7FF439AD89F82600D3
:1091A00009F127053EE5C4F8A8500546FFF7D6B8F3
:1091B0004FF0000AFFF7D1BA0021FFF7A9BAD4F89F
:1091C000A0102A22A1E5204632220221BA4D04F045
:1091D000D7FCFFF7C3B82046FEF77CFF0546002802
:1091E00040F0E283636801336360FFF7B7B80023A0
:1091F000FFF70ABB411DC2B2C31C86F804B0090ABE
:10920000571DD01C1B0AB1714FEA1A213273524606
:10921000F771707206F10D0086F805B086F80AB095
:109220003372F172D4F8D81009F00AFDD4F8C07086
:109230000AF10B0207F52057FFF7E7B920460A228B
:1092400002219E4D04F09CFCFFF788B89C4DFFF76F
:1092500085B8A91E8A428AD85178971C92F800C016
:1092600041EA0C22A91A8F4206D90A977FE7A36B1D
:1092700008F1230A0493DFE53A4405280A927FF4B3
:1092800062AF023B022B3FF65BAB2268636992F848
:10929000CC20D4F870A012F0020FDDF828800CBFAB
:1092A0004FF004094FF00C09032B00F0A883022BA8
:1092B000CCDC3046FEF7B4FE0428064600F09D8361
:1092C00000270A9BAA1E93420BD893F800B09A1C61
:1092D0005B780A9243EA0B2BCBEB0505AA4200F020
:1092E0006683204632220221724D04F049FCFFF7CA
:1092F00035B804287FF677AB0A790423FFF75DBB06
:109300002046322202216F4D04F03AFCFFF726B8C6
:10931000114404254E798B7943EA06231344FFF761
:109320005EBB06F12B039A4200F2D98104234AE581
:109330001D46FFF792BA2A7001352368FFF7F8B887
:10934000DEF878B09BF8000000287FF49BA9FFF7B7
:10935000A7B9FEF74FFE63691946069300283FF44C
:109360008CAD03699942FFF688AD836999423FF756
:1093700084AD236893F8CC309B0703D5037F5D074A
:109380003FF57BADA26B06F1280311460492002243
:1093900008EB03064A60002F00F09C82B578F17854
:1093A00018F8030041EA0521737801F1040943EA42
:1093B00000230D464F4575D3059204F1F002079244
:1093C00004F1FC020892102B00F0C6807EDD172B02
:1093D00000F0B38040F3A080232B00F0F5804FF61F
:1093E0000172934248D1A368002B00F05A81D4F84F
:1093F000ECC04FEA4C035A1CAA4240F085803279F7
:10940000934240F081804FF000038DF83030BCF182
:10941000000F00F03083079B06F1050E184603EBA2
:109420000C081EF8013B10F8012B9DF8301053403A
:10943000804543EA01038DF83030F2D19DF8303099
:10944000002B61D10CF1050E08988DF82C30844466
:10945000B6441EF8013B10F8012B9DF82C10534028
:10946000604543EA01038DF82C30F2D19DF82C3091
:10947000002B49D1012305937F1B4E447B1F043FE2
:10948000022B46D9002F00F02682F378B578327887
:1094900043EA0525737805F10409294643EA0223C6
:1094A000B94590D9204632220221074D04F068FBCD
:1094B000FEF754BF0085FFFF8084FFFF0089FFFF98
:1094C0000094FFFF0092FFFF8086FFFF042B00F057
:1094D0009F800B2B00F08480012BCDD12368B3F843
:1094E000CC3003F4E07232B1012904D1C3F382130A
:1094F00032799A42C0D0204628220221C14D04F080
:109500003FFBFEF72BBF5C4620462822022104F0D9
:1095100037FBBC4DFEF722BF162BADD1236893F865
:10952000CD309A07E7D5069B002BE4D00029E2D185
:10953000049B1A46012393679EE7236893F8CD3076
:109540005B07D8D5069B002BD5D00029D3D1E36B80
:109550000122C3F88C268FE72368D3F8A480B8F1E2
:10956000000FD1D0032940F39C813179AB1E727971
:1095700042EA01229A4240F0948196F806A0EB1E3E
:109580009A4540F08E81D8F800B0BBF1000FBBD0F7
:10959000F31D09955D46A3461C4603E058F8045F99
:1095A000002DB0D0284609F083FB8245F6D1524603
:1095B0002946204609F078FB0028EFD15C46AB46EF
:1095C000099DC4F8DCB057E7236893F8CD30DB0978
:1095D00091D000298FD1E36B0122C3F888264BE795
:1095E000002900F05E8133795A1CAA4240F059816B
:1095F000711D002B88D07279012A6CD91944B31DD2
:1096000003E013F8012B012A65D99942F9D17BE7D0
:10961000236893F8CD3058067FF56DAF00297FF4AD
:109620006AAF049B1A460123536725E70425FFF719
:1096300014B923680C3120229D69D869A8470028F5
:109640007EF48BAE2023A26B09F1270593601846A8
:1096500089F82630FFF7E6BA0C951946FFF75ABA93
:109660000621142304260DF1400C4FF00009FEF7EB
:109670003CBE5346FFF7C8B805460222FEF7C5BFF9
:109680008046FEF782BF896E00293FF459A90B6816
:10969000002B3FF455A9002A40F0E3810B46FEF76A
:1096A00000BE01297FF430AF3379002B7FF42CAF5B
:1096B000C4F8E810DEE6DEF878B09BF80000002879
:1096C0007EF4E0AF8246FFF7E9BBB86E00283EF4B7
:1096D00017AEFEF714BEE36BC3F85C21CCE608EBD3
:1096E000060393F8271093F8267041EA0727791E9E
:1096F00002297FF6D7AE042106F128003844014440
:109700008A423FF469ABCDE68B46FFF744B820466A
:10971000462202213C4D04F033FAFEF71FBE08EB4F
:10972000060393F8271093F8267041EA0727791E5D
:1097300002297FF6B7AE0C21DEE7E36B5B68991C6C
:109740000C933944B1F5205F59D8D4F8C0101B0AE6
:10975000CB5502F10807D4F8C0100C9B0A44D37112
:10976000E56B05F10800EAF729FC23680146281D8E
:10977000DD69D4F8C02001959D693A440C9B0095A1
:10978000EFF76AFF00283FF4C4A9FEF7E6BDE36CDB
:109790001B685E7AD4F8C030072E00F0F9800422EE
:1097A00006261A71E36BD4F8C050002B00F0E98054
:1097B000D3F8C031002B00F0E480586804F03CFC82
:1097C0004FF00209C446687108210023FEF78DBDE1
:1097D0008A46FEF7C2BF23689B6E002B7EF479ADEC
:1097E0001846FEF777BD094DFFF751BA8F184FF0B5
:1097F000040E7E79BB7943EA0626FFF7B0B9044D23
:10980000FEF7ACBD8086FFFF8091FFFF0093FFFF56
:109810000096FFFF256F0CA9C2F340020BA805F1CB
:109820000C0304F0E5FC0B9902297FF770AF0C9B49
:10983000012B7FF76CAF226892F8C80081423FF796
:1098400066AF92F8C92093423FF761AF226F05F1EE
:109850000F08E36FAE7B1344C8EB0303B342FFF67C
:1098600021AEE36BD3F8DC0109F0E2F9E76B314696
:10987000012009F0FDF9C7F8DC01002800F00381A0
:109880004146324609F0DCF9012387F8E0612046C1
:109890006360002503F0B0FB204604F07BFDFEF77B
:1098A0005DBD20463222022104F06AF931E602232E
:1098B0000CAA39462046FEF725FC00283FF429A9CA
:1098C000FEF74BBD2046FEF705FC00287FF44FACA9
:1098D000B37AD6E40597D4F8E830002B5BD123683F
:1098E00093F8CC3003F03003202B3FF404AEA26891
:1098F000012A7FF4A4A8002B3FF4FDAD059B012BAA
:109900007FF49DA8F7E5E06B2A460AA90430EFF73B
:10991000A1FD00287FF42BACE26B23685268D3F8DA
:10992000C430B3EBC20FD3D921E40346FFF7A9BB80
:109930007A4DFEF713BD049B5B68002B7FF47AAA77
:10994000049B08F1230A9B689E427FF475AA049B3E
:109950003246514603F10C0009F0A6F900287FF4C5
:109960006BAA0C232046636003F060FB05460028C9
:109970003FF474AA20465022022104F001F9FEF7B8
:10998000EDBC23689B6E002B7FF417AF184615E7DC
:1099900005221A7106E7A268012A7FF450A8059AE9
:1099A000002AACD0FFF74BB85D4DFFF770B90AEB5A
:1099B0000902C2EB08030DF13008002F00F091807E
:1099C000414620468DE8880013460BAA06F038FA77
:1099D00000287EF4C2ACA36BD86D002879D0314644
:1099E000BC30F6F767FA00285DD120462822022114
:1099F0004C4D04F0C5F8FEF7B1BC074661E408F130
:109A000002039D42FFF4B3AB98F8000004F03AFB68
:109A1000074600283FF4ABAB0A9B587804F02AFBBA
:109A2000834600283FF4A3AB3946204604F07AFB76
:109A300000287FF49CAB0A9B304602330A93FEF762
:109A4000EFFA58457FF493AB06463AE420462F22BE
:109A50000221354D04F094F8FEF780BC8346FFF7F1
:109A600039BBD2F8C031002B08BF0B46FEF719BC3A
:109A70002E4DFFF70CB99DF83030002B7FF444AD2C
:109A80008DF82C30F2E42A4DFEF768BC89F82630B8
:109A900009F12705FEF730BD50220221254D04F0C3
:109AA0006FF8FEF75BBCA36B42460A9D3946D86D42
:109AB0000B9BBC308DE82008F6F704FA0546002819
:109AC0003EF43EAF20463322022104F059F8FEF75F
:109AD00045BC204628220221144D04F051F8FEF71F
:109AE0003DBC2425414620460B9506F047F9002849
:109AF0003FF471AFFEF731BC0022FFF743BA2046B6
:109B0000502202210A4D04F03BF8FEF727BC0A4D13
:109B1000FEF724BC0020FEF7D2BD00BF008CFFFF83
:109B20000086FFFF0093FFFF808FFFFF0089FFFF8C
:109B30000081FFFF008FFFFF008AFFFF03682DE910
:109B4000F041DC6B82B0002C4DD00B68D41A012C94
:109B500058DD1D789E1C5C784FF6FE730E6044EA5B
:109B60000524651E9D424DD8931B9C424AD803682C
:109B70000F460546D3F83C80B8F1000F15D0186C9D
:109B8000324623462946C04740B128467322022167
:109B900003F0F6FF1C4802B0BDE8F0813E68344493
:109BA00000203C6002B0BDE8F081D3F8A0209442D0
:109BB000EBD1D3F89C1030468DF8078001EB040CF4
:109BC00011F8013B10F8012B9DF807E0614583EA8D
:109BD00002034EEA03038DF80730F1D19DF80730F8
:109BE000002BD2D1DBE7D3F894404CB1D3F89C40A2
:109BF00034B1D3F8A0401CB1D3F89830002BA4D1D5
:109C00000248C8E70248C6E78093FFFF008AFFFFCB
:109C10000084FFFF70B50D68AB1C934213D82E78FB
:109C20006C780B6044EA06241D19AA420BD3006825
:109C30000D46224619460430EFF7FAFC28B92B6886
:109C40001C442C6070BD024870BD024870BD00BF4E
:109C50000084FFFF8083FFFF2DE9F04704469EB09C
:109C6000FF209146E76B0D46984622688DF8490023
:109C70008DF84800002F00F09280D7F8C00100282E
:109C800000F08D8046680346002800F09480186834
:109C9000BC30F6F707F9636907304FEAD00A6BB1B9
:109CA000AB1C994579D3C0F3C7202A78824274D17E
:109CB00069785FFA8AF291426FD11D4605EB0A037B
:109CC00099456AD101213046F6F7F4F8002877D09B
:109CD0002368304629463025DE695246039605AE94
:109CE0009B690096029312AB0195F6F7B1F906460F
:109CF000226804ABE06B92F8CC20D0F88016C2F357
:109D00004002D0F87C0604F069FA20689DF84850BB
:109D100030229DF8103006A99DF849C09DF811E049
:109D200085EA03098369C0698CEA0E05DDF814A091
:109D3000984778BBB8F5097F44D8C8F509732F2B2D
:109D400040D949EA05058AF0300308F25341E26B35
:109D50002B43302539443343C2F810540DF1170614
:109D60000DF147055F421F43FF176FEA070E4FFAD9
:109D70008EFE16F8012F013015F8013F3A400EEA29
:109D80000303134301F8013FE36BD3F8103483421C
:109D9000EFD800201EB0BDE8F087104EA8E7916E06
:109DA00029B98FB1D7F8C0318BB10E466FE74E6835
:109DB00087B90B466BE7936E002B3FF469AF66E7FC
:109DC000074E95E70748E5E73E46384660E71E46FA
:109DD00018465DE7D7F8C00155E700BF0084FFFFD4
:109DE000008AFFFF0094FFFF41648264C3647047F0
:109DF000036893F8CC30DB0716D570B515460446DA
:109E0000D0F8E0000E4608F013FF2946012008F0C4
:109E10002FFFC4F8E00048B131462A4608F010FF91
:109E2000C4F8E450002070BD01487047014870BD7F
:109E3000008FFFFF0081FFFF4368102B00F0E084DC
:109E4000C36B2DE9F04F0446AFB0002B00F06584E2
:109E500003F038FB002840F07C81226892F8CC3077
:109E6000980740F17981E16B91F8EC31012B00F01A
:109E700056846368122B00F25084DFE813F0DF0190
:109E8000D9010C04E301E70134033B025202E3026F
:109E90006702DF025602BD035A025E0262024E04EE
:109EA0004E04DD019369002B01F03084D4F8C050DA
:109EB00092F8CC2061692B1DC2F34002206904F0A6
:109EC0008DF9AF1D2368042239469E69D869B047D1
:109ED000002840F03E8123681C2205F10A019E699A
:109EE000D869B047002840F03481D5F80660D5F82D
:109EF0000A00D5F80E10D5F81220D4F83CE0CEF8C0
:109F00003464CEF83804CEF83C14CEF84024D5F8AA
:109F10002220D5F81660D5F81A00D5F81E10CEF814
:109F20004464CEF84804CEF84C14CEF85024E36BC9
:109F3000D3F87826002A41F0E480A268A66B8AB99B
:109F4000B2687AB12068026A62B13146806A90478D
:109F5000E36B002801F0D280D3F87826002A41F084
:109F6000D080A66B6268D3F8883601326260002B1D
:109F700001F07982002106F10C002022B16008F086
:109F800053FEA36B05F127069B68304685F8263003
:109F9000A16B8A680C3108F053FEA26B13689268BB
:109FA0001B1206EB0209B354A36B09F1030709F175
:109FB00005081B6889F80130A36B5B6889F80230DB
:109FC000D4F8E820012A01F0868202200023A16B48
:109FD00091F87020002A01F04382391801220026EE
:109FE0004FF0050A3E548E704A70CA70A26B92F808
:109FF00070200A71A16B4A6F53444AB19A1C002029
:10A000000426B918B85432468870C8704E70A16BD7
:10A01000666903EB020A8A6FB6FA86F67609002AA9
:10A0200001F0DD81002E41F0DA810868FDF7E2FFE2
:10A0300038B1007AEDF784FC18B14378022B01F0B7
:10A04000DF8366690023B6FA86F67609E16B53442E
:10A05000D1F88C26002A01F00082002E41F0FD810B
:10A060009A1C1720B918BE548E70CE700426487002
:10A07000E16BD1F888261E445AB1B31C00204FF082
:10A08000230E0422F918F8548870C87081F801E092
:10A09000E16BD1F88436164413F0010310D0B31CE1
:10A0A00000214FF00B0C4FF0020EFA18F95401206A
:10A0B00006239170517182F801C082F803E010719B
:10A0C0001E44D4F8DC20B31C07EB030A002A01F07D
:10A0D000F88200211022F9548AF80120D4F8DC001B
:10A0E00008F0E6FD02460AF1070002F1070B02F153
:10A0F000030E511C5FFA8BF34FEA1E2EA3F1040CE2
:10A10000090A8AF802E0A3F1060E073B8AF803C0A9
:10A110008AF805E08AF806308AF80410D4F8DC10D2
:10A1200008F08EFD16EB0B0606D0330A08EB060787
:10A1300089F8046089F803307D1B1621D4F8C030FB
:10A140000222C4F8C8502046C4F8C4101A7003F0A4
:10A150000DFA2FB0BDE8F08F6368122B00F2DD829C
:10A1600001A151F823F000BF3DA2016031A20160BE
:10A17000A59E016045A201604DA20160E5A40160B9
:10A18000F5A2016023A3016045A401604DA3016015
:10A190003DA401602BA30160F7A5016033A301601A
:10A1A0003BA3016043A301601BA701601BA70160E3
:10A1B00039A201600521204604F02CFB0028C8D1FB
:10A1C000636E1A78162A40F0EA82226801330EA9DB
:10A1D0000DA892F8CC20C2F3400204F009F80D9BC0
:10A1E000022B40F3DC82236893F8CC30990740F1CE
:10A1F0001C83A368002B40F01A85236E1A78002A6E
:10A2000040F0CD825D78002D40F0C98253F8021FE6
:10A210002046D4F8B020C2F802109B88D38004F006
:10A22000D9FB002800F0FE82C4F88850C4F88050A2
:10A23000A368002BC4D1BDE7A8488AE7012300200A
:10A24000636086E7204603F0A9FD82E7E16C002207
:10A250000D680D92AE7A721ED2B2092A08D801207A
:10A2600040F2513100FA02F21140002940F09D8283
:10A270000423062EC4F8C83000F00185082E00F033
:10A28000FE84022E00F0DE84062E00F0DB84002720
:10A29000082E00F23E850123B34013F48C7F00F0BA
:10A2A000388522680023906F0F930178E9B1D4F8C4
:10A2B0003CE0DEF8B4713E68002E01F098823378FD
:10A2C000994201F066803A4603E01B788B4201F028
:10A2D000608052F8043F002BF7D110F8011F0029CD
:10A2E000EAD11368002B41F053807D480023C4F865
:10A2F000C8302EE7D4F8C0300E2204201621C4F84E
:10A30000C800C4F8C4101A7094E80C0001336360EC
:10A3100092F8CC309B0700F17782204603F026F9B3
:10A3200017E7204605F06EFA13E7204605F09CFC7F
:10A330000FE7204603F094FF0BE70F230020636034
:10A3400007E7204602F01AFE002002E7E36C1B68D4
:10A350009B7A5A1F032A40F224820B2B00F02182A1
:10A36000A36BDB6D002B00F01C82204604F02EFC5A
:10A3700010F5CB4FF9D000287FF4EBAE204604F067
:10A3800007FA10F5CD4FF0D010F5CB4FEDD00028E7
:10A390007FF4DFAE6368A26F0133162A636041F079
:10A3A000B080236F1A780F2A41F0AB802268616970
:10A3B00092F8CC2002F00202002A15BF0E250625D5
:10A3C0000C270427032901F0F580A36B0421D86D25
:10A3D000BC30F5F76FFD002841F08A8106464FF04A
:10A3E00024090DF13C08BD1CD4F8A0309D4201F2B7
:10A3F0008880226FD119D75D4A7842EA0727EA1987
:10A40000934241F07E80E36B0FA92046D3F80434D9
:10A410009847A26B216F4B46D06D42460D443146A2
:10A42000BC308DE8A000F5F74DFD054600287FF40F
:10A4300090AE204603F02CF828468AE6204605F028
:10A44000BBFB86E6E36C20461D6805F0AFF80028EC
:10A450007FF47FAE2268236F92F8CC20D4F8A060FE
:10A4600012F0020FA26F1E440CBF04210C21162A09
:10A4700019440F9140F04A841B78102B40F0468419
:10A48000AB7A022B00F05C87A3F10902012A40F2AB
:10A49000B183DA1E012A40F2AD83052B01F07580ED
:10A4A000072B01F0B280062B01F0E980082B01F0A8
:10A4B0000B81012B41F06680324600232046FFF7D6
:10A4C000CBFB00287FF445AE204602F0AFFD00280C
:10A4D0007FF43FAE6368013363603AE68095FFFF27
:10A4E000808CFFFFE16BD1F8C4310621E26C032BB5
:10A4F000D4F8C0701268616000F08A81927A511FAE
:10A500000B2A18BF032940F27D81B3FA83F35B095C
:10A51000002B40F0778102224FF0010A4021FE1DFE
:10A5200087F805A0B9713A716269032A00F066875D
:10A530004FF008084FF007092068B11C90F8CE30A2
:10A5400003F0020303F0FF02002B00F0B385E36B7E
:10A55000D3F8CC51002D01F0DF80AB69002B01F066
:10A560008A8107F5205B6E6C8B45C1F03B81C1EBA6
:10A570000B03B342C1F0368106F1020E4FF0000A20
:10A580009E450ED901F099B9AB69D3B18B456E6C7C
:10A5900017D3C1EB0B039E4213D806F1020E73458D
:10A5A0000FD30B46300A3246F24403F8020B18462A
:10A5B0004E70A96C08F044FBD5F830518119002D7C
:10A5C000E2D1CAF307225FFA8AFAD4F8C030C91B75
:10A5D00016200D26C4F8C810C4F8C40020461E700A
:10A5E000D4F8C03003F80920D4F8C03003F808A02C
:10A5F00002F0BCFFADE5E16BD1F88836002B00F02E
:10A60000FB80D4F8C030162104220FAFC4F8C41068
:10A610000EAE1A702568D4F8C020A86DA16B02F5A3
:10A6200020530A328DE8C0002D6DA847002840F065
:10A63000DB820E9AC2F30726D1B20A320F9B0025A5
:10A64000D4F8C07020464FEA136E87F804E04FEA52
:10A65000134ED4F8C07087F805E04FEA132ED4F8F3
:10A66000C07087F806E0D4F8C070FB71D4F8C03031
:10A670001E72D4F8C0305972E36BC4F8C820C3F816
:10A68000885602F073FF64E5226892F8CC3099078F
:10A690007FF508ACE16B91F8E031002B3FF402ACA0
:10A6A000D4F8C0302069043361690F9392F8CC204C
:10A6B000C2F3400203F092FD0F9D2068AB1C0F9384
:10A6C000466C002E00F05E87D4F8AC7042F64D1256
:10A6D00005F103092EA93A44D4F8E47041F87C9DB1
:10A6E000D4F8E030C06C0097B04700287FF431AD5B
:10A6F0000F9B162703261221C9EB03032046AB70DC
:10A700000F9BD4F8C020C4F8C4709B1AC4F8C8309A
:10A710001670616002F02AFF1BE5404819E52046EB
:10A7200003F05EFE00287FF414AD6368122BF4D8AA
:10A7300001A252F823F000BF3DA2016031A20160E6
:10A7400089A6016045A201604DA20160E5A40160F7
:10A75000F5A2016023A3016045A401604DA301603F
:10A760003DA401602BA30160F7A5016033A3016044
:10A770003BA3016043A301601BA701601BA701600D
:10A7800039A20160099B53F8044F0993002C40F053
:10A79000D7863C4620467822022103F0F1F9204872
:10A7A000D7E40A2300206360D3E4A6F10902012A5A
:10A7B0001ED8E36B002B00F09284D3F8C031002B3D
:10A7C00000F08D8458680221F5F774FB78B1E36BD3
:10A7D00003F18000002B00F08A84D3F8C031002BF5
:10A7E00000F085845B6800225968EFF72DFA6368F2
:10A7F000013300206360ACE4204603F05BFBA8E477
:10A80000064870470020A4E4204603F00BFD84E5D1
:10A81000236893F8CC30C3F381036FE6008FFFFF0A
:10A820000087FFFF204604F043F9A26EA16810786C
:10A83000537843EA0023002940F0F981B3F5205F03
:10A84000ADDC22681F46204692F8CC3013F0020F90
:10A850000CBF05210D21394403F0DCFF00287FF4F3
:10A8600078AC236893F8CC3003F0020303F0FF02C6
:10A87000002B00F0858507F10D03C4F88830266FA2
:10A880003A46E36B20463146D3F8003498472568B2
:10A8900095F8CC3003F00203002B0CBF04220C22ED
:10A8A00003F0FF039742FFF47AAF3278012A7FF476
:10A8B00076AF7278002A7FF472AFB278002B40F046
:10A8C000F081F37843EA022304339F427FF467AFB9
:10A8D000331D05930423FF1A252F7FF660AF95F8EB
:10A8E000CC2004F11401059B04F11000C2F34002D6
:10A8F00003F07EFC22692368E16B6069C1F87C2665
:10A90000C1F8800693F8CA50AA42C0F2188793F89B
:10A91000CB50A842C0F2138793F8C850AA4240F324
:10A92000CC83256193F8C9306361DDF814C06346B8
:10A9300053F802EF5E689D68D868C1F814E4C1F866
:10A940001864C1F81C54C1F820049D69D3F810E0C4
:10A950005E69D869C1F824E4C1F82864C1F82C54B0
:10A96000C1F830049CF82250202D00F2638105F1DB
:10A9700024084745C0F05E81A06B2022002185603D
:10A980000C3008F051F9A06B059E82680C3006F17E
:10A99000230108F055F9206890F8CC309B0740F16E
:10A9A00092832335725D1544EB1C9F42C0F0C08733
:10A9B000D0F848C0BCF1000F03D0A368002B00F012
:10A9C000A680002A7FF4EBAE6B1C08930598089DC7
:10A9D00003460646425D2B445B7843EA0223012B83
:10A9E00019460A9340F32681EB18DA1C9742C0F00F
:10A9F000218111F0010140F01D819A1C835C581ED9
:10AA00000F2800F2178113445A1C9742C0F012819C
:10AA1000A06B416040F27F83DD1CAF42C0F00A8131
:10AA200033443046B65C9B7843EA0626731E022BFD
:10AA300040F20081AB199F4240F0FC800544002E9B
:10AA400000F06983032E40F2F580EB7895F80290D0
:10AA50002A7843EA09296B7809F10407CB4643EACF
:10AA60000223BE42C0F0E68000220692079231E047
:10AA7000042B00F0048200F39180002B00F0708220
:10AA8000012B42D1B9F1010F40F021832B79042B26
:10AA900000F21D83A26B3D4482F87030CBEB0606BA
:10AAA000731F043E022B40F2C580002E00F0368357
:10AAB000032E40F2BF80EB7895F802B02A7843EA83
:10AAC0000B2B6B780BF10407D94643EA0223B742FC
:10AAD00000F2B0800D2B00F00F82C9DD172B00F0C3
:10AAE000D18226DC102B00F0D981162B0DD1B9F1C3
:10AAF000000F40F09F80206890F8CD309A0704D571
:10AB0000636913B1A36B01229A673D44C6E7059BB5
:10AB1000D4F8E46003EB0801D4F8E0300096C06C90
:10AB2000E047E36B002800F04A86012283F8E02129
:10AB30004AE7232B00F061814FF601729342E4D182
:10AB4000A368002B00F04E84D4F8EC305A1C5A4510
:10AB500040F0D5852A79934240F0D185002204F156
:10AB6000FC008DF8332083B105F1050E00EB030CDA
:10AB70001EF8013B10F8012B9DF83310534084451B
:10AB800043EA01038DF83330F2D19DF83330002BC6
:10AB900040F0B58501233D4406937FE70A2B00F082
:10ABA00021820B2BB1D1E06BD0F8843643F0010346
:10ABB000C0F88436B9F1000F3CD02B795A1C5A45A5
:10ABC00038D1691D002BA0D06A79012A40F258843F
:10ABD0001944AB1D04E013F8012B012A40F2508404
:10ABE0008B42F8D13D4459E700230A2219460E93BF
:10ABF0001E4623E5E06B721A8030EFF775F80028E7
:10AC000040F0738525684FF40073E06BEE6900F245
:10AC1000544200F5826101968030AD690095EFF7EE
:10AC20007BF800283FF450ACBC48FFF792BAD4F848
:10AC3000A07024E620463222022102F0A1FFB8488B
:10AC4000FFF787BA21680022D1F884300F92002BD9
:10AC500000F01B84D1F89030002B00F01684E06BDC
:10AC600001F188027C310430EEF7BEFC002800F0D0
:10AC70000F8410F5CA4F7FF439ABFFF76ABAD4F8E6
:10AC8000C03005210022C4F8C8101A71D4F8C830A9
:10AC9000D4F8C010581CC4F8C800CA54AE7AFFF7E4
:10ACA000F0BAF37843EA02230C339F427FF477AD86
:10ACB000A368206F012B00F0278401794379E26BB0
:10ACC00043EA0123591CC2F8D431C2F8D811837960
:10ACD000002B40F01E85C379002B40F01A85037AC3
:10ACE000002B40F0168500F109010322013007F026
:10ACF000DBFF002840F00D8595F8CC309A077FF5F2
:10AD0000E7AD06F10C0305930C23E4E58548FFF756
:10AD100020BAD4F8C030B21E022A47D8D4F8C820CE
:10AD20000021284613440E91C7EB0309FDF778F97B
:10AD300063698046032B00F0FB84A87A042800F0A6
:10AD40006E850FAE24254B463A46314620460E9579
:10AD500005F014F800288CD105466369032B00F038
:10AD6000B685E16B2768002900F09585D1F8C031E0
:10AD7000002B00F090855A68002A00F08085D4F8F6
:10AD8000C80032462946D4F8C060851C586873193B
:10AD9000FD6903950DADBE698DE868000E9BF5F762
:10ADA00023F900287FF465AFD4F8C0300D9ABAB10A
:10ADB000D4F8C810120A481CC4F8C8005A54D4F871
:10ADC000C830D4F8C020581C0D99C4F8C800D1541C
:10ADD0000D9AD4F8C810D4F8C0300A44C4F8C8207A
:10ADE00016210C222046C4F8C4101A70636801337F
:10ADF000636002F0BBFBFFF7ACB90FA801F0A2FD46
:10AE00002068D0F85480B8F1000F3FF47EAE036D97
:10AE1000002B3FF47AAEE36B0122C3F88826B9F128
:10AE2000000F3FF472AEA368002B7FF46EAE806D0E
:10AE30005B462A1D0FA9C047002840F0DB84D4F8E8
:10AE4000388012A83D44D8F8083008F10C011A46A1
:10AE5000119307F0F5FE404601F078FD7C220FA922
:10AE6000A06B07F0EDFE7C210FA8F6F777FEE36BF1
:10AE700000220121C3F88826C3F878160EE6B9F13E
:10AE8000000F7FF4D7AE206890F8CD3059067FF5DB
:10AE90003CAEA36B01223D445A67FFE52068D0F821
:10AEA000A4300993002B00F03F84B9F1030F1DDD9E
:10AEB0002979ABF102036A7942EA01229A4215D15B
:10AEC000AB1D2F44BB42184600F02E83EA1DAB7920
:10AED000B91A8B420AD8002B7DD013449F4200F050
:10AEE00023835A1C1B78B91A8B42F4D9204632228C
:10AEF000022102F045FE52E4B9F1010F2F44F5DDC5
:10AF00002A796B7943EA02239A1C5A45EED1D80775
:10AF1000ECD40635AF420BD8C8E000BF0083FFFF7A
:10AF20000087FFFF0084FFFF0235AF4240F2BE8082
:10AF3000687803F09FF880460028F5D0287803F061
:10AF4000A1F881460028EFD00146204603F0EAF838
:10AF50000028E9D14A464146E06B01F077FDE3E77E
:10AF60002068D0F82C80B8F1000F3FF4CEADB9F1D5
:10AF7000010FBBDD6B7995F804E043EA0E2E0EF16C
:10AF800002035B45B2D1BEF1020F05F106021EDDE0
:10AF9000E9792B7A43EA012303F1030CE645A5D3B3
:10AFA000A97961B943E35178937843EA012303F126
:10AFB000030CF4459AD81178002900F038836FF01B
:10AFC00002016244C91A8E44BEF1020FEBD8BEF1F1
:10AFD000000F3FF49AAD20462F22022102F0D0FD4F
:10AFE000FFF7DDBBB9F1010F7FF724AE6B7995F860
:10AFF000049043EA092909F102035B457FF41AAE84
:10B0000019F0010F7FF416AED4F83C80D8F8B431B3
:10B01000002B7FF40FAE4FEA590A04210AF1010A0E
:10B02000BAF10C0F28BF4FF00C0A504607F020FE73
:10B03000002800F07584BAF1010FC8F8B4017FF65A
:10B0400064ADB9F1000F3FF460AD099405F1080853
:10B05000044602E0BAF1010F11D918F8020C18F8F1
:10B06000012C42EA0020EFF793FE18B120600AF1AC
:10B07000FF3A0434B9F1020908F10208EAD1099C47
:10B080003D440BE5B9F1000F7FF4D4AD206890F892
:10B09000CD305B077FF539AD6369002B3FF435ADEB
:10B0A000E36B01223D44C3F88C26F7E401233D46BF
:10B0B0000793F3E49246FFF788BA93F8C9309842B1
:10B0C000C8BF636131E405F1230308937EE42046A1
:10B0D0002F22022102F054FDAB48FFF73AB8236853
:10B0E0009B6E002B7FF46EAB1846FFF76CBB23689A
:10B0F0009B6E002B7FF476AB5B68FFDE0122C3F80A
:10B1000078260C232046636001F090FF00283EF46F
:10B1100038AFFFF71EB8002306930793089D002160
:10B12000059B02350A982B449E1C1D46334603E0BE
:10B130000231023388420ED913F8022C562AF7D175
:10B1400013F8017C002FF3D12068636990F8C910CF
:10B150008B42C0F2DE83079B002B00F0708300233C
:10B160000A9916F8022C22B916F8012CFF2A00F0D1
:10B17000EE82023302369942F3D8D4F8E820012A4D
:10B1800000F0BF83206890F8CC3003F03003202B10
:10B1900000F06983A168012900F05D83636950F8BC
:10B1A00023603068002800F080830A9B0021A046BD
:10B1B0005F1E6B1C47F0010705932F44059D03E0BC
:10B1C000BD427BD00235306815F8012CC0F307234F
:10B1D0009A42F5D12A78C3B29A42F1D1FCF70AFF1C
:10B1E0008146002800F0CE81D8F8143002699A42D6
:10B1F00000F38280826993427EDCD8F8003093F8B5
:10B20000CC309C0702D5037F580775D44846FCF71D
:10B2100029FF40B1D8F83C30D3F8B431002B6BD0C3
:10B220001B68002B68D04846FCF72AFF20B1D8F8ED
:10B230000030DA6B002A52D0D8F81430032B00F01B
:10B2400031824846FCF7ECFED8F83C308346D3F810
:10B25000C841002C00F0A982002800F00E824FF0B7
:10B26000000A20685946BC30F4F724FE002845D176
:10B27000A46853460CB19A46F3E7BAF1000F3BD0ED
:10B280004446D046E36BC3F8C08163683568A06B61
:10B2900001332268E16C0560C1F80090636092F8A8
:10B2A000CC3003F0020303F0FF00002B3EF451AF5B
:10B2B000204603F06FF80020FEF74BBF56F8040F4E
:10B2C00000287FF47BAF4446002900F0EE82404620
:10B2D0002822022102F054FC2C48FEF73ABFD3F892
:10B2E00094204AB1D3F89C2032B1D3F8A0201AB1EF
:10B2F000D3F89830002B9FD1012161E70FAB0122D9
:10B300004946206802F022FF0028B1D1BBF1040FAA
:10B3100000F09F81D8F81430022B00F39681236847
:10B3200093F82831042B00F09081BAF1000F14BF7C
:10B3300053462346A468002C9DD144469A46A0E774
:10B3400032460FA904F13C00FEF764FC00287EF4AD
:10B3500000AF0F9B9E427FF4D9AC25684FF4097271
:10B36000E06BEE6900F5826300F25441019604300F
:10B37000AD690095EEF7D6F900283FF4A5A853E48F
:10B38000C4F88020FFF77BBA0087FFFF8096FFFF9D
:10B3900019780EF18000F1F723FE00287FF469ACE4
:10B3A00020680FA9D4F8C820C669D4F8C070C2F5C7
:10B3B0002053019686693A44E06B00968030EEF7A0
:10B3C000EDFB00287FF455ACD4F8C8700F9AD4F880
:10B3D000C0303A44AE7A1F44C4F8C8209BE400232E
:10B3E000FEF734BEB9F1010F40F089812B79002BB3
:10B3F00040F08581C4F8E890FFF7CCBB2168D1F814
:10B400007480D8F80000E0B11D46914602E058F87B
:10B41000040FB8B102F042FE83460028F7D001467F
:10B42000204602F045FE0028F1D173192A1D83F849
:10B4300002B0154683F803A006F802B083F8059021
:10B44000E5E705462A0AAB1C3D7205F10909FA71C8
:10B450001E4405F10A08FFF76FB80026FEF709BE83
:10B460009246FEF7C8BD2368202206F10C01B260A7
:10B47000D8699E69B04700283EF483ADFEF769BEE7
:10B48000C0F85C213D44FFF709BBCF48FEF72EBF53
:10B49000E76B07F10800E8F791FD2668D4F8C0E0F3
:10B4A0000146F369381DD4F8C82001930FABB66983
:10B4B00072440096EDF7FCFF00287FF4DAABD4F875
:10B4C000C8700F9AD4F8C0303A44AE7A1F44C4F81A
:10B4D000C820FEF7DDBEFF2389F8062089F8053075
:10B4E000A168002940F03C8109F10A0389F807109E
:10B4F00089F8082089F80910C8EB0303981CFEF7A7
:10B5000066BDB248FEF725BEE16B90F804E04379D2
:10B51000D1F8D82143EA0E2393427FF440A90133A6
:10B52000C1F8D831FFF7D3BB099BD3F80090B9F12C
:10B53000000F3FF42FA90B963E4627464C46814606
:10B54000204607F0B5FBB14582463FF41BA94D46A6
:10B5500003E04544AE423FF415A995F8008001355B
:10B56000C245F6D152462146284607F09DFB0028E9
:10B57000EFD1A1463C4637460B9EC4F8DC903D46D1
:10B58000FFF78CBA9248FEF7E4BD32460FA9204679
:10B59000FEF7D4FA00287EF4DCAD0F9B9E427FF4C8
:10B5A000B5ABA97A204602F0AFFC00283EF48CAF80
:10B5B000FEF7CFBDD4F8A020AA42A2D3D85D02F0F6
:10B5C00061FD064600289CD0236F2046D95D02F01D
:10B5D0006FFD002895D1236F042E3B4414BF0DF15D
:10B5E0003C080DF14C08587802F044FD0146002853
:10B5F00087D0A36BD86DBC30F4F75CFC002880D0FA
:10B600002F464FF00009FEF7EEBE32460FA9204646
:10B61000FEF794FA00287EF49CAD324602230F997F
:10B620002046FEF719FB00287EF493ADB9E70332FC
:10B63000006B2146C04700283FF467AA20467022CD
:10B64000022102F09DFAFFF7AAB84346A0461C4625
:10B6500018E6D8F83C202368D2F8B421D3F8C010FB
:10B66000136809782BB903E652F8043F002B3FF426
:10B67000FFAD1B788B42F7D14CE6444605E63246D7
:10B6800020460FA9FEF75AFA00287EF462AD0FA9F2
:10B69000324604F13C00FEF7BDFA00283FF47DAFCE
:10B6A000FEF757BD4846FCF7D1FC014600283FF4A1
:10B6B000C8ADD8F83C0001F0BFF900287FF4C1AD57
:10B6C0001AE69346FEF72EBD32460FA92046FEF736
:10B6D00035FA00287EF43DAD0F99E06B721A803088
:10B6E000EEF702FB00283FF45CAF3A48FEF731BDAD
:10B6F00004264FF014090DF14C08FEF774BE2046E5
:10B700002822022102F03CFAFFF749B83248FEF73E
:10B7100020BD3248FEF71DBDC56E002D7EF41DAF65
:10B72000AA462A46FEF751BF2F443D46FFF7B6B959
:10B73000B8F1000F40F0A6802548FEF7D7BD20469F
:10B740004622022102F01CFA2548FEF702BDA3683A
:10B75000012B00F0888001232068C4F8E8301DE543
:10B76000002209F10A0304F1FC0189F807201846B8
:10B77000D4F8EC205200013289F80820D4F8EC20EB
:10B78000520089F80920D4F8EC2007F059FAD4F8CF
:10B79000EC20034604F1F0011344184607F050FA78
:10B7A000D4F8EC2003461344A6E600283FF465AF26
:10B7B000D8F800309C6E002C7FF451AD9CE583F8E6
:10B7C000E001FFF701B900BF008FFFFF8082FFFF9C
:10B7D0000094FFFF8083FFFF008CFFFF808FFFFF3F
:10B7E0008091FFFF4FF0000A5246FEF7EEBE3A4648
:10B7F000FEF773BD0FA83D4401F0A8F8FFF74EB95E
:10B800000AF102031621FA18FE5404239670D6702A
:10B8100051706669B6FA86F67609FEF717BC0546DA
:10B820000FAE0195CDF800903B4631460EAA20465A
:10B8300004F006FB00283FF490AAFFF71ABA04218F
:10B84000204602F06FFC0028E06B0CBF04210021B1
:10B8500001F00AF983E4002A7FF4A0AC1BB1069B37
:10B86000002B3FF49BAC20462822022102F088F9ED
:10B870003348FEF76EBC9A461A46FEF7A6BE31481C
:10B88000FEF734BD4146E06B01F0D6F805460028CE
:10B890003FF452AFC4E7BA6E002AF0D05368002BD1
:10B8A000EDD069B91346FFF76ABA20462822022173
:10B8B00002F066F92448FEF74CBC5246FEF785BEFE
:10B8C000D1F8C031002B08BF1346FFF758BAD4F89F
:10B8D000C8702846D4F8C0907B1CC4F8C83002F069
:10B8E000DDFB09F80700D4F8C8704046D4F8C080E2
:10B8F0007B1CC4F8C83002F0B1FB08F80700FFF762
:10B9000030BAA368012B02D1069B002BABD0206874
:10B9100044E42046022102F033F90948FEF719BC3D
:10B9200020465022022102F02BF90848FEF711BCF4
:10B9300020464622022102F023F90148FEF709BC05
:10B940000087FFFF008AFFFF808CFFFF0081FFFF61
:10B9500070B50446C06B0D46164600F50270F3F74D
:10B96000BBFAE06B3246294600F51870F9F764FE21
:10B97000E06B3246294600F52F70FAF7A7FCE06B22
:10B980003246294600F54A70BDE87040FCF7B0B871
:10B9900070B50446C06B0D46164600F50270F3F70D
:10B9A0009BFAE06B3246294600F51870BDE87040FE
:10B9B000F9F742BE30B5AFB005460C4601A8F2F724
:10B9C00037FE17A8F8F774FCE96B01A801F50271BE
:10B9D000F2F738FEE96B17A801F51871F8F772FC59
:10B9E000214601A8F3F77CFA04F1100117A8F9F732
:10B9F00027FE01A8F2F720FE17A8F8F75DFC2FB08C
:10BA000030BD00BF2DE9F043866BBBB004468846CD
:10BA10009146002E3BD00DA81E4DF2F709FE23A83B
:10BA2000F8F746FCE16B0DA8242701F50271F2F747
:10BA300009FEE16B23A801F51871F8F743FC164BDA
:10BA400004A90DA8B9F1000F08BF1D46F3F748FA85
:10BA500008A923A8F9F7F4FDE46B0C232A4630214A
:10BA6000CDF80480029306F12C0004AB0097D4F8C3
:10BA70000C44A0470DA8F2F7DFFD23A8F8F71CFC43
:10BA8000394604A8F6F76AF83BB0BDE8F083466B88
:10BA9000C1E700BF3447002024470020C06B00F5F9
:10BAA0002F70FAF713BC00BF30B59DB005460C46A9
:10BAB00001A8F9F723FFE96B01A801F52F71F9F748
:10BAC00027FF214601A8FAF705FC01A8F9F71AFF9C
:10BAD0001DB030BD2DE9F043866BA9B00446884601
:10BAE00091465EB30DA8164DF9F708FFE16B0DA85E
:10BAF000202701F52F71F9F70BFF124B05A90DA8AF
:10BB0000B9F1000F08BF1D46FAF7E4FBE16B0C2307
:10BB10002A46CDF80480029306F12C0005AB00976D
:10BB2000D1F80C443021A0470DA8F9F7EBFE3946B7
:10BB300005A8F6F713F829B0BDE8F083466BD1E706
:10BB40003447002024470020C06B00F54A70FBF703
:10BB5000CFBF00BF30B5B7B005460C466846FAF710
:10BB600013FEE96B684601F54A71FAF717FE2146A4
:10BB70006846FBF7C1FF6846FAF70AFE37B030BDEA
:10BB80002DE9F043876BC7B00446884691465FB302
:10BB900010A8164EFAF7F8FDE16B10A8302501F554
:10BBA0004A71FAF7FBFD124B04A910A8B9F1000F76
:10BBB00008BF1E46FBF7A0FFE16B0C233246CDF811
:10BBC0000480029307F12C0004AB0095D1F80C44DB
:10BBD0002946A04710A8FAF7DBFD294604A8F5F787
:10BBE000BDFF47B0BDE8F083476BD1E73447002085
:10BBF0002447002000487047808FFFFF00487047AF
:10BC0000808FFFFF70B504460E4601200C211546BB
:10BC100007F02EF880B1002321680660456083603C
:10BC200009B906E019468B68002BFBD188601846DD
:10BC300070BD2060084670BD004870BD0081FFFFE8
:10BC400060B138B504462068E56806F0F1FF20468B
:10BC500006F0EEFF2C46002DF5D138BD704700BF31
:10BC6000C26B0346416CD2F8FC01814226D0F0B48D
:10BC7000D3F8B05002F5007682B05864C2F8FC11D7
:10BC80006C46376828686A46696876682F606E6017
:10BC9000DD6B03C403CAC5F80002C5F804125A6C70
:10BCA0006AB1596901290ADDD1681269D3F8BC006B
:10BCB0008A1A0244C3F8C02002B0F0BC7047D3F81F
:10BCC000BC20C3F8C020F7E72DE9F04FB7B0044619
:10BCD0009346994603A80191429E439DF2F7F2FADA
:10BCE0002046F2F7E3FA002800F089808246F2F756
:10BCF00049FB0446484606F0DBFF419B04EB000885
:10BD000007464344802B73D816AB4946024603EBE3
:10BD10000409484606F094FF16AB419A03EB08006D
:10BD2000409906F08DFF5146012203A8F2F7EAFA86
:10BD3000804610B137B0BDE8F08F419B5A4601995B
:10BD400003A81F44F2F756FB494603A83A46F2F708
:10BD5000C7FB16A903A8F2F7D7FB002D4CD0274448
:10BD60000DF118096FEA040A03A8F2F703FC3A463A
:10BD700016A903A8F2F7B4FB494603A8F2F7C4FBDF
:10BD800003A8F2F7F7FB224616A903A8F2F7A8FBCF
:10BD900016A903A8F2F7B8FB04EB080E754525D2E7
:10BDA000B5FBF4F104FB115171B108F1FF300AEB5E
:10BDB0000E030DF1170201443344701812F8011FED
:10BDC00003F8011F8342F9D17545F046CCD803A88A
:10BDD000F2F77EFA16A88021F5F7C0FE484640210A
:10BDE000F5F7BCFE002037B0BDE8F08F2146DBE759
:10BDF000044837B0BDE8F08F0DF11809E7E70248B5
:10BE000098E700BF008FFFFF0094FFFF70B584B07C
:10BE1000089E099D0A9C009313460A460146019616
:10BE2000062002950394FFF74FFF04B070BD00BFDA
:10BE300070B584B0089E099D0A9C009313460A467B
:10BE400001460196072002950394FFF73DFF04B0D9
:10BE500070BD00BF2DE9F04FADB090469A468B46BD
:10BE6000019004A8379D389CF2F72CFA404606F062
:10BE70001FFF369B00EB030909F11406802E00F228
:10BE8000D88007460246414611A806F0D9FE0CAB01
:10BE900007F114005146369A184406F0D1FE0320EB
:10BEA000F2F704FA0146002800F0CC80012204A831
:10BEB000F2F728FA074618B138462DB0BDE8F08FE2
:10BEC0000BF1010A019904A84FEA5A031A4602939A
:10BED000F2F790FA11A94A4604A8F2F701FB0DA95E
:10BEE00004A8F2F711FBACB3BA4604F00F0309F152
:10BEF000100807AF039304A8F2F73CFB42460DA9D4
:10BF000004A8F2F7EDFA394604A8F2F7FDFA04A8FE
:10BF1000F2F730FB10220DA90DEB0200F2F7E0FA68
:10BF20000DA904A8F2F7F0FA0AF1100E7445C0F05A
:10BF3000848010200AF1FF320DF11B0100232A44F6
:10BF4000013311F801CF984202F801CFF8D87445B7
:10BF5000F246D0D804A8F2F7BBF90420F2F7A6F90C
:10BF6000014600286ED0012204A8F2F7CBF907465B
:10BF70000028A1D1029A04A8019BC2EB0B010B443B
:10BF80001946F2F737FA11A94A4604A8F2F7A8FAB7
:10BF90000CA904A8F2F7B8FA002C5AD02E4BB946D7
:10BFA00007AFA3FB04384FEA181808EB8808A4EB86
:10BFB000880804A8F2F7DEFA32460CA904A8F2F7C2
:10BFC0008FFA394604A8F2F79FFA04A8F2F7D2FADA
:10BFD00014220CA904A8F2F783FA0CA904A8F2F71A
:10BFE00093FA09F1140C64452ED34FF0140E09F1A5
:10BFF000FF320DF11B0000212A4412F8019F01318C
:10C0000010F8013F8E4589EA03031370F5D86445A3
:10C01000E146CED804A8F2F75BF90CA88021F5F729
:10C020009DFD38461421F5F799FD00202DB0BDE89F
:10C03000F08F0A482DB0BDE8F08F039B1846002B07
:10C0400085D077E7064838E7B8F1000FDFD0C6465D
:10C05000CDE707AFDEE700BFCDCCCCCC008FFFFF34
:10C060000094FFFF022906D049420238C9B2C043FA
:10C070005170107070470238FF21C043517010702A
:10C08000704700BF4FF48472002106F0CDBD00BFA1
:10C0900090F8CC3061F3000380F8CC30704700BFDB
:10C0A00090F8CC3061F3410380F8CC30704700BF8A
:10C0B00090F8CC3061F3830380F8CC30704700BF38
:10C0C00041638263704700BF8161C261704700BFF6
:10C0D00001614261704700BF10B4019C81624462FB
:10C0E000C26103625DF8044B704700BFC0F8A8103E
:10C0F000704700BF83650165426542B1084610B4D0
:10C1000014460022234611465DF8044B1847704739
:10C110000165426583657047C1650266704700BF6F
:10C1200090F8CD3061F3C30380F8CD30704700BF85
:10C13000C0F8C010704700BFC0F8AC10C0F8B02005
:10C14000704700BF816202624362704701604160D4
:10C150008160C160704700BF032A03D1032B98BFE1
:10C1600040F82310704700BF41667047C166026700
:10C17000704700BF683045E5002B18BF00292DE946
:10C18000F047089E4BD0202A49D8340C47D1B6F549
:10C19000205F94BF4FF000084FF00108B8F1000F86
:10C1A0003DD10446D0F894001F468A46154658B142
:10C1B000D4F89810F5F7D2FCD4F8940006F038FDC6
:10C1C000C4F89480C4F89880D4F89C0030B106F08C
:10C1D0002FFD0023C4F89C30C4F8A030294601206C
:10C1E00006F046FD8146C4F8940050B33146012064
:10C1F00006F03EFD8046C4F89C0098B12A465146A0
:10C20000C4F898504846C4F8A06006F019FD3246BC
:10C210003946404606F014FD0020BDE8F0870A4884
:10C22000BDE8F0870546484606F002FD284606F0C0
:10C23000FFFC00230548C4F89430C4F89C30BDE8E6
:10C24000F087D4F89C50EEE7008FFFFF0081FFFFDE
:10C25000A1B32DE9F041C46B54B3202A94BF4FF031
:10C2600000084FF00108B8F1000F21D10646D4F8BC
:10C27000B8010F46154658B1D4F8BC11F5F76EFC5D
:10C28000F36BD3F8B80106F0D3FCF46BC4F8BC81AF
:10C290002946012006F0ECFCC4F8B80158B1C4F8F6
:10C2A000BC512A46394606F0CBFC0020BDE8F0819F
:10C2B0000348BDE8F0810348BDE8F08100487047BD
:10C2C000008FFFFF0081FFFFC1630264704700BF62
:10C2D000F8B500F17C06044617460A4630461021A0
:10C2E000E8F780FA48B1054688343046E7F768FC3D
:10C2F0002046E7F765FC2846F8BD88343A46102109
:10C300002046E8F76FFA05460028EED12846F8BD2A
:10C31000F8B500F17C0604461F463046E7F754FEA8
:10C3200048B1054688343046E7F74AFC2046E7F72F
:10C3300047FC2846F8BD88343946069A2046E7F778
:10C3400043FE05460028EED12846F8BDF8B500F1B9
:10C350007C0604460F4604313046E7F7B3FC48B18B
:10C36000054688343046E7F72BFC2046E7F728FCE3
:10C370002846F8BD883407F110012046E7F7A2FCF3
:10C3800005460028EED12846F8BD00BFC0F8C4100D
:10C39000704700BF8167704741677047F8B5054631
:10C3A00019B308460E4606F083FCFF2804462ED833
:10C3B000D5F8D87057B1384606F07AFC01463846B1
:10C3C000F5F7CCFBD5F8D80006F032FC611C012053
:10C3D00006F04EFC0746C5F8D800D0B131462246DB
:10C3E00006F02EFC00203855F8BDD0F8D84054B1E6
:10C3F000204606F05DFC01462046F5F7AFFBD5F878
:10C40000D80006F015FC0020C5F8D800F8BD024899
:10C41000F8BD0248F8BD00BF008FFFFF0081FFFF9D
:10C42000C06B00F5E470FFF7EDBB00BFC36BC3F852
:10C43000CC11C3F8D0217047C36BC3F8C411704747
:10C44000C1620263704700BF2DE9F0418046086871
:10C450000F4678B10D4600244FF6FF7606F028FC13
:10C46000431E0444FE2B0AD8B44208D855F8040FE2
:10C470000028F3D1C8F8A4700020BDE8F08101487D
:10C48000BDE8F081008FFFFFD0F8DC00704700BFEF
:10C4900080F8C81080F8C920704700BF80F8CA1023
:10C4A00080F8CB20704700BF90F8CE3061F30003D6
:10C4B00080F8CE30704700BF90F8CD3061F3410373
:10C4C00080F8CD30704700BF90F8CD3061F3820323
:10C4D00080F8CD30704700BF90F8CE3061F3410353
:10C4E00080F8CE30704700BF0429034610D84A1E9A
:10C4F000032A07D9B3F8CC20002061F38812A3F8EF
:10C50000CC207047034850F82220B2F5205FF1D9C3
:10C5100001487047B8050020008FFFFF90F8CD302C
:10C5200061F3861380F8CD30704700BF90F8CD30AE
:10C5300061F3041380F8CD30704700BF90F8CD3020
:10C5400061F3C71380F8CD30704700BF90F8CD304D
:10C5500061F3451380F8CD30704700BF90F8CC30C0
:10C5600061F3051380F8CC30704700BFC0F8B410F9
:10C57000704700BF0A684B68C0F8B820C0F8BC30EC
:10C58000704700BF0346D0F8A800012816D01A68EB
:10C5900092F8CC20920705D5D3F88010D3F88820E4
:10C5A00091420AD8D3F8A02012B1D96F8A4204D39D
:10C5B000586F003018BF012070470120704700BF3E
:10C5C000436F0BB1C06F704718467047436B0BB198
:10C5D000186E7047836B002BFAD14FF0FF30704715
:10C5E00020B1436B13B11868FBF752BD00207047B0
:10C5F000036893F8CC309B0708D54269022A0ED015
:10C60000084B0948032A08BF184670474369032BA3
:10C6100003D8064A52F8230070470548704705487A
:10C62000704700BF504700205C4700207005002085
:10C630001434002044470020436CCBB11A6DAAB1DA
:10C64000517802290ED011D3063902290ED89A68E2
:10C65000036893F8CC3013F0020F0CBF05230D23B1
:10C66000D018704752695B691A44F1E70548704772
:10C67000036893F8CC3013F0020F0CBF05200D2097
:10C68000704700BF0094FFFF0368B3F8CC30C3F3DA
:10C690008213013B032B10D80D4A52F82320036B61
:10C6A0004BB193F87030013B032B09D9B2F5205FF1
:10C6B00028BF4FF42052104670474FF42052EEE747
:10C6C000034951F823309A4228BF1A461046704752
:10C6D000B805002010B1406B00B1C06D704700BFBD
:10C6E000A0B1026892B110B592F8CC300446DA07D6
:10C6F00004D52046BDE81040FDF79EBBFBF776FD54
:10C70000236893F8CC30DB07F3D410BD00487047A2
:10C71000008FFFFF78B1036810B504461BB908E02D
:10C72000FFF7DEFF30B963682046102BF8D10020F8
:10C7300010BD024810BD0148704700BF008FFFFFC9
:10C74000D022002106F070BAF0B51F4690F8CC3028
:10C75000C5B0044661F300030D46164662F341037B
:10C7600080F8CC3000294BD1D9B2022390F8CD20EB
:10C770004FF47A7E63F3830190F8CE30A0F8B8507E
:10C7800042F09E0243F00203494884F8CC104EF672
:10C79000602184F8CD20102284F8CE304FF0FF3392
:10C7A00060644448C4F8ACE0A064C4F8B010C4F8B5
:10C7B000B420C4F8BA30A4F8BE30022F5CD00122F5
:10C7C0000323964284F8CA3084F8C83084F8C9300C
:10C7D00084F8CB2068D0FBF7B9FB374A374B626649
:10C7E0006367E060A06060602060EEF79FFA4FF43E
:10C7F00080620023A067C4F8C420184645B0F0BD8D
:10C8000090F8CD204FF47A7190F8CE304EF6602E2D
:10C81000C0F8AC1042F01E0243F00203244884F832
:10C82000CD20102184F8CE3000224FF0FF33606419
:10C83000012D2048C4F8B0E0A064C4F8B410A4F8F6
:10C84000B820C4F8BA30A4F8BE30B6D14FF4807224
:10C850001B4904A806F0F4F94FF0020E04A9009554
:10C8600003AB4FF4807220468DF80CE0FFF750FDCB
:10C870000028A2D00346C0E7002312480321124A31
:10C88000124E134DA067184684F8CA1084F8CB10D6
:10C8900084F8C81084F8C910E260A2606260226067
:10C8A0006666656745B0F0BD022384F8CB3092E739
:10C8B000F5BB0160FDBB016008F60260D464002096
:10C8C00048040020F8640020EC64002018F60260A0
:10C8D000FC64002038B505467C30E7F771F905F1B6
:10C8E0008800E7F76DF9D5F8940060B1D5F8981095
:10C8F000F5F734F9D5F8940006F09AF90023C5F855
:10C900009430C5F89830D5F89C0060B1D5F8A010E7
:10C91000F5F724F9D5F89C0006F08AF90023C5F84C
:10C920009C30C5F8A030A86E28B1846806F080F964
:10C930002046002CF9D12846D021BDE83840F5F733
:10C940000DB900BF7C22002106F06EB988B110B588
:10C950000446C06D20B105F005F8E06D06F068F9F9
:10C96000606E06F065F920467C21BDE81040F5F7C1
:10C97000F5B8704770B50C460646FFF7E7FF7C2216
:10C980002146304606F05CF9E36D83B14FF49A71AD
:10C99000012006F06DF9F065F8B104F0DDFFE36DFC
:10C9A000F06D5A68996805F049F8054670B9606EEF
:10C9B00058B1A56E0120294606F05AF9706660B19B
:10C9C0002A46616E06F03CF9002070BDF06D06F05D
:10C9D0002FF900232846F36570BD014870BD00BFE4
:10C9E0000081FFFF98B191B1836B83B1026892F827
:10C9F000CC20D2070BD410B504461846FFF7BAFF77
:10CA000020B9E36B0122C3F8782610BD10BD0148A0
:10CA1000704700BF008FFFFF0B4648B141B1416B2B
:10CA200031B1026892F8CC20D20701D41846A1E7B0
:10CA300000487047008FFFFF012905D0042901D16C
:10CA4000407870470020704700787047012906D071
:10CA5000042903D1437803B94270704770470378C3
:10CA6000002BFAD10270704701704170704700BF0F
:10CA7000B0B110B504465030EAF78CFF04F19000D5
:10CA8000EAF788FF04F13800F1F722FC04F14400D2
:10CA9000F1F71EFC2046D021BDE81040F5F75EB846
:10CAA000704700BF38B5C56B002D41D005F5027049
:10CAB000F1F7C2FD05F51870F7F7FEFB05F52F70CD
:10CAC000F8F720FF05F54A70F9F762FE281DECF72C
:10CAD00027FF05F18000EDF73DF8D5F8B40106F029
:10CAE000A7F8D5F8B80138B1D5F8BC11F5F736F884
:10CAF000D5F8B80106F09CF8D5F8C80128B18468CB
:10CB000006F096F82046002CF9D1D5F8DC0106F0A5
:10CB10008FF8D5F8E40106F08BF8D5F8F001FFF7AF
:10CB20008FF828464FF4D261BDE83840F5F716B8C3
:10CB300038BD00BF2DE9F0410446C06C08B1FFF7D5
:10CB400097FFA06B08B1FFF701FFE56B1DB1204611
:10CB5000FFF7A8FFE56BE36C002B00F08980A36B67
:10CB6000002B76D0002D7AD0E36C002B00F086806D
:10CB7000A06B002800F082807C22002106F054F88F
:10CB8000E56CD0220021284606F04EF805F1500051
:10CB9000EAF7FCFE05F19000EAF7F8FE05F138002F
:10CBA000F1F790FB05F14400F1F78CFBE56B4FF4D6
:10CBB000D262002105F5027805F51876284605F5BC
:10CBC0002F7706F031F84046F1F732FD3046F7F79F
:10CBD0006FFB4046F1F73CFD3046F7F779FB05F572
:10CBE0004A763846F8F78AFE00213846F8F796FE6E
:10CBF0003046F9F7C9FD01213046F9F7D5FD00238C
:10CC0000264A281D2B70C5F800246B70ECF71EFC1B
:10CC100005F18000ECF798FF03222368C5F8C421D2
:10CC200093F8CC20920711D5E26B616CC2F8FC112D
:10CC300093F8CC3013F0010318BF022382F8EC31D3
:10CC4000636D1BB10022206D114698470020BDE89E
:10CC5000F0817C21012006F00BF8A06382E74FF4FD
:10CC6000D261012006F004F8E06338B105467BE7A5
:10CC7000D021012005F0FCFFE06470E7284605F0B4
:10CC8000D7FFE06C05F0D4FFA06B05F0D1FF0023C7
:10CC90000348E363E364A363BDE8F08151B9016035
:10CCA0000081FFFFF8B504460F46012042F64D1102
:10CCB000276005F0DDFFE06500284FD0054642F60D
:10CCC0004D11012005F0D4FF0646C4F8AC00002841
:10CCD00040D097F8CC309B071ED400F1080E00F12D
:10CCE0000B0700F10D0205F10D0305F1080005F138
:10CCF0000B01C4F8B060606620462566C4F8B4E055
:10CD0000C4F8B870C4F8BC20C4F8C020A166E366BB
:10CD10002367BDE8F8400DE700F1030E00F10B07B3
:10CD200000F10D0205F10D03E81C05F10B01C4F83B
:10CD3000B460206620466566C4F8B0E0C4F8B870F8
:10CD4000C4F8BC20C4F8C020A166E3662367BDE830
:10CD5000F840EFE6284605F06BFFE6650048F8BDB1
:10CD60000081FFFFF8B50022436D04460D46426086
:10CD700013B11146006D9847E26D00230D32A36098
:10CD8000E360C4F8EC30C4F8F030C4F8F430C4F810
:10CD9000F830C4F8FC30C4F80031C4F80431C4F8E9
:10CDA000E8306367A367E36722670DB9C4F8805072
:10CDB000D4F8AC0000230026002700F10D0194F9FF
:10CDC000D020C4F88830A4F88430C4F8C010C4F867
:10CDD000A030C4F8A430C4F8A830C4F8C430C4F8F3
:10CDE000C830C4F8CC30C4E92467C4E926670AB166
:10CDF00084F8D030002342F64D1223641946636450
:10CE000005F012FFCDB1A06C30B1FFF731FEA06C80
:10CE100005F00EFF0023A364606B30B1FFF796FDB1
:10CE2000606B05F005FF002363630023C4F8DC306A
:10CE300055B12046BDE8F8407CE642F64D12294641
:10CE4000E06D05F0F1FEDEE7D4F8E00005F0F0FE5D
:10CE5000C4F8E050C4F8E4502046BDE8F84069E664
:10CE600000217FE710B50446FFF764FE80B9236810
:10CE700093F8CC309A0702D5A268032A09D0002281
:10CE8000012320466260A360BDE81040FFF742BC6A
:10CE900010BD13F0010F4FF00102E36B14BFC3F894
:10CEA000D421C3F8D821EAE7002850D038B5044689
:10CEB000D0F8AC0038B142F64D11F4F74FFED4F87B
:10CEC000AC0005F0B5FEE06D30B142F64D11F4F75F
:10CED00045FEE06D05F0ACFEA06C20B1FFF7C8FD8B
:10CEE000A06C05F0A5FEE36B8BB12046FFF7DAFDE1
:10CEF000E06CFFF7BDFDA06BFFF728FDE06B05F0D0
:10CF000097FEE06C05F094FEA06B05F091FE606B5F
:10CF100020B1FFF71BFD606B05F08AFED4F8D850F6
:10CF200055B1284605F0C4FE01462846F4F716FE22
:10CF3000D4F8D80005F07CFED4F8E00005F078FEC7
:10CF400020464FF48471BDE83840F4F707BE7047BF
:10CF500010B50446FFF7A6FDE06B05F069FE00235F
:10CF6000A06CE36320B1FFF783FDA06C05F060FEC9
:10CF7000E26C0023A264E36410BD00BF38B583688F
:10CF80000446C26B012BD2F878562CD0606B38B1B6
:10CF9000826FA36B9A67FFF7D9FC606B05F048FEC0
:10CFA00023680020A16B5A6A6163A06312B188688C
:10CFB00000B1EDB193F8CC309B070DD5E36BD3F8FE
:10CFC000F0314BB1636D1BB10022206D11469847C3
:10CFD00063680133636038BD2046FFF7B9FF6368BB
:10CFE0000133636038BD022200238260C360CDE755
:10CFF000986A90472368DDE710B50446C06B00F5DA
:10D000000270F1F725FBE06B00F51870F7F760F997
:10D01000E06B002100F52F70F8F780FCE06B012138
:10D0200000F54A70BDE81040F9F7BEBB2DE9F04F9E
:10D03000836BD9B0C66C054604933368C46B187A09
:10D04000EAF77EFC002800F0F08133688046587AC9
:10D05000F1F72CF98246002800F0E7816B69022B7A
:10D060002FDC934B934AC4F80C34934BC4F804243C
:10D07000C4F80834D4F8783653BBEB6BD3F88C265D
:10D08000012A00F0F080049B302204F2544904F29B
:10D09000144B2C33D4F810140292184606934023F4
:10D0A000864A0190484600935B46D4F80C74B84712
:10D0B00058B918AB05934FF409714846F4F74EFD83
:10D0C0000FE0032B00F07A817D4859B0BDE8F08F66
:10D0D000049B04F2144B04F254492C33069318AB0E
:10D0E00005935F460DF1200C3868103757F80C1C7B
:10D0F000E64657F8082C0CF1100C57F8043C4F4545
:10D10000AEE80F00F0D110AF0DF1200E0FCFCBF82D
:10D110000000CBF80410CBF80820CBF80C300FCF70
:10D12000CBF810004027CBF81410CBF81820CBF820
:10D130001C30BEE80F00C4F83404C4F83814C4F836
:10D140003C24C4F84034BEE80F00C4F8440408A8E6
:10D15000C4F848143946C4F84C24C4F85034F4F7E1
:10D16000FDFC4FF48072059B3021029201935B46D7
:10D1700000970698D4F80C44524AA0470028A4D13E
:10D1800039465846F4F7EAFC98F80120D8F80440EC
:10D1900002F0FD03E408082B746000F09780062A73
:10D1A00000F094800122514606F13800F1F7AAF808
:10D1B00000288AD10122514606F14400F1F7A2F875
:10D1C000002882D15046F1F7DDF8049B81465B6F61
:10D1D0007061012B00F03581024698F80130D8F8D3
:10D1E0000C10072BF16000F02281049B9B6F012B38
:10D1F000D8F8143000F03881B2FBF3F203FB0232AE
:10D20000B2606B69012B40F22D81023B012B3FF68E
:10D210005BAF03B2B268059C0A445B0005992044E9
:10D220003769746801EB030BB2602A6892F8CC206E
:10D23000D20700F11C8104EB030A059B07909A4476
:10D2400007B9F768059B3A460AEB040106F1180096
:10D25000049305F0F5FC39193A4606F128005144CB
:10D2600005F0EEFC68E018AAD3F80434284611460D
:10D27000059298476B69032B00F0AE802422049B33
:10D2800004F25449D4F810142C3300920E4A184674
:10D2900006933023019048460293059BD4F80C7402
:10D2A000B84700287FF411AF04F2144B03E700BF26
:10D2B00055BE0160B5B9016005BA01608447002020
:10D2C0000094FFFF944700206C47002000230C27A8
:10D2D0000A2A7361F76000F096800422082317463B
:10D2E000326131682A68097F11F0020F0CBF1021EA
:10D2F00008210B44B36092F8CC9019F0010900F0BA
:10D300008E80059A002392469946049204EB030B03
:10D31000059B9B44002F67D0059B3A460BEB04010D
:10D3200006F12800079305F08BFC39193A4606F1FF
:10D330001800594405F084FC6B69002B7FF7C4AEDC
:10D34000B9F1000F52D12B68DC6D3CB1186E4B4621
:10D35000019775680699059A0095A04706F1500453
:10D3600041462046EAF726FB00287FF4AEAE903611
:10D3700041463046EAF71EFB00287FF4A6AE594628
:10D380000123D8F804202046EAF740FB00287FF468
:10D390009CAE03465146D8F804203046EAF736FBE7
:10D3A00000287FF492AE98F80130022B4CD00598FB
:10D3B0004FF48071F4F7D2FB002086E633685B7A85
:10D3C000072B22D02B4B2C4AC4F80C342B4BC4F81F
:10D3D0000424C4F808344DE6EB6C1B685B7A072B19
:10D3E00014BF202230224AE7F76895E704994A469D
:10D3F00006F13800F0F7FEFF4A46079906F14400AF
:10D40000F0F7F8FF9FE737616BE71D4B1D4AC4F843
:10D410000C341D4BC4F80424C4F808342AE6059AD9
:10D4200002EB040A079293460CE718484DE603B254
:10D43000B26005995B0074680844376901EB030B1F
:10D44000F3E60A227261C8E620460421EAF702FBED
:10D4500000287FF43AAE30460421EAF7FBFA0028B0
:10D46000A5D032E603B2E4E71344B360C9E6049002
:10D47000DA464BE70DBE0160A9BA0160D5BA01607A
:10D4800031BE016055BB016081BB0160008FFFFFB1
:10D490004368102B10B5044607D0C36B8BB1D3F88B
:10D4A0000034D0F8A020016F9847236893F8CC305F
:10D4B0009B0706D5E36B23B1D3F8D8210132C3F81B
:10D4C000D82110BD70B5C569002D47D00446D0F8ED
:10D4D000CC0050B936E0D4F8CC108142A1EB00006A
:10D4E00032D3C4F8CC00A8B1E56923680246D4F869
:10D4F000C81093F8CC30091AD4F8B46013F0020FB6
:10D50000A06A0CBF05230D2319443144A847002805
:10D51000E1DC70BD082107E0D4F8B050AB5C01330A
:10D52000DBB2AB5493B9D1B223684A1E93F8CC3026
:10D5300003F00203994203F0FF05EDD805B1022084
:10D54000814209D0002070BD054870BD236893F862
:10D55000CC309B07F6D5F2E7024870BD024870BD9B
:10D560000094FFFF8094FFFF008FFFFF03682DE909
:10D57000F04F93F8CC309DB00446D0F8C8609A07BD
:10D5800043D5C76B002F00F0FA8197F8EC31D0F843
:10D59000C450012B2ED0162D2CD1D4F8C0301D78BC
:10D5A0001DB1E26B002A00F09E80321F100C110AA0
:10D5B0005870D4F8C0309970D4F8C030DA7023684D
:10D5C00093F8CC309B0700F19F81002D00F0A582DD
:10D5D000E36B3246D4F8C0102046D3F800349847A5
:10D5E000236893F8CC309F0740F19782E76BD4F81B
:10D5F000C45047B197F8EC31012B04D025F0020359
:10D60000142B00F0D281EBB204E0D0F8C430162B1A
:10D61000C3D0DBB2D4F8B42013702368206993F828
:10D62000CC3061699D07D4F8B42000F1AE81507010
:10D630009170D4F8B830320A1A70D4F8B8305E70ED
:10D64000656C002D00F0AC80216B00294BD02A6D59
:10D65000D4F8C830002A00F0A281B3F5205F92F818
:10D6600001801E4600F29F81B8F1070F00F0AB80E9
:10D67000B8F1020F00F08D8108F0FD03082B40F097
:10D680007981002310AF0A932A68BE46D4F8B030DF
:10D69000127F1868596812F0020FEB68226808BF01
:10D6A0004FF01008099318BF4FF0080894F8C430E1
:10D6B000D5F81090AEE803008DF8483092F8CC20F1
:10D6C00020699307616900F1BD81DDF824E08DF8E0
:10D6D00049008DF84A10320ABEF10C0F8DF84C60EB
:10D6E0008DF84B2003D0C9481DB0BDE8F08FD5F8A8
:10D6F00010A0BAF1040F00F0B681BAF10C0FF2D10C
:10D700002A46D4F8B0100DAB0DF1370E52F8180FB1
:10D7100001F1FF3C0B930DF13F0B5168926807C379
:10D72000099B1EF8011F1CF8012FF34582EA010234
:10D730008EF80020F5D10993099B0DF1300CD4F837
:10D74000C0E005F15000C9EB0303CDF818800EEBE3
:10D75000060B02969A193B460D270B99C4F8C82070
:10D760005246CDF80CE0CDF804E0CDF814B0CDF879
:10D7700010C00097EAF7F6FB0028B5D10C9BB34226
:10D78000B1D1D4F8C8300A9A4344C4F8C830002A4A
:10D79000A9D1D4F8B820190A1170D4F8B820537060
:10D7A00023682046D4F8C82093F8CC3013F0020F39
:10D7B0000CBF05230D231344C4F8CC30FFF782FEC1
:10D7C0001DB0BDE8F08F6369002B8CDD05F13800DA
:10D7D0000822D4F8B01010AFF0F782FE606C03227C
:10D7E000D4F8B4103830F0F77BFE606C0222D4F825
:10D7F000B8103830F0F774FE606CD4F8C820D4F854
:10D80000C0103830F0F76CFE606C39463830F0F7F5
:10D810007BFE606C3830F0F7ADFED4F8C820636C46
:10D820003946D4F8C00010445A6905F009FA656C0D
:10D83000D4F8C86008F0FD026B69082A3344C4F8C4
:10D84000C8301E4600F06681B8F1060F00F0628114
:10D85000B8F1020F7FF447AF01260022581C0D9249
:10D86000ED68B0FBF5F105FB1100281A854200F0C8
:10D87000C780C5B201E0D4F8C830D4F8C0100B445A
:10D880009D5401329042F6D2D4F8C85063690135F4
:10D89000012B0544C4F8C85040F3D0802268636C63
:10D8A0009569D06903F11801DA68A84700287FF468
:10D8B0001BAF616CD4F8BC00CA68183105F0C0F920
:10D8C000606CD4F8C850C268D4F8C0302A44C4F898
:10D8D000C8200DA9C2680193029100F118010095BA
:10D8E0005030EAF713FB00287FF4FEAE0D9B9D42FB
:10D8F0007FF4F9AE6369012B40F3AD80002E00F098
:10D90000CA80D4F8C83044E7D4F8C830C3F52053EF
:10D91000072B48D9D4F8C0000836011D0C3005F09B
:10D92000A3F9D4F8C8300833C4F8C830002D71D03A
:10D93000E36B0022D4F8C010D3F8D4311B0A0B716A
:10D94000E16BD4F8C030D1F8D4115971E06BD4F840
:10D95000C010D0F8D4310133C0F8D431CA800A7273
:10D96000D4F8C0301A4632F8011F9278A3F8091093
:10D97000DA722DE6B8F1060F3FF483AEB3E6D0F8C5
:10D98000C450162D3FF409AE3DE60132FEF76AFBA6
:10D990004FE68A6F002A3FF416AF00265DE7B3F525
:10D9A000205F7FF6A0AE1A489EE61021012005F008
:10D9B0005FF98046002800F0AB80D4F8C8900120C1
:10D9C000494605F055F9C8F80000002800F09D8090
:10D9D0004A46D4F8C01005F033F90022EBB2C8F87B
:10D9E0000490C8F80C2088F80830D7F8F01109B96D
:10D9F0004EE01146CA68002AFBD1C1F80C8009E646
:10DA0000D4F8C0101046CA543EE700BF0094FFFF90
:10DA1000008FFFFFD4F8C0301D71D4F8C0305D71A5
:10DA2000D4F8C030DD801D72D4F8C0301A4632F808
:10DA3000011F9278A3F80910DA72D1E5D4F8C0304A
:10DA4000606C46E70DF14902FEF70CFBD5F80CE0DF
:10DA5000D4F8C8603FE6606CC26800F17801183005
:10DA600005F0EEF84AE7D4F8B0200EAEA8690DAB89
:10DA70000D90106851680B9303C6D4F8BC10106861
:10DA8000526808604A60D4F8C860D5F80CA053E624
:10DA9000C7F8F081BEE5D4F8B01010ABD4F8B4608C
:10DAA0000D220868D4F8C8504968676C03C32B0A74
:10DAB000B6F800E0B67810A907F13800ADF848E0F4
:10DAC0008DF84B308DF84A608DF84C50F0F708FD1A
:10DAD000606CD4F8C820D4F8BC103830F0F700FDE2
:10DAE000D4F8C830D4F8BC10606C19443830F0F762
:10DAF0000BFD606C3830F0F73DFD626CD4F8C83037
:10DB000052691344C4F8C83043E6404605F090F823
:10DB10000348E9E501230A93B6E594F8C43079E5B2
:10DB20000081FFFF02680146D2F8B430002B10B428
:10DB30000EDB04201624D1F8C0300022C1F8C80042
:10DB40000846C1F8C4401A705DF8044BFFF70EBDDB
:10DB5000D2F8B030D2F8AC20B3FBF2F201324FF081
:10DB6000010303D001335208DBB2FBD1CA68013292
:10DB70009A42CA60DDDD00205DF8044B704700BFAB
:10DB8000A0B170B4046874B1D0F8C0401526022565
:10DB9000C0F8C460C0F8C8502170D0F8C0305A70C6
:10DBA00070BCFFF7E3BC024870BC70470048704788
:10DBB000008FFFFF28220221FFF7E2BF20B3026897
:10DBC00012B392F8CC20D20714D54268102A1BD188
:10DBD0000321D0F8CC208160A2B9D0F8C01030B4B5
:10DBE00004251624C0F8C850C0F8C4400A7030BCE0
:10DBF000FFF7BCBC8268012A08D04368102B03D110
:10DC0000FFF730B9FFF75EBC01487047FEF782BDF1
:10DC1000008FFFFF90E80A00102B91F8CC2001D074
:10DC2000002070478368032BFAD091F8CD309B0613
:10DC3000F6D5B8312DE9F04102F002060446006E37
:10DC4000C6F108078D1930443A46294605F02CF8EC
:10DC50008046D4F8B00029463A46304405F024F80E
:10DC6000B8F1000F04DC002802DC0020BDE8F081E0
:10DC70002046BDE8F041FFF7A1BF00BF70B51446D4
:10DC80000E460546FEF700FDA04205D22B6893F82C
:10DC9000CC309B071BD40446D5F8CC3083B917236E
:10DCA000C5F8C84031462246C5F8C430D5F8C00092
:10DCB00004F0C6FF2846FFF759FC38B9204670BD6E
:10DCC0002846FFF7FFFB0028F8D070BD70BD014863
:10DCD000FBE700BF008FFFFF002846D0036870B548
:10DCE0000446E3B116460D46FFF794FFC0B96368DA
:10DCF000102B04D02046FEF70DFD002834D12368F8
:10DD000093F8CD30DB0604D5012E02D96369012BCF
:10DD100007DD324629462046BDE87040AEE714488C
:10DD200070BD636C13F1500FF3D01B6D002BF0D05E
:10DD30005B78022BEDD194F9D0304BB90122294602
:10DD40002046FFF79BFF0028EADD012384F8D0304E
:10DD5000721E691C2046FFF791FF0028E0DD0023BA
:10DD6000013084F8D03070BD70BD0148704700BFED
:10DD7000008FFFFF70B1026862B1D0F8CC2022B9E9
:10DD80004368102B03D010467047FFF79BBB01215F
:10DD9000FFF7F6BE00487047008FFFFFF8B5C36C71
:10DDA0001B689A7A0B2A3BD90268064692F8CC3057
:10DDB000DB0740D5C36B002B6ED0D3F8C051002DCC
:10DDC0006AD02B68002B69D02D68002D40D06C687C
:10DDD00042F2F6739C4220D80723D6F8C020210CCB
:10DDE000200ADF1CD1542246D6F8C01019444870CE
:10DDF000D6F8C0100B449C70D6F8C000A96838440F
:10DE000004F01EFF42F2FD723B19D5F83051D21AD0
:10DE1000002D3AD06C689442DFD9244A1046F8BDF0
:10DE20004FF41663D340DA07BED5436800220133AE
:10DE300043601046F8BDD0F8D430002BF5D0C36B4A
:10DE40001BB1D3F8C051002DBED1956E002DBBD1B2
:10DE500007232F462846D6F8C02016240B21107120
:10DE60003046D6F8C0205771D6F8C0209571D6F844
:10DE7000C020C6F8C830C6F8C440117073680133BA
:10DE80007360BDE8F840FFF771BBDD1FC5F30740C5
:10DE9000C5F30727EDB2DEE7956E0DB9044AC8E772
:10DEA00029680029FAD0002BCBD18DE7008BFFFF2A
:10DEB000808AFFFF10B401221424D0F8C010C0F8EB
:10DEC000C440C0F8C8200A7042685DF8044B0132B3
:10DED0004260FFF74BBB00BF4369022B08DD4B7A62
:10DEE000072BC36B0CBF054A054AC3F800247047D3
:10DEF000C36B044AC3F80024704700BF49BB0160EC
:10DF00009DBA016091B901602DE9F047C56B84B0FD
:10DF100007688046D5F8B89105F2544305F5CF66F9
:10DF2000D7F89420D7F89840B9F1000F7BD0D5F8F6
:10DF3000BC4105293AD007294ED0062958D00829D6
:10DF400073D1FB6905F2564A03A905F180000193DC
:10DF50005246BF69CAEB06030097EBF7DDFE10BB24
:10DF6000039B190A0AEB030285F8553485F854140B
:10DF7000B31A012B53DD1346210A03F8021B9E42FC
:10DF800054704CD3F61AB44249D822461846494632
:10DF900004F056FED8F83C200444002002F254431A
:10DFA000E41AC2F8104404B0BDE8F087F31A012B5C
:10DFB00035DD05F25647230A85F85544BE4285F8FB
:10DFC00054342CD3F31B9C4229D8224600213846D6
:10DFD00004F02AFE3A19CBE7F31A012B1FDD0021CA
:10DFE000302305F2864285F8541485F85534BFE78E
:10DFF000FA6905F2564A03AB281D01925146BF69E2
:10E00000CAEB06020097EBF78DFB0028CBD1039AF1
:10E01000130A85F85524524485F85434A8E7044877
:10E0200004B0BDE8F087914683E70248BBE700BF34
:10E03000008FFFFF0094FFFF10B501210446F1F7A8
:10E0400039FF08B1012010BD20460421F1F732FF4D
:10E05000002814BF0320002010BD00BF022807D0F5
:10E06000042805D0A0F10100B0FA80F04009704703
:10E0700003207047012803D003280CBF0420002090
:10E08000704700BF0138C0B2052802D8024B185CA7
:10E0900070470020704700BF98050020033805280E
:10E0A00002D8024B185C704700207047A005002082
:10E0B0004369032B05D104290BD0052903D002297C
:10E0C0000DD00A487047C36B0020094AC3F80424E6
:10E0D0007047C36B0020074AC3F804247047C36B22
:10E0E0000020054AC3F80424704700BF009AFFFFD0
:10E0F00055BB0160A9BA0160B5B9016003689A6FA8
:10E1000052B1137843B1994202D108E08B4206D054
:10E1100012F8013F002BF9D14FF0FF30704700207B
:10E12000704700BF03685A6F52B1136843B19942F8
:10E1300002D108E08B4206D052F8043F002BF9D1FF
:10E140004FF0FF3070470020704700BF012A70B5C4
:10E150001D46064611D0802103F090F9C0B12B680E
:10E160004FF0FF341B4943F400632B603046082214
:10E1700003F08EF9F8B9204670BD897A0A290AD9C8
:10E180000021304603F07AF9E0B904461249EDE780
:10E1900004461049EAE78A4012F0820F07D112F4D0
:10E1A000C06F06D112F01C0118BF8021E9E72021C1
:10E1B000E7E70821E5E72B684FF0FF3443F480538D
:10E1C0002B60D8E72B684FF0FF34034943F400631A
:10E1D0002B60CBE7F4270020E4220020012A04D0A2
:10E1E0001870597030B430BC70471A46FDF73ABF0A
:10E1F000012A04D01A7802605B780B60704710B473
:10E2000040F201121C78121B02605A78C2F580732A
:10E21000012B03D00B605DF8044B704740F20113F3
:10E220009B1AF7E7026838B5D2F8AC200446C36BF6
:10E23000456DC3F8E8211DB19108006DA847E36B57
:10E24000A26F162A03D0022283F8EC2138BD226F78
:10E250001278142AF7D1032283F8EC2138BD00BFCD
:10E260004369012B70B5044640F38D80C26CD0F831
:10E27000BC001169D3685B1AC118C4F8C0102268C9
:10E280000431E36B204692F8CC20D3F8083402F036
:10E29000010298476369D4F8C05004F1F000002BE4
:10E2A00005F1040115BF0C22242210262826C4F8EB
:10E2B000EC2004F0C5FC16221423C4F8C860C4F88E
:10E2C000C4202B70E26BD2F878362BB3216891F81A
:10E2D000CC30DD0705D40F23636091F8CC30D8072C
:10E2E00020D50A23636091F8CC3003F0020303F0D9
:10E2F000FF01EBB9D4F8B03019605960E16CA26B42
:10E3000023686164226393F8CC309B0733D42046A2
:10E31000BDE87040FFF72AB994E80A000133636052
:10E3200091F8CC3003F0020303F0FF01002BE1D0A1
:10E33000D4F8B0100023606CC2F8FC01086849688A
:10E34000C2F80002C2F80412D4F8B020C2F80230B9
:10E35000D380D4F8B02053780133DBB25370002B54
:10E36000CCD1D4F8B02013780133DBB21370002B7A
:10E37000C4D1074870BD2046FFF754FF2046BDE8D2
:10E380007040FFF7F3B8D0F8BC10C0F8C01076E7C3
:10E390008094FFFF38B5C36B0446D3F8F001FDF756
:10E3A0004FFCE36B0022D3F8D811C3F8F021C3F877
:10E3B000F421656DC3F8F8111DB11146206DA84711
:10E3C000E36BA26F162A03D0002283F8EC2138BD3C
:10E3D000226F1278142AF7D1032283F8EC2138BD7A
:10E3E00038B5C36B054693F8EC21012A1FD0D3F84A
:10E3F000F021C3F8F421FDF733FCEB6B012283F825
:10E40000EC21EB6B13E06268D5F8C00004F018FC57
:10E410006368E2682846C5F8C830EB6B217AC5F816
:10E42000C410C3F8F421FFF7A1F880B9EB6BD3F85F
:10E43000F4416CB1237A2168162BE4D10B78142BAC
:10E44000E1D12846FDF70CFC2168DCE7184638BD11
:10E450006A68102A0DD0022283F8EC216B6D002B24
:10E46000F4D0EA6B286DD2F8E8219108984720464D
:10E4700038BD0322204683F8EC2138BD01682DE920
:10E48000F04791F8CC30C76F9C0703D50B2F3AD9D2
:10E490000C2402E0032F36D90424056FAA786B7888
:10E4A0001202EE7842EA034333431E19C0F8A0601B
:10E4B00091F8CC3099071FD52A7904466B79D0F8AA
:10E4C0003C8043EA0223B8F1000F00F0F480426878
:10E4D000102A1ED0D8F8D82193421DD0D8F8F821A0
:10E4E000013A934212D12B78032B0FD02046FFF72D
:10E4F00077FF58B1BDE8F0879F4BB74234BF18464D
:10E500000020BDE8F0879D48BDE8F0879C48BDE845
:10E51000F0872A78012AE1D1B74280F01B81A6F169
:10E520000C07D8F8E491B9F1000F00F0E88004225C
:10E530002946484604F0B8FB0028E4D1EA7909F1FD
:10E540000C00AB7A95F806A012026E7A1B0242EA22
:10E550000A4295F808A043EA0643EE7A42EA0A0A1C
:10E5600000EB07091E430AEB0603BB42CBD806F1BA
:10E570000C08E36F9845C6D8324605F10C015044AB
:10E5800004F05EFB0AF00702C2F10803002A76D00D
:10E590009E424FEADA0064D866B19E1B19F800204B
:10E5A000012505FA06F101360A439E42D2B2F8D19E
:10E5B00009F80020F8080ED099F80030FF2BA5D1FB
:10E5C00009F1010309EB000103E013F8012BFF2A15
:10E5D0009CD18B42F9D117F007070FD019F8001022
:10E5E000CB0993D0C7F10707062301E0D2078DD5E9
:10E5F000BB4241FA03F203F1FF33F7D1E36F9845D1
:10E600007AD3D4F88020D4F888108A4216D9266F9D
:10E61000521AD4F8A00042F64D15636E3044E66DF0
:10E620001944C71A9B1BED1AD319C4F88870AB4262
:10E63000C4F8803000F2978004F016FBE36BD4F846
:10E64000A020D3F8E411206F04F0FAFAE36BD3F8BA
:10E65000E40104F0EDFAE36B0020C3F8E401BDE847
:10E66000F0879A44F61A19F800200125013B05FAB3
:10E6700003F10A43D2B2002BF8D109F8002016F0BA
:10E68000070311D006EB0A05C3F10802F61A0120B0
:10E69000ED0819F8053000FA02F101320B43082A9F
:10E6A000DBB2F8D109F80530F208FF2109EBDA00F6
:10E6B00004F0BAFA7EE7B7421ED303223149A81DFF
:10E6C00004F0F2FAC0B90322691C05F1090004F054
:10E6D000EBFA58B9B8F1000F3FF40CAFD8F8E49159
:10E6E000B9F1000F42D0A6F10C0720E7A6F10C0704
:10E6F000B8F1000F7FF415AF1F48BDE8F087B6F5FD
:10E70000205FF9D817F007034FF0010006EBD7019F
:10E7100018BF0346194404F0ABFA0346C8F8E401F5
:10E7200030B328681860AA889A80D8F8E431A3F832
:10E73000069083F80890E36BD3F8E4311A4632F878
:10E74000011F9278A3F80910DA72E36B256FD3F8F2
:10E75000E491F3E603220B49A81D04F0A5FA002872
:10E760007FF4DDAEAFE70848BDE8F087BDE8F0878D
:10E770000648BDE8F08700BF808FFFFF008EFFFFD7
:10E78000809AFFFF480500200096FFFF0081FFFFF1
:10E79000836F162B10B5044622D0152B0ED023689C
:10E7A00093F8CC3003F0020303F0FF002BB1E06BD1
:10E7B00018B16368102B19D0002010BDE36F022B35
:10E7C00019D1226F1378022B17D0012B01D00D48DD
:10E7D00010BD53789BB1642B0A4808BF002010BDC0
:10E7E000FFF74CFE0028E8D1A36FD6E72046FEF7DE
:10E7F000AFFB002010BD044810BD044810BD044804
:10E8000010BD00BF8099FFFF008EFFFF8088FFFFD3
:10E810008087FFFF036A2DE9F041002B00F0BC80E8
:10E82000456E42F64D13C26DAA1A9B1A8B42C0F078
:10E83000B78003680F46044693F8CC309A072FD46C
:10E84000D0F88060B14230461FD880E0D4F88060B4
:10E85000D4F82480B8F1000F00F08B8023682A469A
:10E86000616ED3F8A8303144A06AC047002800F098
:10E8700089807CDB8542C0F09680D4F8806030448B
:10E880008742C4F88000064661D9A36D3D1A002B6B
:10E89000DED0206D98470228D8D14948BDE8F081E4
:10E8A000436D002B7CD0836D002B79D0D0F888107D
:10E8B000D0F8802049B1914275D8521AC0F8802012
:10E8C000002A62D10023C4F8883097423FD9002A39
:10E8D00069D1A36D13B3206D984702281ED1636DD3
:10E8E0001BB10022206D114698476368102B31D070
:10E8F000E36B2168D3F8E821D1F8B0108A42CCD27A
:10E90000500081425AD3824258D8C3F8E8012046C9
:10E91000FFF766FD58BB2B48BDE8F0816368102BFC
:10E9200044D0E36BD3F8E831616E42F64D12E06DEE
:10E93000656A081A121A002D3CD0A06AA84708B3CD
:10E9400010F5D04FCBD0002811DBC4F88000002098
:10E95000BDE8F081236893F8CC30DB079DD5A36830
:10E96000032B9AD12046FFF7DDF80028D3D0BDE86D
:10E97000F081616E2A46236A3144A06A98470028D4
:10E980007FF477AF1048BDE8F0812944284604F0B1
:10E990006BF9D4F8802095E7436A002B7FF440AFF1
:10E9A0000A48BDE8F0810A48BDE8F0812368D3F841
:10E9B000A830B9E7236AA06A9847C0E70846A4E7E9
:10E9C0000098FFFF0097FFFF808DFFFF008FFFFF84
:10E9D0000094FFFF036893F8CD3003F00803002B89
:10E9E0005FD0016E00222DE9F00F8C7884B00025F5
:10E9F00016462302CC7991F804A01643CF784FEA4B
:10EA00000A684FEA1A2991F805A01F43CDE902458B
:10EA1000DDE9024534433D4344EA080445EA09057B
:10EA2000A0464FEA1A44A94601944FEA0A4491F8D5
:10EA300006A000944FEA1A674FEA0A26DDE900456E
:10EA4000D0E924AB45EA090544EA080445EA070988
:10EA500044EA0608CB4508BFC2451DD3BAEB0806F9
:10EA60006BEB0907002F08BF402E1ED2D0F89C4048
:10EA7000C6F12001D0F89830A6F1200204FA01F185
:10EA800023FA06F024FA02F20843104340F3000090
:10EA900004B0BDE8F00F7047104604B0BDE8F00FB9
:10EAA000704703F0FF02104670474FF0FF30EFE76A
:10EAB000036893F8CD301B0761D5016E00232DE963
:10EAC000F00F8A7884B0CF7800241502CA7991F8C3
:10EAD00004A026462F434FEA1A2926434FEA0A6824
:10EAE00091F805A0CDE90223DDE902233B4332433F
:10EAF00043EA090342EA080299464FEA1A4390465C
:10EB000001934FEA0A4391F806A000934FEA1A676F
:10EB10004FEA0A26DDE90023D0E924AB43EA0903E2
:10EB200042EA080243EA070942EA0608CB4508BF61
:10EB3000C24525D2B8EB0A0A69EB0B0BBBF1000FFB
:10EB400008BFBAF1400F3BD2D0F89830AAF12006A6
:10EB5000D0F89C20CAF1200103FA06F603FA0AF461
:10EB600002FA0AF523FA01F144F0010435430D439A
:10EB7000C0E92645C0E9248904B0BDE8F00F70471C
:10EB8000BAEB080A6BEB090BBBF1000F08BFBAF137
:10EB9000400FF1D20121AAF12005CAF1200401FAA7
:10EBA00005F301FA0AF221FA04F42343D0E92645D9
:10EBB00022432B43C0E9262304B0BDE8F00FDEE773
:10EBC00001220023C0E92623D4E700BFD0F8A0101B
:10EBD0002DE9F04F04469DB0C9B1456F002D40D1DD
:10EBE000C26F91423FD3C567C0F8A050236820464A
:10EBF00093F8CC3013F0020F0CBF05210D21FFF765
:10EC000009FE58B1054628461DB0BDE8F08F436F98
:10EC10002BB3002528461DB0BDE8F08F636EA26EB1
:10EC20001E782068A6671578527842EA0525E567C0
:10EC300090F8CCE01EF0020F40F0CF8159789F7819
:10EC4000A6F11402032A1AD91EF0020F00F0A981BE
:10EC50000023724DC4F88830C4F88030DAE7C36707
:10EC6000C4E76F4DD6E7521A006FE267014403F024
:10EC7000FBFFE36FC4F8A050002BCAD1B6E72369AD
:10EC80008B4240F0D58190F8C930BB42C0F2D081B0
:10EC9000E76D42F64D12216FC91B521A954200F2E0
:10ECA000C7810EF0020202F0FF03002A40F0BC8090
:10ECB000226C002A00F0428292689542C0F04382A2
:10ECC0006169002904DD02F52452954200F23B827D
:10ECD000002B20460CBF05210D212944FFF79AFD8A
:10ECE00000288FD1226892F8CC3003F0020303F0A1
:10ECF000FF01002B00F06E81E36F0D33C4F8883004
:10ED0000256C002D00F05D81E06A002800F025826E
:10ED1000D5F89030002B00F01B82E76FAE68597871
:10ED2000B742C0F0798101F0FD03082B00F0638148
:10ED3000A1F10603B3FA83F35B09002B40F05B817A
:10ED4000022940F00A8261690B93012940F30E8287
:10ED5000EB68194619448F42C0F05E8169694E1C08
:10ED600033449F42C0F05881836FD4F87080012BE8
:10ED700000F07C8338464FF00009EA68B0FBF2F6F9
:10ED800002FB1606002E40F017826369012B11DD8D
:10ED9000801ABF1AE0676AB130463146E36E0D440F
:10EDA00001311B5CC9B285F82830256C0846EA6839
:10EDB0009142F3D30BA9434605F19000029105F16E
:10EDC00028018DE88001E9F7A1F8002840F0B3811F
:10EDD0000B9B9F4200F006822268114D92F8CC30C6
:10EDE0009E0740F11B8125F0800313F5E44F7FF46B
:10EDF00011AF63680B2B00F011810D2B00F00E8119
:10EE0000D2F8C020002A3FF423AFA36901339A420D
:10EE1000A3613FF61DAF034DFCE600BF809AFFFFE4
:10EE20000094FFFF808EFFFF216EB4F884C091F83C
:10EE300000804A7842EA0822624500F099811EF07B
:10EE4000010F00F014816368102B08BF162E40F0EC
:10EE50000E81002A40F00B81D4F880300D2B40F257
:10EE600006817A7B012A40F00281D0F84480856CCB
:10EE7000B8F1000F00F0F882002D00F0F5823C2B75
:10EE800040F26D813A78162A40F06981FA78002ABA
:10EE900040F065813A79002A40F06181FA7C002ACD
:10EEA00040F05D813A7D002A40F059817A7D002A48
:10EEB00040F0558197F83B10A3F13D02914200F2DA
:10EEC0004E817A183C3B92F83C209A4200F24781EE
:10EED000D0F84CA03D31D4F8E0B0D4F8E4903944F7
:10EEE00050465B46CDF80090D4F8AC60A8470028A7
:10EEF00000F0A68039685B467A685046FD684FF09E
:10EF0000030AD7F808B04FF0FE0CF5604FF0FF0E83
:10EF1000316006F11C057260C6F808B039697A697B
:10EF200031611CA9726106F520523F7E86F80DA062
:10EF3000377686F819C086F81AE0CDF8009041F8C7
:10EF4000305DC047002840F03481109A9F4D921BDD
:10EF5000D1B2A2F11903A2F10D07A1F11C0EA1F18A
:10EF600019000D393F0AC0B286F81BE03173C3F3B4
:10EF70000741C3F3072330763074B175B173F3756D
:10EF8000F373F772E369D4F8AC10A06A984723686A
:10EF900093F8CC3003F00203DBB2002B3FF43AAE1F
:10EFA00056E60A2202212046894DFEF7E9FD236834
:10EFB00093F8CC3003F00203DBB2002B3FF42AAE0F
:10EFC00046E692F8CC309B077FF523AE2046FFF74C
:10EFD0006FFD1EE6C4F8801092E69A7840F20111A7
:10EFE0005B78C2F58077C91A012F7FF429AE40F211
:10EFF0000117BF1A24E62968EB68087F296910F019
:10F00000020FA3EB01030CBF4FF010084FF00808EC
:10F0100003EB08018F4230D26E4DDFE615F5E34F6A
:10F020007FF4F8AD204614220221FEF7A9FDF1E598
:10F030000EF00203664DDBB2002B3FF4EBAD07E6AA
:10F0400001212046FDF78EFE002800F06382236830
:10F0500093F8CC309F077FF5D5AD10F5CF4F05461F
:10F060003FF4D8AD15F5CE4F7FF4F2ADE56F05F165
:10F070000D03594DC4F88830CCE5FE1A216E0DF110
:10F080004009A76FC8EB06064B46E6670868496863
:10F0900003C38DF8487092F8CC30276F9B07206926
:10F0A000616900F18C8033468DF849008DF84A1073
:10F0B0001A0A8DF84C308DF84B20EB680C2B7FF43E
:10F0C0008BAE2B69042B00F028820C2B7FF484AECE
:10F0D00055F8280F0DF1300C236E6968E246AA68D6
:10F0E00003F1FF3E0DF13B050DF13303AAE80700E4
:10F0F00013F8011F1EF8012F9D4282EA01021A70C7
:10F10000F6D1206C0BAA07EB060E0D2504924B4698
:10F11000CDF8188061460397903002960C22019733
:10F12000CDF814E00095E8F75DFF002800F0EA81D3
:10F1300010F5C64F40D0054622684FE66A1EB2F56C
:10F14000205FFFF4C5AD224D002B3FF463AD7FE59A
:10F15000AB68E76F9F42FFF45FAF204D3EE6204D66
:10F1600090F8CC3098077FF555AD7BE7E968F1E57D
:10F1700020460993FFF72EFC00287FF478AF142E69
:10F18000099B0ED0172E7FF493AD6268102A3FF4CE
:10F190008FADA16801297FF46AAF022A3FF488ADE0
:10F1A00065E762680C2A3FF483AD0A2A3FF480AD1C
:10F1B0005DE70A4D2068D3E72268064D0EE60DF1A3
:10F1C0004902FCF74FFFE36F72E700BF8095FFFF36
:10F1D000008EFFFF808EFFFF809AFFFF0094FFFFED
:10F1E0000087FFFF6269012A40F3A181D4F87CE027
:10F1F00089F00109206F216C00EB0E03D1F814A0F7
:10F2000013F8017C013707EB0A039E4580F08081EB
:10F21000B9F1000F00F07C8100231F46002A7FF720
:10F22000DBADBE4534BF4FF0000803F00108C7EB6B
:10F230000E020AF52053002507F1FF3C01219A42F6
:10F240008CBF4FF0000808F001082B4608FB0202B3
:10F25000501E10F8012FBB422CBF002101F001010C
:10F260000133CCEB0202B3F5807FB2FA82F24FEAAF
:10F27000521201FB0255ECD1AF4214BF002508F039
:10F2800001056B025B1B1F40C7EB0E03E367B9F17F
:10F29000000F00F0A280CAEB0303A26E190AE36715
:10F2A0001170A36EE26F5A706369002B40F3708196
:10F2B000206CE36F026807EB0308527AB8F5807F91
:10F2C000A2F1030288BFA8F58076042A00F26081CB
:10F2D000DFE812F0C300C3005E01C30005001D3368
:10F2E00008F11D02DB09C3EBD2134FEA052A0822FD
:10F2F000216E4430C5EB0A0A0AEA030AEFF7F0F878
:10F30000206C0322616E4430EFF7EAF8206C022291
:10F31000A16E4430EFF7E4F8206CE26F4430216FC7
:10F32000EFF7DEF8226FE36F1344002F00F018812F
:10F330001F44002213F8011BBB4282EA0102F9D1EB
:10F340000DF14009206C8DF830200AF1010A494680
:10F3500044309DF83030EFF7D7F80027206C0137A4
:10F36000216F4430EFF75AF95745F7D1206C4430FC
:10F37000EFF700F9236C206F5A69811908EB02033B
:10F380009B1B07D0CE18002311F8017B7B40B142B4
:10F39000DBB2F9D100218DF82C30E36F9DF82C60A1
:10F3A0008DF82B1082B11A44C618024416F8011BBE
:10F3B00019F8010B9DF82B70964281EA000141EA91
:10F3C00007018DF82B10F1D19DF82B20D2B2002D22
:10F3D00000F0C380002A40F0C080002B40F0B080D5
:10F3E0006269032A00F0CA80D4F8A4200132032AFB
:10F3F000C4F8A4203FF7E0AE206890F8CC20920734
:10F4000019D4082208E0216E4B5D0133DBB24B5565
:10F41000002B40F09980EAB22068551E90F8CC107D
:10F4200001F002018A4201F0FF03ECD89A4200F099
:10F43000AC80E36F2068B3F5205F02467FF6C1AD74
:10F4400090F8CC30990705D563680D2B02D00B2BB3
:10F450007FF4D6AC4F4DFFF7DDBB153308F1150235
:10F460009B09C3EB921340E74B4D79E67F1A216E5F
:10F47000626E0CABE7673E0A0868496803C393787D
:10F480000CA9B2F800E005F144000D228DF83A30E5
:10F49000ADF838E08DF83C708DF83B60EFF720F860
:10F4A000206CE26FE16E4430EFF71AF8206C10A97F
:10F4B0004430EFF729F8206C4430EFF75BF8256C07
:10F4C0000021E26E6B698DF82A10E06F93B103445E
:10F4D00010AE111802EB030E11F8013B16F8012BC8
:10F4E0009DF82AC0714583EA02034CEA03038DF8B4
:10F4F0002A30F1D19DF82A30002B7FF45DAE4FF019
:10F5000001093AE40B9B9E427FF466ACE36F64E72B
:10F51000012383E6214DFFF77DBBA86A0DABE26EA8
:10F520000DF1300C0C901068516803C3E9E5206CB4
:10F53000C26800F1B801283003F082FB626955E629
:10F540000022C4F8A42057E7206890F8CC309B072D
:10F5500001D4E36F6FE7022368E7114D22683DE4B1
:10F560000DF14009206C8DF830700AF1010A49460E
:10F5700044309DF83030EEF7C7FFEEE6A26F172A51
:10F580003FF432AF2268034D28E40246054D25E4DE
:10F59000054DE3E7008EFFFF008FFFFF8098FFFF20
:10F5A000808EFFFF8094FFFF0094FFFF38B5D0F8F6
:10F5B000A850044675B10025C0F8A850284638BDAB
:10F5C0002046F3B9FFF7E4F810F5CD4F02D010F55F
:10F5D000CB4F0ED12046FFF7F9FA10F5CB4F03467B
:10F5E000EED12046FFF7F2FA10F5CB4F0346F1D0EB
:10F5F000E6E748B9A36F162BE0D12046FDF748FF98
:10F60000DCE71D46284638BD0546284638BD00BF04
:10F61000002800F0E880036870B50446002B00F075
:10F62000E48093F8CC3015460E469B0709D5FDF7CC
:10F6300049FF68B9E36B23B193F8EC31012B00F07B
:10F64000BE802046FEF7E6FA10F5D64F01D000B195
:10F6500070BD6368102B07D02046FDF75BF810F5EE
:10F66000D64F01D00028F3D1616F002940F090807F
:10F67000A36D1BB1206D984701305ED02046FFF787
:10F6800095FF002840F09580E36F23BBA36F172BF5
:10F690001CD0162B22D0A268032A43D0152B00F0D1
:10F6A0009D80172B25D16368226F102B62674ED087
:10F6B000236893F8CC30DB07D6D5A368032BD3D1CE
:10F6C0002046FEF72FFA0028CED0C1E72046FFF7EC
:10F6D0006DFF00287ED1A36F162BDCD12268216F2D
:10F6E00092F8CC300978D80705D501290BD09907B5
:10F6F000BAD4404870BD0029F9D19807D4F8A010B9
:10F7000042D40429F5D192F8CD20920627D463691A
:10F71000002B6CDD642201212046FEF731FA00281F
:10F72000A2D070BD2268D2F8B4100029B6DBE2681E
:10F7300001329142E260B1DADBE7636D002B9DD0CC
:10F740002268206DD2F8A8209108984796E7636D4B
:10F75000002BADD00022206D11469847A8E7D4F8C1
:10F76000E82012B913F0300FD1D003F00303022BBD
:10F7700036D02046FDF776FB10F5D64F3FF474AF38
:10F7800000287FF465AF6FE70C297FF46DAFBAE70F
:10F79000E26F3046954228BF15462A4603F050FADC
:10F7A000E36F5B1BE3678BB1636F2B446367284692
:10F7B00070BD10F5E54F7FF44BAF002070BD2046C3
:10F7C000FEF70EFE00283FF43CAF70BD6367C4F83F
:10F7D000A830ECE710F5E54FEFD070BD064870BDDE
:10F7E0000323A360C5E705487047044870BD04487B
:10F7F00070BD00BF0089FFFF0097FFFF008FFFFF74
:10F800000094FFFFC26C03462DE9F047166884B0F0
:10F81000B17A0B291BD91A68072992F8CC2002F07B
:10F82000010000D1C0B9D96BC2F38102D1F8C47113
:10F83000032F08BF1746B7B9A8B15A688024996B3F
:10F84000002001320C665A6004B0BDE8F0874FF426
:10F850001662CA40D007DED55A68002001325A60CD
:10F8600004B0BDE8F08718461C46FFF79FFE05462A
:10F8700008BB94E80C000133636092F8CC30DA07DF
:10F880001DD56269DAB103F0020AD4F8A090BAF18A
:10F89000000F0CBF07220F220AF0FF0191450ED185
:10F8A000A36F162B00F0228120460A220221FEF7C8
:10F8B00067F9B748D4E7284604B0BDE8F087A26FDF
:10F8C000162AF1D1D4F8708098F800200B2A7DD147
:10F8D00003F0020AD4F8A090BAF1000F5ED0B9F19B
:10F8E000110F73D998F80D1098F80E3098F80C2075
:10F8F00043EA0123002A69D14FF00C084344033343
:10F90000994563D1D4F83890D9F85C0038B102F049
:10F9100029F8A36BD86D03F08BF9D4F838904FF425
:10F920009A71012003F0A4F9C9F85C00002800F0E6
:10F93000168108F10308DFF86C9202F00DF8D4F894
:10F94000A00008F1030E804547D270453ED3236FD7
:10F9500003EB080203EB0E0113F80830B3BB557834
:10F96000937843EA05237F2B1A460EEB03082DD923
:10F9700040452BD3A36BD86D02F060F8484505468F
:10F98000DDD01ADD10F5165F1CD12B222046022196
:10F99000FEF7F6F8284604B0BDE8F087B9F1090F84
:10F9A00014D998F8051098F8063098F8042043EA1E
:10F9B00001235AB94FF00408A0E710F5225F03D1E4
:10F9C0005022E3E70028BAD02A22DFE7204632227D
:10F9D0000221FEF7D5F86F4842E7D4F8009099F875
:10F9E000CC30DB0702D4A368012B69D0002F3FF491
:10F9F00062AFE36BD3F8CC81B8F1000F00F0C180A7
:10FA0000D3F8D021A36B4146D9F83850D86D03F113
:10FA1000600ED9F864300395D9F834C0D4F8D850C2
:10FA2000CDF808C08DE8204001F07EFDA36B0546AF
:10FA30000221D3F85C9009F1BC00F0F73BFAD4F84E
:10FA400000E078B1D9F8C030DEF878201978002AC3
:10FA500067D0137823B964E012F8013F002B60D01F
:10FA60009942F9D19EF8CC203146A06B02F00102F8
:10FA700000F16003C06D82F00102FEF767FB002811
:10FA800063D0002D61D1012F49D0B8F1000F7DD195
:10FA9000022F7BD1404DA36B1B6EDF0566D45E0742
:10FAA00092D413F4DC3F7FF470AFD80700F180806C
:10FAB00099077BD413F0080F0CBF2E22302265E784
:10FAC000636BDB6D5BB1A16B5A68C96D486882429C
:10FAD00005D18968986803F0E7F8002886D02046A9
:10FAE00031220221FEF74CF82A48B9E6D4F870809A
:10FAF00098F800300B2B7FF469AF00294FF0030218
:10FB000026490CBF04200C20404403F0CDF8002807
:10FB10007FF4E2AEA36B4022012F1A6644D100208D
:10FB20009EE6A36B31461B4E1A6ED86D002D08BFA2
:10FB3000354642F4803243F8602F9EF8CC2002F024
:10FB4000010282F00102FEF701FB012F10D0B8F193
:10FB5000000F01D1022F9DD0002DE0D09BE7204661
:10FB600050220221FEF70CF80D4879E631220DE70C
:10FB700015F51C5FD3D015F5F44FD0D0002DCED0A5
:10FB800089E7D9F86C80D9F870203BE7014D82E70E
:10FB90000089FFFF0086FFFF8089FFFF48050020E6
:10FBA0000081FFFFD2D9FFFF024859E62C22EDE683
:10FBB0002D22EBE6808BFFFF10B50446FFF7F6FC25
:10FBC000002832D1A36F142B40D1E36F012B36D123
:10FBD000236F1B78012B32D1A26BE16C2368E262A8
:10FBE000216493F8CC3003F0020303F0FF02EBB181
:10FBF000B4F884300020002101339BB2C4E9240111
:10FC0000A4F88430C4E9260173B16369012B13DDC4
:10FC1000E16CE06ECA680B69D31A0344236763681A
:10FC200000200133636010BD0C4810BD236E1A60C4
:10FC30005A606369012BEBDCE36E2367EFE7204634
:10FC400032220221FDF79CFF054810BD20460A2202
:10FC50000221FDF795FF034810BD00BF8094FFFF10
:10FC60000082FFFF0089FFFF0268C36BF0B592F8C6
:10FC7000CC2085B00546D3F80834D24301A902F060
:10FC8000010298472846FFF791FC00284CD1AB6F42
:10FC9000162B67D12E6F3378142B5CD12F68D5F8D3
:10FCA000A02097F8CC30980740D4102A53D10421D3
:10FCB00001F10C030022314401A81E448DF80320F9
:10FCC00011F8013B10F8012B9DF80340B14283EA83
:10FCD000020343EA04038DF80330F1D19DF80330A9
:10FCE000002B38D10C2201AB05F1FC04C5F8EC2047
:10FCF00007CBC5F8FC006160A260EB6BD3F87836E7
:10FD0000C3B197F8CC30D90705D40A236B6097F8B4
:10FD1000CC30DA0713D50F236B6097F8CC3003F0A3
:10FD2000020303F0FF0083B905B0F0BD182A12D119
:10FD30000C21BDE76B6801336B6097F8CC3003F0A2
:10FD4000020303F0FF00002BEED02846FEF722FB53
:10FD5000002005B0F0BD284632220221FDF710FF39
:10FD60000448E1E728460A220221FDF709FF02487C
:10FD7000DAE700BF8081FFFF0089FFFF2DE9F04136
:10FD8000AEB005468846164601A81F46EEF750FC61
:10FD900017A8F4F78DFA01A8EEF75AFC044670B1E3
:10FDA00001A8EEF749FC17A8F4F786FA2846502276
:10FDB0000221FDF7E5FE20462EB0BDE8F081E96B9B
:10FDC000402201A801F21441EFF786F8044600280A
:10FDD000E6D13A46314601A8EFF77EF804460028FE
:10FDE000DED1414601A8EFF77BF804460028D7D1C1
:10FDF00017A8F4F76DFA04460028D1D1E96B402228
:10FE000017A801F21441F5F717FC04460028C7D1E2
:10FE10003A46314617A8F5F70FFC04460028BFD133
:10FE200008F1100117A8F5F70BFC044601A8EEF73E
:10FE300003FC17A8F4F740FA002CBCD0B6E700BFCB
:10FE40002DE9F04184B01546064688469DF82C0001
:10FE50001F46EEF72BFA0446EEF794FA286001A845
:10FE6000EEF730FA214601A80022EEF74BFA0446DD
:10FE700058B101A8EEF72CFA304650220221FDF7C6
:10FE80007FFE204604B0BDE8F08101A8EEF786FAB7
:10FE900004460028EDD1F16B402201A801F2144183
:10FEA000EEF786FA04460028E3D139460A9A01A8FB
:10FEB000EEF77EFA04460028DBD1414601A8EEF7B2
:10FEC00081FA044601A8EEF703FA002CD9D0D3E753
:10FED0002DE9F04FC3B00024924680460DF1080989
:10FEE0008B464FF4807221464846019402F09CFEF6
:10FEF000BAF1000F70D055465F463F26AB68002B25
:10FF000055D0AA450ED0354B3946354A4046002CCF
:10FF100018BF1A4602F0D8FE002857DBB84255D267
:10FF20003F1A804401A92846EFF72CFA002846D151
:10FF3000019B39462B4A404602F0C6FE002845DBAD
:10FF400087428CBF00240124002C3FD12B693F1A2B
:10FF50008044002B3ED049460BE07F2B10D01E2A58
:10FF60000ED90B7001342B690131A3420ED9FE2C3E
:10FF70000CD86B691B5D03F17F021F2BD2B2ECD84A
:10FF80000E7001342B690131A342F0D84FF0000EFE
:10FF90004B46154A3946404609F804E002F094FE03
:10FFA000002813DB874211D93F1A80442C7FAD69AA
:10FFB000002DA3D1C7EB0B0043B0BDE8F08F0B4A77
:10FFC0003946404602F080FE0028B9DA084843B0BE
:10FFD000BDE8F08F1C46D9E75046F8E7C44700203B
:10FFE000C8470020CC470020D8470020D047002039
:10FFF00080D6FFFF2DE9F04F576885B09046064642
:02000004600298
:10000000202F03913BD94FF001091C27039D0024A9
:10001000DFF894B0DFF894A0D8F8083024B9B9F12B
:10002000000F01D01A78A2B107F1FF3E1B5D3046E8
:100030001A4AA64594BFDE46D6462946CDF800E0CA
:1000400002F042FE0028064421DBA842A5EB000591
:100050001DD20134BC42DFD3D8F80430BB4209D0F2
:1000600030460F4A294602F02FFE00280FDB85425A
:100070000DD92D1A039B581B05B0BDE8F08F57B161
:10008000012F94BF4FF000094FF00109BEE705486A
:1000900005B0BDE8F08F3846EEE700BFD44700203A
:1000A000DC47002080D6FFFFC822002088150020F2
:1000B000002070470020704770B5ADF5207D53AD2E
:1000C00068B9284601F048FC314A324B284612688C
:1000D000196802F025F8C0B10DF5207D70BD2E48DD
:1000E00002F0B6FD284601F037FC2A4B284A284684
:1000F0001968126802F014F8044638B3274802F071
:10010000DFFD20460DF5207D70BD06AE304601F0C6
:1001100023FC234A234B30461268196802F000F88A
:100120000028D9D105AA02900190034600923146D9
:100130000246284601F000FC0028CDD1304601F0EF
:1001400011FC284601F00EFC0020C5E706AE304643
:1001500001F002FC134B124A30461968126801F094
:10016000DFFF04460028C9D10F4802F071FD05A940
:10017000029423460194224600912846314601F01C
:10018000DBFB04460028B9D1084802F099FDD5E709
:100190004C0E0020A4640020E4470020F01700204B
:1001A000480E0020A06400200048002034180020E1
:1001B0002DE9F041044682B0884615463B4F312375
:1001C0006A4641462046E2F785FC002868D1266849
:1001D000009B1E44302301AA31462046E2F77AFCF8
:1001E00008BB2368F21A002A56DD18782A4606232F
:1001F000314642F8040B2046E2F76CFC98B92368BC
:10020000D5F804E0AB60D4F800C00CEB0E03F21A92
:100210002360002A40DD1CF80E201E2A13D9244832
:1002200002B0BDE8F081A0F50E500028F8D1236897
:100230009E4223D001202021287702F019FDA861D9
:1002400030B30546C6E727FA02F2D207E7D50133F5
:1002500005F110023146204623601CF80E30EB6099
:10026000E2F7E8FB0028DED122682B696A61226888
:1002700013442360A86123689E42DBD1B04512D0AD
:100280002021012002F0F4FCA86108B1054696E7A0
:10029000084802B0BDE8F081074802B0BDE8F0812F
:1002A000A0F50E50BCE70020BAE700BF0810585078
:1002B0001EDCFFFF80D7FFFF20DCFFFF08B5E2F761
:1002C000C1FD08B1A0F50C5008BD00BF08B5E2F7AC
:1002D0004BFD08B1A0F50C5008BD00BF2DE9F0435F
:1002E000042414258FB00C7014701D600468302C29
:1002F00061D18768446801973C44A74240D01D46BD
:1003000016468846A023214602AA01A8E2F7E2FB8E
:10031000002839D010F1620F04D0A0F50C500FB0B6
:10032000BDE8F083019B9C422AD0A12302AA21466A
:1003300001A8E2F7CFFB00283FD010F1620FECD10B
:10034000019B9C421CD0A22302AA214601A8E2F7ED
:10035000C1FB002844D010F1620FDED1019B9C420A
:100360000ED002AAA323214601A8E2F7B3FB00287E
:1003700000F0888010F1620FCFD1019B9C4218D110
:1003800000200FB0BDE8F083019F01A8029B05AAE1
:100390001F443946E2F756FD10B1B0F50C50BED1FE
:1003A000414605A8EFF7D0F80028B6D1019B9F423F
:1003B000B9D03F48B3E73F48B1E7029908AB019F86
:1003C00005AA01A80F443946E2F7CEFC20B9069AE7
:1003D000092A13D03848A2E7B0F50C509FD1F6E7B0
:1003E00001992A46029B01A8CD182946E2F7B0FBE5
:1003F000002892D1019B9D42B1D0DAE707992F489E
:1004000002F052FC0028E5D1089B302BD3D10A9B87
:10041000099A039303EB0208434547D293F800E09F
:100420000DF13809062303A80CAA414649F80CED42
:10043000E2F750FB48B1A0F50C5000287FF46FAFF5
:10044000019B9F423FF47DAFB3E7039A31460C9B7B
:1004500048460D9213440393EFF776F80028EAD14B
:10046000039B9845ECD003A8052304AA4146E2F774
:1004700031FB0028DFD1049B002BDCD1039B984586
:10048000DED096E7019D01A8029B0BAA1D442946D8
:10049000E2F75EFB00287FF440AF019B9D4288D1CC
:1004A0000B9A012A3FF46AAF054838E7054836E75A
:1004B0009ADCFFFF9EDCFFFF52DFFFFF2448002095
:1004C00000DDFFFFA0DCFFFF036870B5CE1A82B02D
:1004D000002E14DD154601AA04461E78E2F7A0FBA3
:1004E00048B92368019AAB6023682E6013446A60A0
:1004F000236002B070BDA0F5125002B070BD01487B
:10050000F7E700BF20DBFFFF2DE9F041069E3468CE
:10051000CCB917460D461A461C463946EEF7DCFFA5
:1005200068B92378062B11D02B68052B00D033BB7C
:100530006B681648002B08BF0020BDE8F081A0F5CD
:100540001850BDE8F0811248BDE8F0810821012073
:1005500002F08EFB8046A8B13946284608F1040314
:100560004246FFF7BBFE044618B9C6F80080BDE856
:10057000F081404602F05CFB2046BDE8F081034874
:10058000BDE8F0810348BDE8F08100BF00DDFFFF5A
:1005900000D8FFFF80D7FFFF03682DE9F043CD1A95
:1005A00083B0002D40F31F811D78172D00F0D280FD
:1005B000182D40F0D18004260133144601AA0546C7
:1005C0000360E2F737FA20B1A0F5105003B0BDE8A0
:1005D000F083019F06F108039F42C0F0B0802968B4
:1005E000206088190B780131303B092B00F2A7807D
:1005F0002368814203EB83034FEA430323602960AE
:1006000011F8012CA2F1300213442360EAD1022E2A
:1006100000F099800023811C024663601378013248
:10062000303B092B00F28B806368914203EB83031C
:100630004FEA430363602A6012F801ECAEF1300E1A
:1006400073446360EAD1002200F1040EA2600A78CC
:100650000131303A092A72D8A2688E4502EB820233
:100660004FEA4202A260296011F801CCACF1300CD3
:100670006244A260EBD1002100F1060CE1609EF81B
:1006800000100EF1010E3039092958D8E168E6450D
:1006900001EB81014FEA4101E160C5F800E01EF87D
:1006A000018CA8F130084144E160E8D14FF0000E20
:1006B00000F10808C4F810E09CF800E00CF1010C0F
:1006C000AEF1300EBEF1090F39D8D4F810E0C445B0
:1006D0000EEB8E0E4FEA4E0EC4F810E0C5F800C0C7
:1006E0001CF8019CA9F13009CE44C4F810E0E3D114
:1006F000BF1BA7F10806012E21D9002600F10A0C24
:10070000666108F1010698F800003038092816D80B
:100710006069B44500EB80004FEA400060612E60E4
:1007200016F8019CA9F130094844606116D0B04622
:1007300098F8000008F1010630380928E8D9334854
:1007400003B0BDE8F083312BD8BF643303F26C7380
:1007500023605FE702262FE72D4837E7A7F10A0657
:10076000012E35D0002EEAD1246842F20F75AC423A
:10077000E5D81729E3D8BEF13B0FE0D83B28DED8F7
:100780000C2BDCD8012141F2AA5001FA03F31840E6
:1007900058BB13F4256F2AD15907D0D5A30728D009
:1007A000E3171C494FF4C87081FB0451C3EBE113FC
:1007B00000FB1344002C14BF1C231D23002ABEDDA4
:1007C0009A42D4BF0020012000283FF4FFAEB6E7D4
:1007D00098F801605A2EB2D108F10208A7F10B0671
:1007E000C5F80080BEE70C48F0E61F23E6E71E23AD
:1007F000E4E70849E317642081FB0451C3EB61116E
:1008000000FB11410029CCD01D23D7E700DCFFFFFE
:100810009EDBFFFF1F85EB51A0DBFFFF036870B578
:10082000CE1A002E1ADD1D7805F07F05022D13D19A
:100830005E1C1546044606601B7842F8043BE2F74E
:10084000F9F830B922686B68AA6022681344236003
:1008500070BDA0F50A5070BD014870BD014870BD63
:100860001EDDFFFF20DDFFFF70B5056882B08D4201
:100870001CD02D78144643F0A003064642F8045BD2
:10088000E2F728F908B102B070BD30683023616822
:1008900001AAA060304634680C442146E2F71AF9F8
:1008A00038B93268019B13449C4206D1002002B043
:1008B00070BDA0F5145002B070BD0148E3E700BF61
:1008C0009ADAFFFF2DE9F04385B0002607460C4673
:1008D00004AD104698469DF8309045F8046D2946C1
:1008E000EEF70AFE90B1244A2146384602F0ECF9B0
:1008F0000546002D38DBAC4236D9B8F1060FA4EB23
:1009000005060BD0A01B05B0BDE8F083039B214674
:100910001A4A384602F0D8F90546EAE74846EDF7A4
:10092000C5FC0D9B81461878EDF7C0FC8046B9F1F7
:10093000000F1DD04846EDF72DFD8146B8F1000FA0
:1009400014D04046EDF726FD0D9B31465A684B46C4
:100950000090781901920A4A02F0B6F9002803DBE8
:10096000864201D9361ACDE70648CCE70248EBE7C4
:10097000DFF80490E2E700BF30480020D8470020AD
:100980003448002080D6FFFF10B51346064A0C46B7
:1009900002F09AF9002805DB84428CBF0020012078
:1009A00000B910BD0148FCE74C48002080D6FFFF8D
:1009B0002DE9F043044695B090F828010D46EDF777
:1009C00075FC226904AB61690646EDF705FDF8B9CF
:1009D000304694F82971D4F82C9194F82881EDF7D9
:1009E000D1FCD4F8206105F1BC02D4F8244104AD57
:1009F0000190494643463846009503960294EFF726
:100A00008FFA003018BF0120404215B0BDE8F083D6
:100A10004FF0FF30F9E700BFF0B5044683B00D4654
:100A200021B9061C18BF0126002E35D095B38CB312
:100A30002A6823689A422DD162686B68934229D153
:100A4000A968A06802F030F9064618BBE768EB68B1
:100A50009F423CD00C2F01D0132F1BD10C2B01D067
:100A6000132B17D123692A69934213D162696F69E5
:100A7000BBB1013F02EB030E12F8013B17F8010F67
:100A800023F020014340A1F1410108D0202B01D1E6
:100A9000192904D94FF0FF36304603B0F0BD964512
:100AA000EAD1227F2B7F9A42F4D1A469AD690CB9B7
:100AB000002DF1D0002CEDD0002DEBD022682B685A
:100AC0009A42E7D162686B689A42B9D0E2E722693C
:100AD00029698A42BED169696069019302F0E4F82C
:100AE000019B0028B6D1DCE770B5054610461446D8
:100AF0000E46EFF719FB012812D0062810D0023855
:100B0000C0B2022816D86368012229681B78013B0D
:100B100002FA03F30B420CBF4FF0FF30002070BD10
:100B20002046EFF7BFF9336898424FF0FF3028BFF7
:100B3000002070BD4FF0FF3070BD00BF70B506687B
:100B40008E420CD03678154643F0A003044642F896
:100B5000046BE1F7BFFF20B110F1620F07D1002055
:100B600070BD22686B68AA6022681344236070BD60
:100B7000F8B5466896423AD0044608460F4602F059
:100B800097F8022E14D9A5682B782A2B10D16B78F0
:100B90002E2B0DD160B13B782E2B09D03A46002385
:100BA00003E012F8014F2E2C05D001339842F8D102
:100BB0004FF0FF30F8BD002BFAD0C01A013EB04212
:100BC000F6D12C463B44002514F8012F013513F8CB
:100BD000016B22F020017240A1F1410103D0202AD3
:100BE000E6D11929E4D8A842EED80020F8BD8268E1
:100BF000AEB102F1FF3C0D468B1915F8012B1CF824
:100C000001EF22F0200492EA0E02A4F1410403D085
:100C1000202AB1D1192CAFD89D42EED1E5E730465C
:100C2000F8BD00BFD0F804210B4B18461340084014
:100C30000B4098420ED148F201000A43074B10B412
:100C4000044610400C40844214BF184600205DF852
:100C5000044B704701487047FE7FFFFF00D8FFFF3D
:100C60002DE9F8430C46002947D01546089A8146DD
:100C700000F14C069B1A002703F1010818E0A36954
:100C8000022B1EDCD4F80031002B01DD43450CD3D0
:100C900021464846FFF78CFE38B904F1A400FFF75F
:100CA00007FA20B3002F08BF2746D4F830412CB3F1
:100CB00004F16C013046FFF7AFFE0028F5D1002D9E
:100CC000DDD1D4F8FC30002BEFD0D4F8F8305B073E
:100CD00017D4D4F80031002B01DD4345E5D3002DB6
:100CE000D6D104F1A400FFF7E3F90028DAD104F12A
:100CF0008C00FFF7DFF90028D4D127463846BDE83D
:100D0000F88304212046FFF78DFF0028E1D0CCE7CF
:100D10002DE9F04F89468DB0002B00F052819C697F
:100D200016461D46134600940746B24A01F0CCFF12
:100D30000028C0F24D81814540F24A81C0EB090490
:100D400007443346AC4A2146384601F0BDFF00282F
:100D5000C0F23E81844240F23B81241A074405F1EF
:100D60001C0221463846FFF745F90028C0F23081C1
:100D7000844240F22D81241A074433469F4A21467B
:100D8000384601F0A1FF0028C0F22281844240F2DF
:100D90001F81241A074405F14C0221463846FFF70B
:100DA00097F80028C0F21481844240F21181241A7D
:100DB00007443346924A2146384601F085FF002811
:100DC000C0F20681844240F20381241A074405F1EF
:100DD0006C0221463846FFF77BF80028C0F2F88005
:100DE000844240F2F580D5F8A02007EB0008241AD1
:100DF000334605924046D5F89C702146814A0497B7
:100E0000D5F898700397D5F894700297D5F890703C
:100E10000197D5F88C70009701F056FF0028C0F2BA
:100E2000D780844240F2D480D5F8B820241A804478
:100E3000334605922146D5F8B4704046724A04976D
:100E4000D5F8B0700397D5F8AC700297D5F8A870B4
:100E50000197D5F8A470009701F036FF0028C0F282
:100E6000B780844240F2B480241A80443346674AF3
:100E70002146404601F028FF0028C0F2A9808442A4
:100E800040F2A680D5F82C21241A95F82931804407
:100E90000192214695F82871404605F128020097F5
:100EA000FFF710FDB0F1000AC0F29280544540F205
:100EB0008F8005F1BC0B5846EFF72CF91221024642
:100EC00007A8FFF761FD002840F083805846CAEB71
:100ED0000404EEF7E7FFD04407AB019021464046FB
:100EE000009333464A4A01F0EFFE002870DB84424B
:100EF0006ED9D5F8F830271A08EB0004DA0528D5A2
:100F0000D5F8FC203346DFF834C13946DFF830E14C
:100F10002046002A18BFE6463E4ACDF800E001F020
:100F2000D3FE002854DB874252D9D5F800313F1A4E
:100F30000444002B0BDD013B374A3946204601F0C3
:100F4000C3FE002844DB874242D93F1A0444D5F847
:100F5000F830980676D4D90300F1AD805A0700F135
:100F6000D9801B0538D533462C4A3946204601F036
:100F7000ABFE00282CDBB8422AD23F1A044405F508
:100F80008475274EDFF8A48011E0069B0093394654
:100F90003346244A2046244E01F096FE002817DBF3
:100FA00087420444A7EB000712D9ED68A5B106A952
:100FB0002846EEF70DFB1D4B0028E6D0CDF8188033
:100FC000E4E71B4A01F080FE002801DB814500D8E0
:100FD00018480DB0BDE8F08F2046174A394601F099
:100FE00073FE0028F4DB8742F2D9381AC0EB0900FF
:100FF000EFE700BF88480020A4480020BC4800203C
:10100000D4480020EC480020244900205C490020FE
:101010007449002088490020A8490020144B002072
:10102000C82200202C4B0020C84700203048002058
:101030006848002080D6FFFFB027002058480020D5
:10104000604800203346C84A3946204601F03CFE3D
:101050000028BDDBB84234BF00230123002BB7D1E9
:101060003F1A044405F1E802DFF804E35168C818A8
:10107000874240F287803F1A4BB19EF80010022B46
:10108000217002D19EF8011061701C44516841B179
:1010900000239168C95C013304F8011B51688B423D
:1010A000F7D3D2680223DFF8D8E2002ADED122701B
:1010B000D5F8F8304FE73346AC4A3946204601F0C0
:1010C00003FE002884DBB84282D295F818813F1ACB
:1010D0000444A74B18F0800F40F0728118F0400FC5
:1010E00040F0818018F0200F6ED118F0100F5CD105
:1010F00018F0080F4AD118F0040F40F0838018F060
:10110000020F40F09C8018F0010F40F08A80D5F863
:10111000F83023E73346974A3946204601F0D4FD9C
:101120000028FFF655AFB842BFF452AFD5F804819E
:101130003F1A04448E4B18F0800F40F09E8018F048
:10114000400F40F08B8018F0200F40F0B48018F072
:10115000100F40F0A18018F0080F40F0CA8018F07E
:10116000040F40F0B78018F0020F40F0EE8018F046
:10117000010F40F0DB8018F4004F40F0C980D5F833
:10118000F830EEE600237C48237022E77B4A39469C
:10119000204601F099FD0028FFF61AAF87427FF63E
:1011A00017AF3F1A0444764BA5E7764A39462046E6
:1011B00001F08AFD0028FFF60BAF87427FF608AFEB
:1011C0003F1A04446E4B93E76F4A3946204601F0BC
:1011D0007BFD0028FFF6FCAE87427FF6F9AE3F1A92
:1011E0000444674B81E7694A3946204601F06CFDAB
:1011F0000028FFF6EDAE87427FF6EAAE3F1A0444C0
:101200005F4B6FE7624A3946204601F05DFD0028DA
:10121000FFF6DEAE87427FF6DBAE3F1A0444584B42
:101220006DE75C4A3946204601F04EFD0028FFF686
:10123000CFAE87427FF6CCAE3F1A044467E7564AEA
:101240003946204601F040FD0028FFF6C1AE874236
:101250007FF6BEAE3F1A0444494B54E74F4A394625
:10126000204601F031FD0028FFF6B2AE87427FF63E
:10127000AFAE3F1A0444424B65E73946484A204620
:1012800001F022FD0028FFF6A3AE87427FF6A0AE54
:101290003F1A04443A4B52E7424A3946204601F08D
:1012A00013FD0028FFF694AE87427FF691AE3F1AF9
:1012B0000444334B4FE73C4A3946204601F004FDD5
:1012C0000028FFF685AE87427FF682AE3F1A0444BF
:1012D0002B4B3CE7354A3946204601F0F5FC002807
:1012E000FFF676AE87427FF673AE3F1A0444244B76
:1012F00039E72F4A3946204601F0E6FC0028FFF680
:1013000067AE87427FF664AE3F1A04441C4B26E763
:10131000284A3946204601F0D7FC0028FFF658AE8F
:1013200087427FF655AE3F1A044428E7224A3946E1
:10133000204601F0C9FC0028FFF64AAE87427FF63E
:1013400047AE3F1A04440E4B15E71C4A3946204667
:1013500001F0BAFC0028FFF63BAE87427FF638AEBC
:101360003F1A0444064B02E7BC490020D449002040
:10137000C8220020604A002080D6FFFF284A0020B3
:10138000C8470020144A00200C4A0020FC490020D5
:10139000344A00204C4A0020404A00208C4A002059
:1013A000784A0020B44A0020A04A0020D84A0020F1
:1013B000C84A0020044B0020F44A0020E84A0020DC
:1013C0003946074A204601F07FFC0028FFF600AEB0
:1013D00087427FF6FDAD3F1A0444024B7EE600BF14
:1013E000EC490020C84700202DE9F04390461D46F7
:1013F00083B0894607460E461B4C01221B4B05E075
:10140000083454F8043CCBB154F8082C2A42F7D0E5
:10141000009338464346164A314601F055FC0028F1
:1014200007441DDBB042A6EB000619D254F8083C75
:1014300008345D4054F8043C002BE5D125B9C6EBD7
:10144000090003B0BDE8F08343463846094A3146F7
:1014500001F03AFC002803DB864201D9361AEEE798
:10146000054803B0BDE8F08368F50260344B002006
:101470005C4B0020644B002080D6FFFFD0F8F83092
:1014800013F0040301D0FFF7CDBB1846704700BF2F
:10149000F8B50446D0F8F80010F4006012D01646F3
:1014A0000F4604F5847403E0042D0CD0E468A4B165
:1014B0006568B542F8D132463946A06801F0F4FBC0
:1014C0000028F1D1F8BD2A46A168054801F0ECFBDF
:1014D0000028F7D0E468002CEAD10248F8BD00BF2C
:1014E0004C05002000D8FFFF38B511F1840419D055
:1014F000D1F89420054622B914E0E46B94B1226936
:1015000082B12B6A9342F8D16169686A01F0CCFB21
:101510000028F2D104F11800FEF7CAFD0028ECD033
:10152000012038BD002038BD2DE9F04FB5B00024B2
:10153000984681463F9B20A80E9121460F9250224B
:101540001C603E9C01F070FBB8F1000F00F0EA81D6
:10155000B4B1204601F0ACFBD9F8F83005469A0644
:1015600040F1AE8109F1E80603E0F668002E00F0D4
:10157000C1812A4621463046FFF7FAFA0028F4D105
:1015800009F1BC042046EEF7CFFD01230138D8F85D
:1015900004208340134200F08E8108F10C0208F110
:1015A000080311460892184622460793FFF79CFA53
:1015B000002840F07B81002420AF4FF0010A0B94FB
:1015C0000D9420AB09F1A40043F83490631C0693FA
:1015D000FEF76EFD18B17B6843F001037B6009F1F3
:1015E0008C00FEF767FD18B17B6843F400737B60E5
:1015F0000D9B002B40F0118199F82831D8F800207C
:10160000013B0AFA03F3134203D17B6843F480439E
:101610007B6099F82931D8F80420013B0AFA03F3DA
:10162000134203D17B6843F400437B60069B012B8C
:1016300000F0D5800B9B01220E994846009323466B
:10164000FFF70EFB0546002800F00C8109F16C0144
:1016500009F14C00FFF7E0F9002840F0BB800123BE
:101660000B9A01320B92002B40F0B480069B082BA2
:1016700000F2568129464846FFF79AF97B68002810
:1016800040F00B810A9305F1BC03089907981A46AC
:101690009B46FFF729FA20B10A9B43F480330A9353
:1016A0007B600F9B002B00F039811C4600260C97B5
:1016B000CDF810B0CDF8249003E0D4F8F040002C21
:1016C0007BD0A369002BF8D0E26A6B6C9A42F4D10C
:1016D000A96C206B01F0E8FA0028EED1D5F8F830BB
:1016E0005B0706D502212846FFF79CFA002840F048
:1016F000D98094F8E800D8F80020431E0AFA03F3D2
:10170000134201D146F4003694F8E930D8F80420A9
:10171000013B0AFA03F3134201D146F48026ECF7A9
:10172000C5FD10AB226983466169ECF755FE0028C0
:1017300040F0B880049A08990798FFF7D5F908B1E6
:1017400046F48036D4F8EC10584694F8E89094F8B3
:10175000E9B00591ECF716FED4F8E0704B46059918
:101760000397D4F8E470049A029710AF019058469A
:101770000097EEF7D5FB002840F0948004F16C0050
:10178000FEF796FC08B146F0200604F15400FEF77F
:1017900091FC08B146F4806621460998FFF7A4FE43
:1017A00000288AD00C9F46F002060A9BA946069C98
:1017B00008371E4347F8046C03E70C9FF5E70B9BC3
:1017C00001220E99484600932346FFF749FA054641
:1017D000002847D07B680A9301230D9353E709F152
:1017E0006C0109F14C00FFF717F90028E7D10E9BB7
:1017F000002BE4D0D9F804601D4603E0D5F8305141
:10180000002DDCD06B68B342F8D13246A968D9F814
:10181000080001F049FA0028F0D120AA069D3F9F58
:1018200002EBC504DDF800816E1E54F8041C10ABF9
:10183000419832461091B8F1000F05D054F8081CB9
:10184000C047002859D110993B68083C35461943D8
:101850003960002EE8D10029334808BF002035B098
:10186000BDE8F08F0B9A2346D9F830114846009214
:101870000022FFF7F5F9054600284AD0069B012B08
:101880003FF4F8AE09F16C0109F14C00FFF7C4F820
:1018900000287FF4EBAE0346E2E643F008030A9328
:1018A0007B60F0E60C9F46F010067EE7219B43F438
:1018B000803321937FE6219B43F4004321936CE620
:1018C00009F16C0601E0B669A6B17268032AFAD183
:1018D000B168164801F0E8F92A4621460028F2D1FD
:1018E00006F10C00FFF744F900283FF449AEB66951
:1018F000002EEAD10423219342E610F51C5F0C4B25
:1019000008BF18464FF0FF333F9A136035B0BDE86B
:10191000F08F7B6843F008037B607EE70F9E44E70F
:101920000348EFE70348EDE700D9FFFFA8220020B6
:1019300000D0FFFF00D8FFFF70B584B0089E099D5E
:101940000A9C029503948DE84800024BFFF7ECFDDA
:1019500004B070BD08F602604FF49A72002101F0E5
:1019600063B900BF002868D0F8B50746064606F1FF
:10197000BC00EEF743FAD6F82C0101F059F9746E69
:1019800054B12046A5692021F0F7E8F8204601F07F
:101990004FF92C46002DF4D1D6F8844054B120469E
:1019A000A5692021F0F7DAF8204601F041F92C462C
:1019B000002DF4D1D6F8144154B12046E568102129
:1019C000F0F7CCF8204601F033F92C46002DF4D185
:1019D000D6F8F44054B12046E5681021F0F7BEF87F
:1019E000204601F025F92C46002DF4D1B06828B12D
:1019F0007168F0F7B3F8B06801F01AF9D6F8306101
:101A0000002EB4D14FF49A713846D7F83041F0F730
:101A1000A5F820464FF49A7174B1D4F83051F0F71C
:101A20009DF8A74220462C46F3D001F001F920464C
:101A30004FF49A71002CF0D1F8BD70472DE9F04FAA
:101A40009DB0002800F08D81B1FA81F56D09002D5F
:101A500040F08781824690460F46044605E0D4F860
:101A600030612546002E75D03446A369002BF6D18F
:101A700010A90DAA0D930846049113A9109313936E
:101A80000E460392059153609360436083607360D8
:101A9000B3601CAE07EB080B302308A846F8548D42
:101AA000594632460897E1F715F8002840F08F8133
:101AB000089BDDF81C80C3EB0B0BC345C0F03F81D6
:101AC00043440120C7EB0309C4F80490494601F0E0
:101AD000CFF883460890A060002800F07D81394649
:101AE0004A4601F0ADF8C8EB0901302332465944AB
:101AF00008A801EB08076161089139460297E0F7F1
:101B0000E9FF804600284FD1079FA023089819AA13
:101B1000616900EB070B08A8C1EB0B075946276169
:101B2000E0F7D8FF0346002849D010F1620F00F01B
:101B30000B8120461F46FFF715FF15B10023C5F89E
:101B40003031A24502D0204601F072F838461DB06F
:101B5000BDE8F08F4FF49A71012001F089F8C4F8C4
:101B60003001002800F03A8131464FF49A7201F0BA
:101B70005BF80DAB0D961946039310AB10961396B8
:101B80001846049313AB4E608E601D460593D4F83F
:101B900030316E60AE60254646608660002B40F0B6
:101BA0006082A14F1C46C8E7A8F506572046FFF7FC
:101BB000D9FE002FC1D138461DB0BDE8F08F08997D
:101BC00004F11802199B08A801EB03084146E0F74D
:101BD000BFFF002840F0BB80089B984540F0F5808F
:101BE00004F11C02594608A8FEF718FE0346002817
:101BF0009FD104F12807039B594608A83A46FEF7EF
:101C000065FB0346002894D1A369022B00F20281F0
:101C1000013304F5967203993846A36104F229133F
:101C2000009204F59472FEF76FFC8046002840F0A5
:101C300093800898302332465946E06308A8E0F7BD
:101C400049FF0746002840F0B780089904F14C028C
:101C5000079B08A81944FEF7ABFA0746002840F096
:101C6000A78008983023E76B19AA5946C71B08A814
:101C7000A763E0F72FFF002800F0B280B0F51057FF
:101C800040F09680089BA36432463023594608A84A
:101C9000E0F720FF0746002840F08E80079B4BB1FD
:101CA000089904F16C0208A81944FEF781FA074666
:101CB00000287DD1A06C04F1BC02089B59461B1A78
:101CC00008A86364EFF73AFE0746002870D1A369BD
:101CD000023B012B47D9089B9B4530D1049B08A8A8
:101CE000059A0299FEF7F2FA0746002860D1E26AE7
:101CF000149B9A4240F093801599206B00F0D4FF1A
:101D00000746002840F08B800E9A119B9A4240F0C3
:101D100086802AB112990F9800F0C6FF00287ED164
:101D200008A804F58E720299FEF7CEFB0346002840
:101D30007FF4FFAE089B029A9A423FF407AF204619
:101D40003A4FFFF70FFEF8E6C4F8188048E7B0F501
:101D500008533FF445AFECE620464746FFF702FE46
:101D6000EBE6314FF2E6012304F1C402594608A81C
:101D7000FEF7E4FE0746D8B9A369023B012BAAD8B7
:101D8000022304F1D002594608A8FEF7D7FE074601
:101D900070B9A369032B9ED104F1DC02594608A84F
:101DA000FEF762FD00284DD010F1620F93D0074678
:101DB0002046FFF7D7FDC0E6A7F506572046FFF7F8
:101DC000D1FD002F3FF4F7AEB7E6194BB1E6204640
:101DD000184FFFF7C7FDB0E6174FAEE6164FB5E652
:101DE000089904F18C02199B08A801EB03094946E4
:101DF000FEF7D2FB0028DAD104F1A402494608A874
:101E0000FEF7CAFB0028D2D1089B994540F02B81F0
:101E10004B4638E72046094FFFF7A4FD8DE62046E4
:101E2000074FFFF79FFD88E600D8FFFF1ADEFFFF90
:101E30009ADDFFFF80DEFFFF80D7FFFF80DAFFFF24
:101E400080D9FFFF8046089B9B454DD930235946DA
:101E500008A809AACDF85880CDF85C80CDF860803C
:101E6000CDF82880CDF82C80E0F734FE002840F033
:101E7000F280089E0623099817AA37785946064427
:101E800008A81697E0F726FE002840F0E480089A9C
:101E9000179B18921344C3EB0B020893002A27DD0B
:101EA0000AAA314608A8E0F729FE10F1620F02D015
:101EB000002840F0D08009AA0423314608A8E0F7A2
:101EC00009FE002840F0C780089A099B13449E42EF
:101ED0000CD10BA916A8EDF733FA68B10A9B089646
:101EE00043B933469B45B1D83FF4F8AE844F5FE722
:101EF000844F5DE7844F5BE7D4F8F8200B9B12EA30
:101F0000030740F0F5801A43B3F5807FC4F8F8204A
:101F100000F0AB8076DC042B51D0202B46D130234F
:101F2000314608A804F1E8070DEB0302E0F7D2FD03
:101F3000002834D1089B0C9A1A449642D6D19E426E
:101F400036D9F21A002AD3DD13F8019B19AA3146BB
:101F500008A80893E0F76EFD08BB09F0C003802BCA
:101F6000C8D1B9F1820F04D0089A199B1344089381
:101F7000E5E7BB6853B1FB68002B40F0B980102146
:101F8000012000F075FEF860B8B107468223089A78
:101F90003B60199BBA607B6013440893CFE7A0F5C0
:101FA0001457002F7FF404AF089B4DE7574FFFE60F
:101FB000C7F80C803FF448AF98E7554FF8E6314634
:101FC00019AA08A819978DF868701B97E0F7F6FD15
:101FD000002840F08F80199F002F3AD01B9A0646A8
:101FE000C4F804010346501E10F8012FD900013334
:101FF0008A40032B46EA0206C4F80461D4D89F4203
:10200000F2D8D1E7B3F5006F16D0B3F5803FCDD14C
:10201000314619AA08A819978DF868701B97E0F740
:10202000CDFD002866D1199B012B12D11B9A089B6C
:10203000127884F8182107E73146062304F58472E4
:1020400008A8E0F713FE002854D1D4F81031002B73
:10205000AAD1304FACE6A0F51457002F3FF43BAEA9
:10206000A6E61C4615E52C4FA2E6C4F8FC7030230A
:10207000C4F8007119AA314608A8E0F72BFD04F155
:10208000FC0704F58079002889D1089B9E423FF423
:10209000DBAE3A46314608A8E0F730FD88B110F1D2
:1020A000620F7FF47CAF3A46314608A8E0F750FD56
:1020B00000287FF474AFD4F8FC3013B10123C4F8C6
:1020C000FC30089B9E423FF4BFAE4A46314608A80A
:1020D000E0F73EFD00287FF462AF089B9E427FF44C
:1020E00005AFD4F8002133460132C4F80021ABE635
:1020F0000A4F5DE6B0F514573FF456AF58E600BFFF
:102100009ADAFFFFA0DAFFFF9EDAFFFF80DFFFFF12
:1021100096DAFFFF9CDAFFFF9ADBFFFF00DBFFFF91
:10212000002872D02DE9F04F0C468BB000296AD000
:1021300015460746002A3CD08B1813F8016C002E78
:1021400037D13349204600F07FFD90B3012D56D999
:102150000DF1180AB146B046059607A8EDF7CEFB7B
:10216000CDF808A0CDF804802346CDF8008007A85C
:10217000284A2749EDF7C8FB834610B31BF5A45F37
:1021800007A83ED01BF5845F0BD0EDF78DFD069AB6
:10219000B9F1000F08BFD9460136AD1A1444012D1C
:1021A000DBD8059B4BBB1C48B9F1000F18BF484654
:1021B00004E02A4621463846FFF740FC0BB0BDE854
:1021C000F08F069B3846089A0799ED1A1C44FFF7D2
:1021D00035FC834607A8EDF767FDBBF1000F09D07A
:1021E0001BF5225F06F101060BD0B9F1000F08BF05
:1021F000D946D4E701230593D1E73046DEE7064808
:10220000DCE75846DAE70548D8E70448704700BFDE
:10221000904B0020AC4B002080D8FFFF00D8FFFF80
:102220002DE9F041294F002542690124B96B4FF097
:10223000020E16684FF4303821F47C010369DFF890
:102240009CC041F48021B9633168576839433160DB
:102250004FF001161E49C3F810E01D61C3F848C0D5
:102260005C629962C3F82C809F6C1A491F651D62DD
:102270009E651C61037E184E02EB03152C7A2B46DB
:1022800001EB0414A46826602C7AED6801EB0414B9
:10229000646825601C690CB15B692360407E0E4C4C
:1022A00002EB001393F828001A4601EB0010806837
:1022B000046093F82840D86A01EB04114B68186059
:1022C000136B0BB1526B1A60BDE8F08100C00F4078
:1022D000B80B0505F009002061F801003B3728190B
:1022E0004369027E03EB0212F0B4147A8C4209D0E7
:1022F0001A7AFF2A06D08A4228D01A7EFF2A01D0F5
:102300008A4201D0F0BC704701252E4693E80600B2
:102310000968114217D00F4A03EB061305270E4E2A
:1023200002EB041461680F60197A02EB01118968ED
:102330000E601C7AD96802EB0412526811601A69A7
:102340000AB15B6913600576F0BC704700252E4624
:10235000DCE700BFF009002061F8010043690B4A87
:1023600003EB011010B4017A094C02EB01118968EA
:102370000C60047AC16802EB0412526811600269B1
:102380000AB1436913605DF8044B7047F0090020FF
:1023900061F801004369427E03EB0212F0B492F847
:1023A00028408C420BD093F82820FF2A07D08A427D
:1023B0002BD093F83820FF2A01D08A4201D0F0BCFC
:1023C000704701252E4693E806000968114219D08E
:1023D0000F4A03EB061305270E4E02EB0414616847
:1023E0000F6093F8281002EB011189680E6093F8D2
:1023F0002840D96A02EB0412526811601A6B0AB1C4
:102400005B6B13604576F0BC704700252E46DAE71B
:10241000F009002061F8010043690C4A03EB011048
:1024200010B490F828100A4C02EB011189680C6076
:1024300090F82840C16A02EB041252681160026BE6
:102440000AB1436B13605DF8044B7047F00900203C
:1024500061F80100114B1249D86E0A4640F4403031
:1024600030B4D86640F23765D86EA02440F440708E
:10247000D8664D648C64936C1B06FCD4094B40F207
:102480003760A0211A4658649964936C13F0800356
:10249000FBD1054A137030BC704700BF00C00F402D
:1024A00000400C4000800C4005B30020704700BF86
:1024B000704700BF704700BFF0B5244A0020244B8E
:1024C0004FF0100C234C1126DFF8C8E012272060D3
:1024D0000125C2F800C0C3F800E01660DFF8B8E0DC
:1024E0001D4EC3F800E01D4917601E6041F0150144
:1024F0001B4F1C4E17601E601B4F1C4E17601E604A
:102500001B4F11601B4E1C491F6016601B4F19604A
:102510001B4E1C4917601E601B4F11601B4E1C494F
:102520001F60166019602560BFF34F8FBFF36F8F78
:10253000C3F8B001BFF34F8FBFF36F8F52F8883CE1
:1025400043F4403342F8883CF0BD00BF9CED00E00E
:10255000A0ED00E094ED00E00900100000B50020BF
:10256000130020002100020714000020250008139A
:10257000090000101600202027000B131700004050
:1025800033001013180000602F000B0719000070B3
:102590002F000B133F00001025000803F0B58D4BF2
:1025A00018228D4E01208D4948F20C7E8C4D4FF043
:1025B000FF378C4C83B0C3F85C12C3F8605200251F
:1025C000C3F86412C3F868424FF40054C3F86C6255
:1025D0008549C3F87062C3F87462C3F87862834EA9
:1025E000DA661A675A679A67DA67C3F88020C3F811
:1025F0008420C3F8882040F20562C1F82C03C1F89A
:102600003003C1F83403C1F83803C1F83C03C1F802
:1026100050032946B36976481840764B0343764801
:10262000B361D6F8843043F00C03C6F88430022638
:10263000036833430360036803EA0E0E6F4B4EEAF0
:102640000303DFF8F0E103606D4B4760DEF80870CC
:102650003B406C4F43F000538360C36823F0780322
:10266000C360036A1F40684B3B43664F0362036AC3
:102670001F40654B3B43654F43628762C762DEF88C
:10268000B830634F23F03F0343F00103C0F8B83084
:10269000DEF8BC30DFF884E123F03F0343F00103B0
:1026A000C0F8BC30056104660767C0F88020446646
:1026B0004767C0F884200468564B24F00204564A49
:1026C0000460C0F818E0C66143F8041B9342FBD1D4
:1026D000494B1A68194642F001021A600B68464AD3
:1026E00013F00103FAD14D4E022540F2F56440F299
:1026F000664040F299414A4F966142F20146D561E7
:1027000040F23545C2F8004242F20124C2F81002FC
:102710000120C2F820121146C2F8307207F15A4760
:10272000C2F8346207F51377C2F840523D4E3E4D71
:10273000C2F85072C2F85462C2F86052C2F86442E1
:10274000C2F8A030C2F8A430C2F8B0004B692A4ADF
:10275000DD07FBD5012300244FF48030114653617F
:10276000C2F8A040C2F8A400C2F8B0304B69224AB7
:10277000DC07FBD5012300244FF4003011465361E0
:10278000C2F8A040C2F8A400C2F8B0304B691A4A9F
:10279000D807FBD501230024244811465361C2F811
:1027A000A040C2F8A400C2F8B0304B69124ADB075F
:1027B000FBD5D2F8003145F60D5121209BB2506176
:1027C0008B4239D01A4B00221A605A609A60DA6044
:1027D00003B0F0BD00801F40F9700100F9B00100A6
:1027E000F9100100F900010000841F4000C00F40F3
:1027F000FFFCFF1F000300A000402A401200FFFF63
:10280000FF37F70000FFF07C40000080FF000F83DF
:102810006300020000422A4000432A40F05AF05A66
:102820009F041830063201263806180A04000300F7
:10283000B0B4002000802A4000244FF480200123FF
:102840001146C2F8A040C2F8A400C2F8B0304B69EB
:102850003B4ADF07FBD501234FF40004002011465B
:102860005361C2F8A040C2F8A400C2F8B0304B696E
:10287000334ADE07FBD501234FF400044FF48030C8
:1028800011465361C2F8A040C2F8A400C2F8B030AB
:102890004B692B4ADD07FBD501234FF400044FF4AD
:1028A000003011465361C2F8A040C2F8A400C2F83B
:1028B000B0304B69224ADC07FBD501234FF40004FA
:1028C000204811465361C2F8A040C2F8A400C2F8E3
:1028D000B0304B691A4AD807FBD5D2F8003145F61B
:1028E0000D5121209BB250618B4210D0164B082213
:1028F0004FF400041A7015490020154A0123009076
:10290000521A1448224400F0C3F903B0F0BD4FF44A
:1029100000044FF4802101231046C2F8A040C2F801
:10292000A410C2F8B03043690549DB07FBD501208C
:10293000054B10224FF0807448611A70DBE700BF2E
:1029400000402A400400030009B30020000000708A
:1029500000000070B0B40020F0B4174A40274FF4D4
:1029600080314FF480564FF400554FF4404443F209
:102970004200136913F0020F06D094615161906117
:10298000136913F0020FF8D113F4005F01D1556100
:10299000EFE713F4805F01D15661EAE7002BE8DA34
:1029A00013F4803F01D09161E3E75B0601D45761E6
:1029B000DFE7F0BC704700BF00800D40394A0320BC
:1029C0003949F3EE095A13689FED386A23F0010381
:1029D000DFED376AF0B4136000241061D1F8E03005
:1029E000344FD8B2C3F30B211B0D334E07EE100A40
:1029F00005EE101A07EE903A304BB8EEC55A304D3E
:102A0000B8EEC77A3060F8EEE77A29602D4937EEE4
:102A1000466A2D4E77EEC57A2C4877EE666A2C4DC5
:102A200037EE657A26EE276AC7ED007A66EEA76A6A
:102A3000176867EE277A83ED007AC6EE075A86EEAE
:102A4000876AC7EE876A35EE857AFCEEC77A36EE7E
:102A5000057A17EE903ABCEEC77A47EA035376EE52
:102A6000857A136017EE103AD2F81071FCEEE77A0F
:102A700001EA0341394317EE903AC2F81011C3F34B
:102A80000B03D2F810110B43C2F81031136843F056
:102A9000020313603470C0F840510E4B0122F0BCA9
:102AA0001A60704780810D4000441F400000AA4218
:102AB0000000B44200B00020F8AF0020FCAF0020BE
:102AC000F4AF00200000FF0F40E400E000680020A9
:102AD000A101010008E100E0304B40F6617270B5E1
:102AE000C3F8202140F2044500F0E6F82C492D48B7
:102AF000D1F880202C4C42F003022C4BC1F88020EE
:102B0000C0F86051226813401BB9D0F8A8319A0769
:102B10001AD0244B4FF00041234A51631A46D3F890
:102B2000401141F00201C3F84011D2F840319B0737
:102B3000FBD44FF400301E491B4B4FF0004208609D
:102B400019209A6300F0A0F81A4D0022164B4FF09E
:102B50008041144C0A26996328461A601146C4F82D
:102B6000A8614FF4207200F05FF84FF4810640F244
:102B700043114FF48000104B104A2E602864C4F8B3
:102B80005851C4F84811C3F804220D4A4FF40031DB
:102B900001231160C4F8403170BD00BF00800D40BA
:102BA00000C00F4000002E4000900D40001C1E0091
:102BB0008CE200E000000020006800206D030100AE
:102BC0000CE100E008B50E4B1B6E9B0700D4FBBE6A
:102BD00072B60C4B00200C4AC3F8400103F160436D
:102BE0000A49A3F55F2311649D46BFF34F8F084A3E
:102BF00003F5E0430749126818461960936898473F
:102C000000441F4000002E4000C00A400300200086
:102C10001C002000000012EBF8B500BFF8BC08BC97
:102C20009E467047000000005FF800F06936010022
:102C30005FF800F0912F01005FF800F0ADF40000A4
:102C40005FF800F0BDF400005FF800F07D45010082
:102C50005FF800F00D3701005FF800F0692E010009
:102C60005FF800F0E93D01005FF800F0A1350100D8
:102C70005FF800F0D52D01005FF800F0CDEB00000B
:102C80005FF800F0BD2A01005FF800F091EE00004F
:102C90005FF800F0691401005FF800F0C13701002F
:102CA0005FF800F0F5FC00005FF800F03D35010032
:102CB0005FF800F0814101005FF800F00D0B0100AA
:102CC0005FF800F0B13701005FF800F0153C01003B
:102CD0005FF800F035370100450000001D1D0000C1
:082CE000F14C00001DE90000A9
:102CE80001000000020000000400000008000000CD
:102CF80010000000200000004000000080000000DC
:102D08001B00000036000000637C777BF26B6FC508
:102D18003001672BFED7AB76CA82C97DFA5947F0D6
:102D2800ADD4A2AF9CA472C0B7FD9326363FF7CCB2
:102D380034A5E5F171D8311504C723C31896059A4F
:102D4800071280E2EB27B27509832C1A1B6E5AA072
:102D5800523BD6B329E32F8453D100ED20FCB15B5D
:102D68006ACBBE394A4C58CFD0EFAAFB434D3385C6
:102D780045F9027F503C9FA851A3408F929D38F59A
:102D8800BCB6DA2110FFF3D2CD0C13EC5F974417D1
:102D9800C4A77E3D645D197360814FDC222A908848
:102DA80046EEB814DE5E0BDBE0323A0A4906245CD4
:102DB800C2D3AC629195E479E7C8376D8DD54EA939
:102DC8006C56F4EA657AAE08BA78252E1CA6B4C605
:102DD800E8DD741F4BBD8B8A703EB5664803F60E5E
:102DE800613557B986C11D9EE1F8981169D98E944D
:102DF8009B1E87E9CE5528DF8CA1890DBFE6426866
:102E080041992D0FB054BB1651F4A7507E4165531C
:102E18001A17A4C33A275E963BAB6BCB1F9D45F1AF
:102E2800ACFA58AB4BE303932030FA55AD766DF608
:102E380088CC7691F5024C254FE5D7FCC52ACBD72F
:102E480026354480B562A38FDEB15A4925BA1B677F
:102E580045EA0E985DFEC0E1C32F7502814CF01261
:102E68008D4697A36BD3F9C6038F5FE715929C95A0
:102E7800BF6D7AEB955259DAD4BE832D587421D39D
:102E880049E069298EC9C84475C2896AF48E79787F
:102E980099583E6B27B971DDBEE14FB6F088AD1782
:102EA800C920AC667DCE3AB463DF4A18E51A318290
:102EB8009751336062537F45B16477E0BB6BAE8452
:102EC800FE81A01CF9082B94704868588F45FD199D
:102ED80094DE6C87527BF8B7AB73D323724B02E254
:102EE800E31F8F576655AB2AB2EB28072FB5C203ED
:102EF80086C57B9AD33708A5302887F223BFA5B2A9
:102F080002036ABAED16825C8ACF1C2BA779B492A9
:102F1800F307F2F04E69E2A165DAF4CD0605BED5F5
:102F2800D134621FC4A6FE8A342E539DA2F355A045
:102F3800058AE132A4F6EB750B83EC394060EFAA01
:102F48005E719F06BD6E10513E218AF996DD063DE1
:102F5800DD3E05AE4DE6BD4691548DB571C45D05A7
:102F68000406D46F605015FF1998FB24D6BDE99765
:102F7800894043CC67D99E77B0E842BD07898B88E2
:102F8800E7195B3879C8EEDBA17C0A477C420FE978
:102F9800F8841EC90000000009808683322BED48A2
:102FA8001E1170AC6C5A724EFD0EFFFB0F85385621
:102FB8003DAED51E362D39270A0FD964685CA62187
:102FC8009B5B54D124362E3A0C0A67B19357E70F0E
:102FD800B4EE96D21B9B919E80C0C54F61DC20A2A7
:102FE8005A774B691C121A16E293BA0AC0A02AE54E
:102FF8003C22E043121B171D0E090D0BF28BC7ADC7
:103008002DB6A8B9141EA9C857F11985AF75074C74
:10301800EE99DDBBA37F60FDF701269F5C72F5BCCE
:1030280044663BC55BFB7E348B432976CB23C6DCE9
:10303800B6EDFC68B8E4F163D731DCCA42638510A9
:103048001397224084C61120854A247DD2BB3DF8BF
:10305800AEF93211C729A16D1D9E2F4BDCB230F39A
:103068000D8652EC77C1E3D02BB3166CA970B999D1
:10307800119448FA47E96422A8FC8CC4A0F03F1ACE
:10308800567D2CD8223390EF87494EC7D938D1C105
:103098008CCAA2FE98D40B36A6F581CFA57ADE2875
:1030A800DAB78E263FADBFA42C3A9DE45078920D36
:1030B8006A5FCC9B547E4662F68D13C290D8B8E8FE
:1030C8002E39F75E82C3AFF59F5D80BE69D0937CD1
:1030D8006FD52DA9CF2512B3C8AC993B10187DA781
:1030E800E89C636EDB3BBB7BCD2678096E5918F4F0
:1030F800EC9AB701834F9AA8E6956E65AAFFE67E1B
:1031080021BCCF08EF15E8E6BAE79BD94A6F36CE5F
:10311800EA9F09D429B07CD631A4B2AF2A3F233123
:10312800C6A5943035A266C0744EBC37FC82CAA6C8
:10313800E090D0B033A7D815F104984A41ECDAF7FB
:103148007FCD500E1791F62F764DD68D43EFB04DAB
:10315800CCAA4D54E49604DF9ED1B5E34C6A881B93
:10316800C12C1FB84665517F9D5EEA04018C355D10
:10317800FA877473FB0B412EB3671D5A92DBD25248
:10318800E91056336DD647139AD7618C37A10C7A5C
:1031980059F8148EEB133C89CEA927EEB761C935CF
:1031A800E11CE5ED7A47B13C9CD2DF5955F2733FFB
:1031B8001814CE7973C737BF53F7CDEA5FFDAA5B02
:1031C800DF3D6F147844DB86CAAFF381B968C43E2B
:1031D8003824342CC2A3405F161DC372BCE2250CF0
:1031E800283C498BFF0D954139A80171080CB3DEC5
:1031F800D8B4E49C6456C1907BCB8461D532B67058
:10320800486C5C74D0B85742F4A750514165537E5E
:1032180017A4C31A275E963AAB6BCB3B9D45F11FAB
:10322800FA58ABACE303934B30FA5520766DF6AD04
:10323800CC769188024C25F5E5D7FC4F2ACBD7C52B
:103248003544802662A38FB5B15A49DEBA1B67257B
:10325800EA0E9845FEC0E15D2F7502C34CF012815D
:103268004697A38DD3F9C66B8F5FE703929C95159C
:103278006D7AEBBF5259DA95BE832DD47421D35899
:10328800E0692949C9C8448EC2896A758E7978F47B
:10329800583E6B99B971DD27E14FB6BE88AD17F07E
:1032A80020AC66C9CE3AB47DDF4A18631A3182E58C
:1032B80051336097537F45626477E0B16BAE84BB4E
:1032C80081A01CFE082B94F94868587045FD198F99
:1032D800DE6C87947BF8B75273D323AB4B02E27250
:1032E8001F8F57E355AB2A66EB2807B2B5C2032FE9
:1032F800C57B9A863708A5D32887F230BFA5B223A5
:10330800036ABA0216825CEDCF1C2B8A79B492A7A5
:1033180007F2F0F369E2A14EDAF4CD6505BED506F1
:1033280034621FD1A6FE8AC42E539D34F355A0A241
:103338008AE13205F6EB75A483EC390B60EFAA40FD
:10334800719F065E6E1051BD218AF93EDD063D96DD
:103358003E05AEDDE6BD464D548DB591C45D0571A3
:1033680006D46F045015FF6098FB2419BDE997D661
:103378004043CC89D99E7767E842BDB0898B8807DE
:10338800195B38E7C8EEDB797C0A47A1420FE97C74
:10339800841EC9F800000000808683092BED48329E
:1033A8001170AC1E5A724E6C0EFFFBFD8538560F1D
:1033B800AED51E3D2D3927360FD9640A5CA6216883
:1033C8005B54D19B362E3A240A67B10C57E70F930A
:1033D800EE96D2B49B919E1BC0C54F80DC20A261A3
:1033E800774B695A121A161C93BA0AE2A02AE5C04A
:1033F80022E0433C1B171D12090D0B0E8BC7ADF2C3
:10340800B6A8B92D1EA9C814F119855775074CAF70
:1034180099DDBBEE7F60FDA301269FF772F5BC5CCA
:10342800663BC544FB7E345B4329768B23C6DCCBE5
:10343800EDFC68B6E4F163B831DCCAD763851042A5
:1034480097224013C61120844A247D85BB3DF8D2BB
:10345800F93211AE29A16DC79E2F4B1DB230F3DC96
:103468008652EC0DC1E3D077B3166C2B70B999A9CD
:103478009448FA11E9642247FC8CC4A8F03F1AA0CA
:103488007D2CD8563390EF22494EC78738D1C1D901
:10349800CAA2FE8CD40B3698F581CFA67ADE28A571
:1034A800B78E26DAADBFA43F3A9DE42C78920D5032
:1034B8005FCC9B6A7E4662548D13C2F6D8B8E890FA
:1034C80039F75E2EC3AFF5825D80BE9FD0937C69CD
:1034D800D52DA96F2512B3CFAC993BC8187DA7107D
:1034E8009C636EE83BBB7BDB267809CD5918F46EEC
:1034F8009AB701EC4F9AA883956E65E6FFE67EAA17
:10350800BCCF082115E8E6EFE79BD9BA6F36CE4A5B
:103518009F09D4EAB07CD629A4B2AF313F23312A1F
:10352800A59430C6A266C0354EBC377482CAA6FCC4
:1035380090D0B0E0A7D8153304984AF1ECDAF741F7
:10354800CD500E7F91F62F174DD68D76EFB04D43A7
:10355800AA4D54CC9604DFE4D1B5E39E6A881B4C8F
:103568002C1FB8C165517F465EEA049D8C355D010C
:10357800877473FA0B412EFB671D5AB3DBD2529244
:10358800105633E9D647136DD7618C9AA10C7A3758
:10359800F8148E59133C89EBA927EECE61C935B7CB
:1035A8001CE5EDE147B13C7AD2DF599CF2733F55F7
:1035B80014CE7918C737BF73F7CDEA53FDAA5B5FFE
:1035C8003D6F14DF44DB8678AFF381CA68C43EB927
:1035D80024342C38A3405FC21DC37216E2250CBCEC
:1035E8003C498B280D9541FFA80171390CB3DE08C1
:1035F800B4E49CD856C19064CB84617B32B670D554
:103608006C5C7448B85742D05051F4A7537E41655A
:10361800C31A17A4963A275ECB3BAB6BF11F9D45A7
:10362800ABACFA58934BE303552030FAF6AD766D00
:103638009188CC7625F5024CFC4FE5D7D7C52ACB27
:10364800802635448FB562A349DEB15A6725BA1B77
:103658009845EA0EE15DFEC002C32F7512814CF059
:10366800A38D4697C66BD3F9E7038F5F9515929C98
:10367800EBBF6D7ADA9552592DD4BE83D358742195
:103688002949E069448EC9C86A75C28978F48E7977
:103698006B99583EDD27B971B6BEE14F17F088AD7A
:1036A80066C920ACB47DCE3A1863DF4A82E51A3188
:1036B800609751334562537FE0B1647784BB6BAE4A
:1036C8001CFE81A094F9082B58704868198F45FD95
:1036D8008794DE6CB7527BF823AB73D3E2724B024C
:1036E80057E31F8F2A6655AB07B2EB28032FB5C2E5
:1036F8009A86C57BA5D33708F2302887B223BFA5A1
:10370800BA02036A5CED16822B8ACF1C92A779B4A1
:10371800F0F307F2A14E69E2CD65DAF4D50605BEED
:103728001FD134628AC4A6FE9D342E53A0A2F3553D
:1037380032058AE175A4F6EB390B83ECAA4060EFF9
:10374800065E719F51BD6E10F93E218A3D96DD06D9
:10375800AEDD3E05464DE6BDB591548D0571C45D9F
:103768006F0406D4FF605015241998FB97D6BDE95D
:10377800CC8940437767D99EBDB0E8428807898BDA
:1037880038E7195BDB79C8EE47A17C0AE97C420F70
:10379800C9F8841E000000008309808648322BED9A
:1037A800AC1E11704E6C5A72FBFD0EFF560F853819
:1037B8001E3DAED527362D39640A0FD921685CA67F
:1037C800D19B5B543A24362EB10C0A670F9357E706
:1037D800D2B4EE969E1B9B914F80C0C5A261DC209F
:1037E800695A774B161C121A0AE293BAE5C0A02A46
:1037F800433C22E01D121B170B0E090DADF28BC7BF
:10380800B92DB6A8C8141EA98557F1194CAF75076C
:10381800BBEE99DDFDA37F609FF70126BC5C72F5C6
:10382800C544663B345BFB7E768B4329DCCB23C6E1
:1038380068B6EDFC63B8E4F1CAD731DC10426385A1
:10384800401397222084C6117D854A24F8D2BB3DB7
:1038580011AEF9326DC729A14B1D9E2FF3DCB23092
:10386800EC0D8652D077C1E36C2BB31699A970B9C9
:10387800FA1194482247E964C4A8FC8C1AA0F03FC6
:10388800D8567D2CEF223390C787494EC1D938D1FD
:10389800FE8CCAA23698D40BCFA6F58128A57ADE6D
:1038A80026DAB78EA43FADBFE42C3A9D0D5078922E
:1038B8009B6A5FCC62547E46C2F68D13E890D8B8F6
:1038C8005E2E39F7F582C3AFBE9F5D807C69D093C9
:1038D800A96FD52DB3CF25123BC8AC99A710187D79
:1038E8006EE89C637BDB3BBB09CD2678F46E5918E8
:1038F80001EC9AB7A8834F9A65E6956E7EAAFFE613
:103908000821BCCFE6EF15E8D9BAE79BCE4A6F3657
:10391800D4EA9F09D629B07CAF31A4B2312A3F231B
:1039280030C6A594C035A26637744EBCA6FC82CAC0
:10393800B0E090D01533A7D84AF10498F741ECDAF3
:103948000E7FCD502F1791F68D764DD64D43EFB0A3
:1039580054CCAA4DDFE49604E39ED1B51B4C6A888B
:10396800B8C12C1F7F466551049D5EEA5D018C3508
:1039780073FA87742EFB0B415AB3671D5292DBD240
:1039880033E91056136DD6478C9AD7617A37A10C54
:103998008E59F81489EB133CEECEA92735B761C9C7
:1039A800EDE11CE53C7A47B1599CD2DF3F55F273F3
:1039B800791814CEBF73C737EA53F7CD5B5FFDAAFA
:1039C80014DF3D6F867844DB81CAAFF33EB968C423
:1039D8002C3824345FC2A34072161DC30CBCE225E8
:1039E8008B283C4941FF0D957139A801DE080CB3BD
:1039F8009CD8B4E4906456C1617BCB8470D532B650
:103A080074486C5C42D0B857A75051F465537E4156
:103A1800A4C31A175E963A276BCB3BAB45F11F9DA3
:103A280058ABACFA03934BE3FA5520306DF6AD76FC
:103A3800769188CC4C25F502D7FC4FE5CBD7C52A23
:103A480044802635A38FB5625A49DEB11B6725BA73
:103A58000E9845EAC0E15DFE7502C32FF012814C55
:103A680097A38D46F9C66BD35FE7038F9C95159294
:103A78007AEBBF6D59DA9552832DD4BE21D3587491
:103A8800692949E0C8448EC9896A75C27978F48E73
:103A98003E6B995871DD27B94FB6BEE1AD17F08876
:103AA800AC66C9203AB47DCE4A1863DF3182E51A84
:103AB800336097517F45625377E0B164AE84BB6B46
:103AC800A01CFE812B94F90868587048FD198F4591
:103AD8006C8794DEF8B7527BD323AB7302E2724B48
:103AE8008F57E31FAB2A66552807B2EBC2032FB5E1
:103AF8007B9A86C508A5D33787F23028A5B223BF9D
:103B08006ABA0203825CED161C2B8ACFB492A7799D
:103B1800F2F0F307E2A14E69F4CD65DABED50605E9
:103B2800621FD134FE8AC4A6539D342E55A0A2F339
:103B3800E132058AEB75A4F6EC390B83EFAA4060F5
:103B48009F065E711051BD6E8AF93E21063D96DDD5
:103B580005AEDD3EBD464DE68DB591545D0571C49B
:103B6800D46F040615FF6050FB241998E997D6BD59
:103B780043CC89409E7767D942BDB0E88B880789D6
:103B88005B38E719EEDB79C80A47A17C0FE97C426C
:103B98001EC9F8840000000086830980ED48322B96
:103BA80070AC1E11724E6C5AFFFBFD0E38560F8515
:103BB800D51E3DAE3927362DD9640A0FA621685C7B
:103BC80054D19B5B2E3A243667B10C0AE70F935702
:103BD80096D2B4EE919E1B9BC54F80C020A261DC9B
:103BE8004B695A771A161C12BA0AE2932AE5C0A042
:103BF800E0433C22171D121B0D0B0E09C7ADF28BBB
:103C0800A8B92DB6A9C8141E198557F1074CAF7568
:103C1800DDBBEE9960FDA37F269FF701F5BC5C72C2
:103C28003BC544667E345BFB29768B43C6DCCB23DD
:103C3800FC68B6EDF163B8E4DCCAD731851042639D
:103C480022401397112084C6247D854A3DF8D2BBB3
:103C58003211AEF9A16DC7292F4B1D9E30F3DCB28E
:103C680052EC0D86E3D077C1166C2BB3B999A970C5
:103C780048FA1194642247E98CC4A8FC3F1AA0F0C2
:103C88002CD8567D90EF22334EC78749D1C1D938F9
:103C9800A2FE8CCA0B3698D481CFA6F5DE28A57A69
:103CA8008E26DAB7BFA43FAD9DE42C3A920D50782A
:103CB800CC9B6A5F4662547E13C2F68DB8E890D8F2
:103CC800F75E2E39AFF582C380BE9F5D937C69D0C5
:103CD8002DA96FD512B3CF25993BC8AC7DA7101875
:103CE800636EE89CBB7BDB3B7809CD2618F46E59E4
:103CF800B701EC9A9AA8834F6E65E695E67EAAFF0F
:103D0800CF0821BCE8E6EF159BD9BAE736CE4A6F53
:103D180009D4EA9F7CD629B0B2AF31A423312A3F17
:103D28009430C6A566C035A2BC37744ECAA6FC82BC
:103D3800D0B0E090D81533A7984AF104DAF741ECEF
:103D4800500E7FCDF62F1791D68D764DB04D43EF9F
:103D58004D54CCAA04DFE496B5E39ED1881B4C6A87
:103D68001FB8C12C517F4665EA049D5E355D018C04
:103D78007473FA87412EFB0B1D5AB367D25292DB3C
:103D88005633E91047136DD6618C9AD70C7A37A150
:103D9800148E59F83C89EB1327EECEA9C935B761C3
:103DA800E5EDE11CB13C7A47DF599CD2733F55F2EF
:103DB800CE79181437BF73C7CDEA53F7AA5B5FFDF6
:103DC8006F14DF3DDB867844F381CAAFC43EB9681F
:103DD800342C3824405FC2A3C372161D250CBCE2E4
:103DE800498B283C9541FF0D017139A8B3DE080CB9
:103DF800E49CD8B4C190645684617BCBB670D5324C
:103E08005C74486C5742D0B8C66363A5F87C7C8460
:103E1800EE777799F67B7B8DFFF2F20DD66B6BBD53
:103E2800DE6F6FB191C5C554603030500201010397
:103E3800CE6767A9562B2B7DE7FEFE19B5D7D7624B
:103E48004DABABE6EC76769A8FCACA451F82829D47
:103E580089C9C940FA7D7D87EFFAFA15B25959EB3D
:103E68008E4747C9FBF0F00B41ADADECB3D4D46736
:103E78005FA2A2FD45AFAFEA239C9CBF53A4A4F761
:103E8800E47272969BC0C05B75B7B7C2E1FDFD1CBA
:103E98003D9393AE4C26266A6C36365A7E3F3F4198
:103EA800F5F7F70283CCCC4F6834345C51A5A5F400
:103EB800D1E5E534F9F1F108E2717193ABD8D87323
:103EC800623131532A15153F0804040C95C7C752AF
:103ED800462323659DC3C35E30181828379696A1DC
:103EE8000A05050F2F9A9AB50E07070924121236EC
:103EF8001B80809BDFE2E23DCDEBEB264E27276956
:103F08007FB2B2CDEA75759F1209091B1D83839E86
:103F1800582C2C74341A1A2E361B1B2DDC6E6EB2DC
:103F2800B45A5AEE5BA0A0FBA45252F6763B3B4D26
:103F3800B7D6D6617DB3B3CE5229297BDDE3E33E04
:103F48005E2F2F7113848497A65353F5B9D1D16886
:103F580000000000C1EDED2C40202060E3FCFC1FB8
:103F680079B1B1C8B65B5BEDD46A6ABE8DCBCB467E
:103F780067BEBED97239394B944A4ADE984C4CD444
:103F8800B05858E885CFCF4ABBD0D06BC5EFEF2AE1
:103F98004FAAAAE5EDFBFB16864343C59A4D4DD7BC
:103FA80066333355118585948A4545CFE9F9F9106B
:103FB80004020206FE7F7F81A05050F0783C3C440A
:103FC800259F9FBA4BA8A8E3A25151F35DA3A3FE76
:103FD800804040C0058F8F8A3F9292AD219D9DBC45
:103FE80070383848F1F5F50463BCBCDF77B6B6C164
:103FF800AFDADA754221216320101030E5FFFF1A8D
:10400800FDF3F30EBFD2D26D81CDCD4C180C0C143C
:1040180026131335C3ECEC2FBE5F5FE1359797A2EB
:10402800884444CC2E17173993C4C45755A7A7F210
:10403800FC7E7E827A3D3D47C86464ACBA5D5DE72C
:104048003219192BE6737395C06060A019818198A5
:104058009E4F4FD1A3DCDC7F44222266542A2A7E5D
:104068003B9090AB0B8888838C4646CAC7EEEE29F6
:104078006BB8B8D32814143CA7DEDE79BC5E5EE2C8
:10408800160B0B1DADDBDB76DBE0E03B6432325612
:10409800743A3A4E140A0A1E924949DB0C06060A7B
:1040A8004824246CB85C5CE49FC2C25DBDD3D36E67
:1040B80043ACACEFC46262A6399191A8319595A43E
:1040C800D3E4E437F279798BD5E7E7328BC8C84374
:1040D8006E373759DA6D6DB7018D8D8CB1D5D564D2
:1040E8009C4E4ED249A9A9E0D86C6CB4AC5656FA8D
:1040F800F3F4F407CFEAEA25CA6565AFF47A7A8E55
:1041080047AEAEE9100808186FBABAD5F0787888C3
:104118004A25256F5C2E2E72381C1C2457A6A6F142
:1041280073B4B4C797C6C651CBE8E823A1DDDD7CDC
:10413800E874749C3E1F1F21964B4BDD61BDBDDCAE
:104148000D8B8B860F8A8A85E07070907C3E3E428C
:1041580071B5B5C4CC6666AA904848D8060303056D
:10416800F7F6F6011C0E0E12C26161A36A35355FBF
:10417800AE5757F969B9B9D01786869199C1C15810
:104188003A1D1D27279E9EB9D9E1E138EBF8F813AF
:104198002B9898B322111133D26969BBA9D9D97068
:1041A800078E8E89339494A72D9B9BB63C1E1E22A6
:1041B80015878792C9E9E92087CECE49AA5555FFC8
:1041C80050282878A5DFDF7A038C8C8F59A1A1F8B5
:1041D800098989801A0D0D1765BFBFDAD7E6E63160
:1041E800844242C6D06868B8824141C3299999B0CF
:1041F8005A2D2D771E0F0F117BB0B0CBA85454FC4D
:104208006DBBBBD62C16163A6363A5C67C7C84F8B6
:10421800777799EE7B7B8DF6F2F20DFF6B6BBDD64F
:104228006F6FB1DEC5C55491303050600101030293
:104238006767A9CE2B2B7D56FEFE19E7D7D762B547
:10424800ABABE64D76769AECCACA458F82829D1F43
:10425800C9C940897D7D87FAFAFA15EF5959EBB239
:104268004747C98EF0F00BFBADADEC41D4D467B332
:10427800A2A2FD5FAFAFEA459C9CBF23A4A4F7535D
:10428800727296E4C0C05B9BB7B7C275FDFD1CE1B6
:104298009393AE3D26266A4C36365A6C3F3F417E94
:1042A800F7F702F5CCCC4F8334345C68A5A5F451FC
:1042B800E5E534D1F1F108F9717193E2D8D873AB1F
:1042C8003131536215153F2A04040C08C7C75295AB
:1042D80023236546C3C35E9D181828309696A137D8
:1042E80005050F0A9A9AB52F0707090E12123624E8
:1042F80080809B1BE2E23DDFEBEB26CD2727694E52
:10430800B2B2CD7F75759FEA09091B1283839E1D82
:104318002C2C74581A1A2E341B1B2D366E6EB2DCD8
:104328005A5AEEB4A0A0FB5B5252F6A43B3B4D7622
:10433800D6D661B7B3B3CE7D29297B52E3E33EDD00
:104348002F2F715E848497135353F5A6D1D168B982
:1043580000000000EDED2CC120206040FCFC1FE3B4
:10436800B1B1C8795B5BEDB66A6ABED4CBCB468D7A
:10437800BEBED96739394B724A4ADE944C4CD49840
:104388005858E8B0CFCF4A85D0D06BBBEFEF2AC5DD
:10439800AAAAE54FFBFB16ED4343C5864D4DD79AB8
:1043A80033335566858594114545CF8AF9F910E967
:1043B800020206047F7F81FE5050F0A03C3C447806
:1043C8009F9FBA25A8A8E34B5151F3A2A3A3FE5D72
:1043D8004040C0808F8F8A059292AD3F9D9DBC2141
:1043E80038384870F5F504F1BCBCDF63B6B6C17760
:1043F800DADA75AF2121634210103020FFFF1AE589
:10440800F3F30EFDD2D26DBFCDCD4C810C0C141838
:1044180013133526ECEC2FC35F5FE1BE9797A235E7
:104428004444CC881717392EC4C45793A7A7F2550C
:104438007E7E82FC3D3D477A6464ACC85D5DE7BA28
:1044480019192B32737395E66060A0C081819819A1
:104458004F4FD19EDCDC7FA3222266442A2A7E5459
:104468009090AB3B8888830B4646CA8CEEEE29C7F2
:10447800B8B8D36B14143C28DEDE79A75E5EE2BCC4
:104488000B0B1D16DBDB76ADE0E03BDB323256640E
:104498003A3A4E740A0A1E144949DB9206060A0C77
:1044A80024246C485C5CE4B8C2C25D9FD3D36EBD63
:1044B800ACACEF436262A6C49191A8399595A4313A
:1044C800E4E437D379798BF2E7E732D5C8C8438B70
:1044D8003737596E6D6DB7DA8D8D8C01D5D564B1CE
:1044E8004E4ED29CA9A9E0496C6CB4D85656FAAC89
:1044F800F4F407F3EAEA25CF6565AFCA7A7A8EF451
:10450800AEAEE94708081810BABAD56F787888F0BF
:1045180025256F4A2E2E725C1C1C2438A6A6F1573E
:10452800B4B4C773C6C65197E8E823CBDDDD7CA1D8
:1045380074749CE81F1F213E4B4BDD96BDBDDC61AA
:104548008B8B860D8A8A850F707090E03E3E427C88
:10455800B5B5C4716666AACC4848D8900303050669
:10456800F6F601F70E0E121C6161A3C235355F6ABB
:104578005757F9AEB9B9D06986869117C1C158990C
:104588001D1D273A9E9EB927E1E138D9F8F813EBAB
:104598009898B32B111133226969BBD2D9D970A964
:1045A8008E8E89079494A7339B9BB62D1E1E223CA2
:1045B80087879215E9E920C9CECE49875555FFAAC4
:1045C80028287850DFDF7AA58C8C8F03A1A1F859B1
:1045D800898980090D0D171ABFBFDA65E6E631D75C
:1045E8004242C6846868B8D04141C3829999B029CB
:1045F8002D2D775A0F0F111EB0B0CB7B5454FCA849
:10460800BBBBD66D16163A2CA5C6636384F87C7CB2
:1046180099EE77778DF67B7B0DFFF2F2BDD66B6B4B
:10462800B1DE6F6F5491C5C550603030030201018F
:10463800A9CE67677D562B2B19E7FEFE62B5D7D743
:10464800E64DABAB9AEC7676458FCACA9D1F82823F
:104658004089C9C987FA7D7D15EFFAFAEBB2595935
:10466800C98E47470BFBF0F0EC41ADAD67B3D4D42E
:10467800FD5FA2A2EA45AFAFBF239C9CF753A4A459
:1046880096E472725B9BC0C0C275B7B71CE1FDFDB2
:10469800AE3D93936A4C26265A6C3636417E3F3F90
:1046A80002F5F7F74F83CCCC5C683434F451A5A5F8
:1046B80034D1E5E508F9F1F193E2717173ABD8D81B
:1046C800536231313F2A15150C0804045295C7C7A7
:1046D800654623235E9DC3C328301818A1379696D4
:1046E8000F0A0505B52F9A9A090E070736241212E4
:1046F8009B1B80803DDFE2E226CDEBEB694E27274E
:10470800CD7FB2B29FEA75751B1209099E1D83837E
:1047180074582C2C2E341A1A2D361B1BB2DC6E6ED4
:10472800EEB45A5AFB5BA0A0F6A452524D763B3B1E
:1047380061B7D6D6CE7DB3B37B5229293EDDE3E3FC
:10474800715E2F2F97138484F5A6535368B9D1D17E
:10475800000000002CC1EDED604020201FE3FCFCB0
:10476800C879B1B1EDB65B5BBED46A6A468DCBCB76
:10477800D967BEBE4B723939DE944A4AD4984C4C3C
:10478800E8B058584A85CFCF6BBBD0D02AC5EFEFD9
:10479800E54FAAAA16EDFBFBC5864343D79A4D4DB4
:1047A8005566333394118585CF8A454510E9F9F963
:1047B8000604020281FE7F7FF0A0505044783C3C02
:1047C800BA259F9FE34BA8A8F3A25151FE5DA3A36E
:1047D800C08040408A058F8FAD3F9292BC219D9D3D
:1047E8004870383804F1F5F5DF63BCBCC177B6B65C
:1047F80075AFDADA63422121302010101AE5FFFF85
:104808000EFDF3F36DBFD2D24C81CDCD14180C0C34
:10481800352613132FC3ECECE1BE5F5FA2359797E3
:10482800CC884444392E17175793C4C4F255A7A708
:1048380082FC7E7E477A3D3DACC86464E7BA5D5D24
:104848002B32191995E67373A0C06060981981819D
:10485800D19E4F4F7FA3DCDC664422227E542A2A55
:10486800AB3B9090830B8888CA8C464629C7EEEEEE
:10487800D36BB8B83C28141479A7DEDEE2BC5E5EC0
:104888001D160B0B76ADDBDB3BDBE0E0566432320A
:104898004E743A3A1E140A0ADB9249490A0C060673
:1048A8006C482424E4B85C5C5D9FC2C26EBDD3D35F
:1048B800EF43ACACA6C46262A8399191A431959536
:1048C80037D3E4E48BF2797932D5E7E7438BC8C86C
:1048D800596E3737B7DA6D6D8C018D8D64B1D5D5CA
:1048E800D29C4E4EE049A9A9B4D86C6CFAAC565685
:1048F80007F3F4F425CFEAEAAFCA65658EF47A7A4D
:10490800E947AEAE18100808D56FBABA88F07878BB
:104918006F4A2525725C2E2E24381C1CF157A6A63A
:10492800C773B4B45197C6C623CBE8E87CA1DDDDD4
:104938009CE87474213E1F1FDD964B4BDC61BDBDA6
:10494800860D8B8B850F8A8A90E07070427C3E3E84
:10495800C471B5B5AACC6666D89048480506030365
:1049680001F7F6F6121C0E0EA3C261615F6A3535B7
:10497800F9AE5757D069B9B9911786865899C1C108
:10498800273A1D1DB9279E9E38D9E1E113EBF8F8A7
:10499800B32B989833221111BBD2696970A9D9D960
:1049A80089078E8EA7339494B62D9B9B223C1E1E9E
:1049B8009215878720C9E9E94987CECEFFAA5555C0
:1049C800785028287AA5DFDF8F038C8CF859A1A1AD
:1049D80080098989171A0D0DDA65BFBF31D7E6E658
:1049E800C6844242B8D06868C3824141B0299999C7
:1049F800775A2D2D111E0F0FCB7BB0B0FCA8545445
:104A0800D66DBBBB3A2C161663A5C6637C84F87CAE
:104A18007799EE777B8DF67BF20DFFF26BBDD66B47
:104A28006FB1DE6FC55491C530506030010302018B
:104A380067A9CE672B7D562BFE19E7FED762B5D73F
:104A4800ABE64DAB769AEC76CA458FCA829D1F823B
:104A5800C94089C97D87FA7DFA15EFFA59EBB25931
:104A680047C98E47F00BFBF0ADEC41ADD467B3D42A
:104A7800A2FD5FA2AFEA45AF9CBF239CA4F753A455
:104A88007296E472C05B9BC0B7C275B7FD1CE1FDAE
:104A980093AE3D93266A4C26365A6C363F417E3F8C
:104AA800F702F5F7CC4F83CC345C6834A5F451A5F4
:104AB800E534D1E5F108F9F17193E271D873ABD817
:104AC80031536231153F2A15040C0804C75295C7A3
:104AD80023654623C35E9DC31828301896A13796D0
:104AE800050F0A059AB52F9A07090E0712362412E0
:104AF800809B1B80E23DDFE2EB26CDEB27694E274A
:104B0800B2CD7FB2759FEA75091B1209839E1D837A
:104B18002C74582C1A2E341A1B2D361B6EB2DC6ED0
:104B28005AEEB45AA0FB5BA052F6A4523B4D763B1A
:104B3800D661B7D6B3CE7DB3297B5229E33EDDE3F8
:104B48002F715E2F8497138453F5A653D168B9D17A
:104B580000000000ED2CC1ED20604020FC1FE3FCAC
:104B6800B1C879B15BEDB65B6ABED46ACB468DCB72
:104B7800BED967BE394B72394ADE944A4CD4984C38
:104B880058E8B058CF4A85CFD06BBBD0EF2AC5EFD5
:104B9800AAE54FAAFB16EDFB43C586434DD79A4DB0
:104BA800335566338594118545CF8A45F910E9F95F
:104BB800020604027F81FE7F50F0A0503C44783CFE
:104BC8009FBA259FA8E34BA851F3A251A3FE5DA36A
:104BD80040C080408F8A058F92AD3F929DBC219D39
:104BE80038487038F504F1F5BCDF63BCB6C177B658
:104BF800DA75AFDA2163422110302010FF1AE5FF81
:104C0800F30EFDF3D26DBFD2CD4C81CD0C14180C30
:104C180013352613EC2FC3EC5FE1BE5F97A23597DF
:104C280044CC884417392E17C45793C4A7F255A704
:104C38007E82FC7E3D477A3D64ACC8645DE7BA5D20
:104C4800192B32197395E67360A0C0608198198199
:104C58004FD19E4FDC7FA3DC226644222A7E542A51
:104C680090AB3B9088830B8846CA8C46EE29C7EEEA
:104C7800B8D36BB8143C2814DE79A7DE5EE2BC5EBC
:104C88000B1D160BDB76ADDBE03BDBE03256643206
:104C98003A4E743A0A1E140A49DB9249060A0C066F
:104CA800246C48245CE4B85CC25D9FC2D36EBDD35B
:104CB800ACEF43AC62A6C46291A8399195A4319532
:104CC800E437D3E4798BF279E732D5E7C8438BC868
:104CD80037596E376DB7DA6D8D8C018DD564B1D5C6
:104CE8004ED29C4EA9E049A96CB4D86C56FAAC5681
:104CF800F407F3F4EA25CFEA65AFCA657A8EF47A49
:104D0800AEE947AE08181008BAD56FBA7888F078B7
:104D1800256F4A252E725C2E1C24381CA6F157A636
:104D2800B4C773B4C65197C6E823CBE8DD7CA1DDD0
:104D3800749CE8741F213E1F4BDD964BBDDC61BDA2
:104D48008B860D8B8A850F8A7090E0703E427C3E80
:104D5800B5C471B566AACC6648D890480305060361
:104D6800F601F7F60E121C0E61A3C261355F6A35B3
:104D780057F9AE57B9D069B986911786C15899C104
:104D88001D273A1D9EB9279EE138D9E1F813EBF8A3
:104D980098B32B981133221169BBD269D970A9D95C
:104DA8008E89078E94A733949BB62D9B1E223C1E9A
:104DB80087921587E920C9E9CE4987CE55FFAA55BC
:104DC80028785028DF7AA5DF8C8F038CA1F859A1A9
:104DD800898009890D171A0DBFDA65BFE631D7E654
:104DE80042C6844268B8D06841C3824199B02999C3
:104DF8002D775A2D0F111E0FB0CB7BB054FCA85441
:104E0800BBD66DBB163A2C1652096AD53036A53872
:104E1800BF40A39E81F3D7FB7CE339829B2FFF879A
:104E2800348E4344C4DEE9CB547B9432A6C2233D7E
:104E3800EE4C950B42FAC34E082EA16628D924B22F
:104E4800765BA2496D8BD12572F8F6648668981650
:104E5800D4A45CCC5D65B6926C704850FDEDB9DAAF
:104E68005E154657A78D9D8490D8AB008CBCD30A9D
:104E7800F7E45805B8B34506D02C1E8FCA3F0F0279
:104E8800C1AFBD0301138A6B3A9111414F67DCEA48
:104E980097F2CFCEF0B4E67396AC7422E7AD3585C1
:104EA800E2F937E81C75DF6E47F11A711D29C589CB
:104EB8006FB7620EAA18BE1BFC563E4BC6D27920AD
:104EC8009ADBC0FE78CD5AF41FDDA8338807C731B6
:104ED800B11210592780EC5F60517FA919B54A0DAE
:104EE8002DE57A9F93C99CEFA0E03B4DAE2AF5B023
:104EF800C8EBBB3C83539961172B047EBA77D6263F
:104F0800E169146355210C7D6BC1BEE22E409F966A
:104F1800E93D7E117393172AAE2D8A571E03AC9C68
:104F28009EB76FAC45AF8E5130C81C46A35CE411E8
:104F3800E5FBC1191A0A52EFF69F2445DF4F9B176C
:104F4800AD2B417BE66C371044416AC2D1F53C5821
:104F58003303917E6BE9EBE048E31E9E256718F268
:104F68009229319C19F15BA4058CCFFDBBCB382D60
:104F78001F6F56585D8A4ADEC34C052CC0DA8D7304
:104F8800451AFE5F03BE297FF3F6752AE8D7831119
:104F980038F041560631B1148B79EECC93A0EE5D12
:104FA800FF30B4EA21636DA4FACA37E0B0C853737E
:104FB800DF706E73F7C9AF865DF678DD17BA4E7588
:104FC800B61768C6ADEF7C7B4804E1818FE629758A
:104FD80019A3E88C573104138A05FC5E095AF48436
:104FE8008A08D328D3688E3D7BD966D53AD8C1BB09
:104FF80085D2ADFAE87BB104FE3C53653E2F45B53A
:105008006FCD88B2CC898FF0000102030405060732
:1050180008090A0B0C0D0E0F2B7E151628AED2A60A
:10502800ABF7158809CF4F3C0000000000000000D6
:1050380000000000000000008E73B0F7DA0E645222
:10504800C810F32B809079E562F8EAD2522C6B7B7A
:105058000000000000000000603DEB1015CA71BEA2
:105068002B73AEF0857D77811F352C073B6108D700
:105078002D9810A30914DFF43B3FD92EB72DAD208E
:10508800333449F8E83CFB4AC8A64537A0B3A93FE2
:10509800CDE3CDAD9F1CE58B26751F67A3CBB14033
:1050A800B1808CF187A4F4DFC04B05357C5D1C0E04
:1050B800EAC4C66F9FF7F2E6CDC80D6FDDF18CAB81
:1050C80034C25909C99A417467CE7F7F8117362146
:1050D800961A2B70171D3D7A2E1E8A1DD59B88B1F6
:1050E800C8E60FED1EFAC4C9C05F9F9CA9834FA0F4
:1050F80042AE8FBA584B09FFDC7E84BFDA79164B73
:105108007ECD8486985D386039FFED143B28B1C8A0
:1051180032113C6331E5407BDF10132415E54B92D7
:10512800A13ED0A8267AE2F975A385741AB9CEF8FB
:105138002031623D55B1E4710000003000000000EC
:105148000000000000000001006CB6DBC0543B59B1
:10515800DA48D90B0000000100E0017B27777F3F88
:105168004A1786F000000001AE6852F8121067CCAA
:105178004BF7A5765577F39E7E24067817FAE0D785
:1051880043D6CE1F325391637691BE035E5020A85A
:10519800AC6E618529F9A0DC100000002000000039
:1051A80024000000E4095D4FB7A7B3792D6175A30A
:1051B800261311B8000000000000000000000000E5
:1051C80000000000000000000000000000000000D7
:1051D800000000005104A106168A72D9790D41EE2B
:1051E8008EDAD388EB2E1EFC46DA57C8FCE630DF91
:1051F8009141BE28000000000000000000000000EF
:1052080000000000C1CF48A89F2FFDD9CF4652E922
:10521800EFDB72D74540A42BDE6D7836D59A5CEA71
:10522800AEF3105325B2072F000000000000000065
:105238000000000053696E676C6520626C6F636BD9
:10524800206D7367000000000000000000000000EF
:105258000000000000000000000000000000000046
:1052680000000000000102030405060708090A0BF4
:105278000C0D0E0F101112131415161718191A1BEE
:105288001C1D1E1F000000000000000000000000A0
:1052980000000000000102030405060708090A0BC4
:1052A8000C0D0E0F101112131415161718191A1BBE
:1052B8001C1D1E1F202122230000000000000000EA
:1052C800000000004142434445464748494A4B4C88
:1052D8004D4E4F505152535455565758595A616272
:1052E800636465666768696A6B6C6D6E6F7071720E
:1052F800737475767778797A303132333435363756
:1053080038392B2F7F7F7F7F7F7F7F7F7F7F7F7FD6
:105318007F7F7F7F7F7F7F7F7F7F7F7F7F7F7F7F95
:105328007F7F7F7F7F7F7F7F7F7F7F7F7F7F7F3EC6
:105338007F7F7F3F3435363738393A3B3C3D7F7F76
:105348007F407F7F7F000102030405060708090AE2
:105358000B0C0D0E0F101112131415161718197FB8
:105368007F7F7F7F7F1A1B1C1D1E1F202122232465
:1053780025262728292A2B2C2D2E2F303132337F12
:105388007F7F7F7F24486E5687625ABDBF17D9A298
:10539800C4171A0194ED8F1E11B3D7090CB6E91082
:1053A8006F22EE13CAB3070576C9FA316C0834FFC9
:1053B8008DC26C380043E95497AF504BD141BA9530
:1053C800315A0B974A456875566F64695772322F80
:1053D80046396D6978426361415A54746A78345227
:1053E8007339634A444C6270454738693768504B93
:1053F8007377634664736E364D5777494E502B4E1C
:10540800776D773441455070564A657655457652E2
:10541800516271564D566F4C6C773D3D000000004F
:105428000300000005000000070000000B0000005A
:105438000D0000001100000013000000170000001C
:105448001D0000001F0000002500000029000000CA
:105458002B0000002F000000350000003B0000007A
:105468003D00000043000000470000004900000024
:105478004F000000530000005900000061000000C8
:1054880065000000670000006B0000006D00000070
:10549800710000007F000000830000008900000008
:1054A8008B00000095000000970000009D000000A0
:1054B800A3000000A7000000AD000000B30000003A
:1054C800B5000000BF000000C1000000C5000000DA
:1054D800C7000000D3000000DF000000E300000068
:1054E800E5000000E9000000EF000000F100000006
:1054F800FB00000001010000070100000D01000091
:105508000F01000015010000190100001B01000037
:1055180025010000330100003701000039010000B7
:105528003D0100004B010000510100005B0100003B
:105538005D01000061010000670100006F010000CB
:10554800750100007B0100007F010000850100005B
:105558008D0100009101000099010000A3010000E5
:10556800A5010000AF010000B1010000B701000073
:10557800BB010000C1010000C9010000CD0100000D
:10558800CF010000D3010000DF010000E7010000A7
:10559800EB010000F3010000F7010000FD0100002D
:1055A800090200000B0200001D0200002302000097
:1055B8002D02000033020000390200003B02000007
:1055C800410200004B020000510200005702000097
:1055D800590200005F020000650200006902000035
:1055E8006B020000770200008102000083020000C5
:1055F800870200008D02000093020000950200005F
:10560800A1020000A5020000AB020000B3020000E6
:10561800BD020000C5020000CF020000D702000052
:10562800DD020000E3020000E7020000EF020000D4
:10563800F5020000F9020000010300000503000064
:10564800130300001D030000290300002B030000C2
:1056580035030000370300003B0300003D03000052
:105668004703000055030000590300005B030000D6
:105678005F0300006D030000710300007303000066
:10568800770300008B0300008F03000097030000DE
:10569800A1030000A9030000AD030000B30300004C
:1056A800B9030000C7030000CB030000D1030000CA
:1056B800D7030000DF030000E503000099FFFFFFA8
:1056C800B50200006102000015000000E4060000B9
:1056D800640300001C0000000BB1CD2D06D3502040
:1056E8000100000038411676D99360F272C2AB9A75
:1056F800750657A091F7B5C9A28CD290F607A727CF
:105708008EB249DE435CD7C73EF58F671F186EAF70
:105718002FE2850D53F09C65EAA3AE9EEC802D6BBD
:10572800A82B36A6C5864D33FD6658963A099510BE
:1057380078D842CCEF26E5611A3F3B82B6DBD49895
:10574800E88B02EB0A2C1DB06F8D880E19874E0B63
:10575800A90C79117F22E759E1DA3DC81204745483
:10576800307EB428556850BED0C431CB2AAD0FCA9C
:1057780070FF326908620024D1FBBAED4581736D70
:10578800849FEE4AC32EC101E6254899B9B37BF937
:10579800CEBFDF7129CD6C13649B639DC04BB7A549
:1057A800895FB117F4BCD346CF375E4794FAFC5BE8
:1057B80097FE5AAC3C4C0335F323B85D6A92D52169
:1057C8004451C67D3983DCAA7C7756051BA4153461
:1057D8001E1CF8522014E9BDDDE4A1E08AF1D67A56
:1057E800BBE3404F70822CECB327C0E5E485573506
:1057F800EA0CAE4123EF6B934519A521ED0E4F4EF0
:105808001D6592BD86B8AF8F7CEB1FCE3E30DC5F46
:105818005EC50B1AA6E139CAD5475D3DD9015AD6EE
:1058280051566C4D8B0D9A66FBCCB02D74122B2003
:10583800F0B18499DF4CCBC2347E76056DB7A931BF
:10584800D11704D714583A61DE1B111C320F9C166D
:105858005318F222FE44CFB2C3B57A912408E8A8BF
:1058680060FC6950AAD0A07DA1896297545B1E95FF
:10587800E0FF64D210C40048A3F775DB8A03E6DAB8
:10588800093FDD94875C8302CD4A90337367F6F352
:105898009D7FBFE2529BD826C837C63B81966F4B87
:1058A80013BE632EE979A78C9F6EBC8E29F5F9B6D5
:1058B8002FFDB4597898066AE74671BAD425AB42E9
:1058C80088A28DFA7207B955F8EEAC0A36492A68EB
:1058D8003C38F1A44028D37BBBC943C115E3ADF4E0
:1058E80077C7809E702CB3C0E457EAAE236B45A5FA
:1058F800ED4F1D9286AF7C1F3EDC5E0BA639D55D51
:10590800D95A516C8B9AFBB0742BF084DFCB347668
:105918006DA9D104143ADE11329C53F2FECFC37A3A
:1059280024E86069AAA0A162541EE0641000A3756F
:105938008AE609DD8783CD9073F69DBF52D8C8C625
:10594800816F1363E9A79FBC29F92FB47806E77123
:10595800D4AB888D72B9F8AC362A3CF140D3BB433E
:1059680015AD778082EC27E585350C41EF93192139
:105978000E4E65BDB88FEBCE305FC51AE1CA473D04
:1059880001D6564D0D66CC2D1220B1994CC27E051C
:10599800B73117D758611B1C0F16182244B2B5919E
:1059A80008A8FC50D07D89975B95FFD2C448F7DBE7
:1059B80003DA3F945C024A3367F37FE29B26373B66
:1059C800964BBE2E798C6E8EF5B6FD59986A46BAFE
:1059D8002542A2FA0755EE0A496838A4287BC9C1AE
:1059E800E3F4C79EE00558D9674E81CBC90BAE6A70
:1059F800D5185D8246DFD6278A324B42DB1C9E9C37
:105A08003ACA257B0D715F1FF8D73E9D7C60B9BEF1
:105A1800BC8B16344DC37295AB8EBA7AB302B4AD53
:105A2800A2ACD89A171A35CCF799615AE82456408F
:105A3800E1630933BF98978568FCEC0ADA6F536213
:105A4800A32E08AF28B074C2BD362238641E392C84
:105A5800A630E544FD889F65876BF4234810D15133
:105A6800C0F9D2A055A141FA4313C42FA8B63C2BC4
:105A7800C1FFC8A52089009047EFEAB71506CDB544
:105A8800127EBB290FB807049B942166E6CEEDE78A
:105A98003BFE7FC5A437B14C916E8D76032DDE9603
:105AA800267DC65CD3F24F193FDC791D52EBF36DAE
:105AB8005EFB69B2F0310CD4CF8CE275A94A5784E9
:105AC80011451BF5E40E73AAF1DD59146C9254D0FC
:105AD8007870E3498050A7F6779386832AC75BE9F5
:105AE800EE8F013DA09E667F3BCC908BB67AE8583E
:105AF8004CAA73B2C6EF372FE94F82BE54FF53A5A5
:105B0800F1D36F1C10E527FADE682D1DB05688C248
:105B1800B3E6C1FD0101010100000000010101011E
:105B28000000000001000101010100010101010064
:105B3800010100010001020308090A0B2627242598
:105B4800171415161BFFFF1AFFFFFFFFFFFFFFFFCC
:105B5800FFFFFFFFFFFFFFFFFFFFFFFF0405060733
:105B68000C0D0E0F10111213FF1819FF1F1C1D1E0C
:105B7800FFFFFFFFFFFFFFFFFFFFFFFFFFFFFFFF2D
:105B8800FFFFFFFF000102033D3E3F3CFFFFFFFF19
:105B98001B18191A23202122FFFFFFFF08090A0BEF
:105BA80010111213FFFFFFFF27242526FFFFFFFF19
:105BB8000C0D0E0F3A3B38391F1C1D1EFFFFFFFF4F
:105BC800040506074142434014151617FFFFFFFF5F
:105BD8002B28292A15161714FFFFFFFF121310117F
:105BE8000B08090A0F0C0D0E191A1B181D1E1F1C75
:105BF80012131011FFFFFFFFFFFFFFFF012345678F
:105C080089ABCDEFFEDCBA98765432100000000064
:105C1800000000000000000000000000000000007C
:105C2800000000000000000000000000000000006C
:105C3800000000000000000000000000012345678C
:105C480089ABCDEFFEDCBA987654321000112233BE
:105C580044556677000000000000000000000000C6
:105C6800000000000000000000000000000000002C
:105C7800000000000000000000000000012345674C
:105C880089ABCDEFFEDCBA9876543210001122337E
:105C9800445566778899AABBCCDDEEFF000000006A
:105CA80000000000000000000000000000000000EC
:105CB80000000000000000000000000067673138A5
:105CC800549669730857065648EABE43383C6C2A0E
:105CD800ABEF7FDE25CD470BF774A331B4993401C0
:105CE800B3E996F84EE5CEE7D79B09B9D1763FC020
:105CF80019D77CC930BFF2A56F7C93649ACC237DF9
:105D0800FF16D76C20EF7C919E3A75090503FB10AE
:105D1800AB241E7CF45D8CDEEE47433501234567DA
:105D280089ABCDEFFEDCBA98765432100000000043
:105D38000200000000000000000000000001020353
:105D48000405060708090A0B0C0D0E0F2B7E151605
:105D580028AED2A6ABF7158809CF4F3C000000004B
:105D68000000000000000000000000008E73B0F783
:105D7800DA0E6452C810F32B809079E562F8EAD203
:105D8800522C6B7B0000000000000000603DEB100F
:105D980015CA71BE2B73AEF0857D77811F352C0730
:105DA8003B6108D72D9810A30914DFF41607CF49D3
:105DB8004B36BBF00DAEB0B503C831ABA2F2CF671E
:105DC8001629EF7840C5A5DFB50748870F06165096
:105DD80008CF8B8B5A63586362543E542A4830ABC1
:105DE8005AC4A1A2405955FD2195CF935D5A869B6F
:105DF800D14CE54264F892A6DD2EC3D537D359C3FA
:105E0800349836D884E310ADDF68C449E6CFA35F81
:105E1800C02B134A4D2C0B6737AC3EDA36CBEB73ED
:105E2800BD504B4070B1B7DE2B21EB50E31A6055E3
:105E3800297D96CA3330CDF1B1860A836BC1BEE2A3
:105E48002E409F96E93D7E117393172AAE2D8A57EF
:105E58001E03AC9C9EB76FAC45AF8E5130C81C4634
:105E6800A35CE411E5FBC1191A0A52EF00000030E7
:105E7800000000000000000000000001006CB6DB1C
:105E8800C0543B59DA48D90B0000000100E0017BFF
:105E980027777F3F4A1786F000000001AE6852F866
:105EA800121067CC4BF7A5765577F39E7E240678BB
:105EB80017FAE0D743D6CE1F325391637691BE03CB
:105EC8005E5020A8AC6E618529F9A0DCD09DC29AED
:105ED8008214619A20877C76DB1F0B3F000000004C
:105EE80000000000000000000000000000000000AA
:105EF800000000000000000000000000DBF3C78D78
:105F0800C08396D4DA7C907765BBCB442B8E8E0FFA
:105F180031F0DCA72C7417E35360E0480000000060
:105F2800000000000000000000000000B19D1FCD2F
:105F3800CB75EB882F849CE24D85CF739CE64B2B69
:105F48005C9D73F14F2D5D9DCE9889CDDF5086966F
:105F580000000000000000000000000053696E67A8
:105F68006C6520626C6F636B206D736700000000C6
:105F78000000000000000000000000000000000019
:105F88000000000000000000000000000001020303
:105F98000405060708090A0B0C0D0E0F1011121341
:105FA8001415161718191A1B1C1D1E1F00000000B7
:105FB80000000000000000000000000000010203D3
:105FC8000405060708090A0B0C0D0E0F1011121311
:105FD8001415161718191A1B1C1D1E1F2021222301
:105FE8000000000000000000000000001000000099
:105FF8002000000024000000404142434445464739
:1060080048494A4B4C4D4E4F07000000080000001D
:106018000C00000008000000100000001400000040
:106028000400000010000000180000000400000038
:1060380006000000080000007162015B4DAC255DA0
:106048000000000000000000000000000000000048
:106058000000000000000000D2A1F0E051EA5F62F9
:10606800081A7792073D593D1FC64FBFACCD0000B7
:106078000000000000000000E3B201A9F5B71A7A99
:106088009B1CEAECCD97E70B6176AAD9A4428AA5B6
:10609800484392FBC1B099511011121314151617E9
:1060A80018191A1B202122232425262728292A2BC0
:1060B8002C2D2E2F30313233343536370001020380
:1060C8000405060708090A0B0C0D0E0F1011121310
:1060D800A70D00002D2D2D2D2D424547494E20435B
:1060E800455254494649434154452D2D2D2D2D0DDA
:1060F8000A4D494944687A4343416D2B67417749C2
:1061080042416749424144414E42676B71686B693D
:10611800473977304241515546414441374D5173D3
:1061280077435159445651514745774A4F5444454E
:10613800520D0A4D4138474131554543684D49553F
:1061480047397359584A545530777847544158421B
:10615800674E5642414D5445464276624746795508
:10616800314E4D4946526C6333516751304577483B
:1061780068634E0D0A4D5445774D6A45794D545123
:10618800304E4441775768634E4D6A45774D6A45AE
:10619800794D5451304E444177576A41374D5173C8
:1061A80077435159445651514745774A4F544445CE
:1061B800524D4138470D0A4131554543684D4955BF
:1061C80047397359584A545530777847544158429B
:1061D800674E5642414D5445464276624746795588
:1061E800314E4D4946526C6333516751304577679C
:1061F8006745694D4130470D0A435371475349621A
:106208003344514542415155414134494244774113
:10621800776767454B416F494241514441337A663C
:1062280038463776676C70302F687436574D6E3144
:1062380045705261677A5348780D0A6D6454733615
:10624800737438474667496C4B58736D38574C33ED
:10625800786F656D54695A687835377749303533C2
:106268007A6864634867483035375A6B2B693563F9
:106278006C48467A714D7755716E790D0A35304202
:1062880077464D74456F6E494C777556412B543798
:106298006C7067367A2B65784B593843344B5142CA
:1062A800306E466337714B55456B48487876595080
:1062B8005A5039616C346A77716A2B386E0D0A59F5
:1062C8004D50476E38753637474239742B61454D06
:1062D8007235502B31676D49674E62314C54562BDD
:1062E8002F586A6C693577774F51757666777537A9
:1062F800754A42566341304C6E306B636D6E4C0D7F
:106308000A5237455551494E395A2F5347396A472A
:106318007238586D6B7372557545766D45462F42C8
:10632800696279632B45316978564130686D6E4DE5
:10633800336F54445062354C6339756E38724E73FE
:10634800750D0A4B4E462B416B736A6F4258794F55
:1063580047566B43656F4D626F34624636427879B3
:106368004C4F6279617670772F4C50683561506771
:106378004149796E706C5962364C5641674D4241BD
:1063880041476A0D0A675A5577675A497744415910
:10639800445652305442415577417745422F7A410D
:1063A8006442674E564851344546675155744672A3
:1063B8006B70625065306C4C327564576D6C512F40
:1063C8007250727A480D0A2F6638775977594456B1
:1063D80052306A42467777576F41557446726B70F0
:1063E800625065306C4C327564576D6C512F725029
:1063F800727A482F662B68503651394D447378436A
:106408007A414A42674E560D0A42415954416B350A
:106418004D4D524577447759445651514B4577680D
:106428005162327868636C4E545444455A4D426305
:10643800474131554541784D515547397359584A67
:1064480054553077675647567A0D0A64434244518B
:106458005949424144414E42676B71686B694739FB
:106468007730424151554641414F4341514541756D
:10647800503155324142556B49736C734366646CB5
:10648800633269393451484859654A0D0A53735281
:106498003445646748746463695549354936324AF6
:1064A800364D6F6D2B593064542F37612B38533666
:1064B8004D564D435A503643354E794E79587731BB
:1064C8004757592F5952383258544A38480D0A44B8
:1064D800424A6943546F6B3544625A36537A614F66
:1064E8004E427A645748587757776D6935766731E1
:1064F80064786E375978724D396430496A784D320C
:1065080037574E4B7334734451685A42516B460D9A
:106518000A706A6D6673326362346F506C3459392D
:1065280054396D6554782F6C76646B52594575678C
:1065380036314A666E3663412B714870795059641A
:1065480054482B55736849546E6D70352F5A746BC7
:10655800660D0A6D2F5554534C424E464E4865738E
:1065680069545A654833314E637859476448536DC6
:1065780065394E632F67666964526130464C4F43F4
:10658800665778526C4671414934377A47396A41BF
:1065980051435A0D0A375A326D4347444E4D686A83
:1065A80051632B425963646E6C306C50586A644472
:1065B8004B36563071436731645665776855426388
:1065C8005735675A4B7A563765392B447056413DD3
:1065D8003D0D0A2D2D2D2D2D454E44204345525459
:1065E800494649434154452D2D2D2D2D0D0A2D2D5C
:1065F8002D2D2D424547494E204345525449464981
:10660800434154452D2D2D2D2D0D0A4D49494468E2
:106618007A4343416D2B674177494241674942417B
:1066280044414E42676B71686B6947397730424124
:10663800517346414441374D51737743515944563C
:1066480051514745774A4F544445520D0A4D4138F8
:106658004741315545436777495547397359584A32
:1066680054553077784754415842674E5642414D09
:106678004D454642766247467955314E4D49465218
:106688006C63335167513045774868634E0D0A4D46
:106698005463774E5441304D5459314E7A417857AE
:1066A80068634E4D6A63774E5441314D5459314EAB
:1066B8007A4178576A41374D517377435159445657
:1066C80051514745774A4F544445524D4138470D3B
:1066D8000A41315545436777495547397359584AEF
:1066E80054553077784754415842674E5642414D89
:1066F8004D454642766247467955314E4D49465298
:106708006C6333516751304577676745694D413050
:10671800470D0A4353714753496233445145424137
:1067280051554141344942447741776767454B4168
:106738006F494241514441337A6638463776676C2F
:1067480070302F687436574D6E3145705261677AD4
:106758005348780D0A6D6454733673743847466726
:10676800496C4B58736D38574C33786F656D546965
:106778005A6878353777493035337A6864634867BB
:10678800483035375A6B2B6935636C48467A714DFA
:106798007755716E790D0A35304277464D74456FDD
:1067A8006E494C777556412B54376C7067367A2B87
:1067B80065784B593843344B5142306E46633771D4
:1067C8004B55456B4848787659505A5039616C3466
:1067D8006A77716A2B386E0D0A594D50476E3875B5
:1067E8003637474239742B61454D7235502B316726
:1067F8006D49674E62314C54562B2F586A6C693577
:1068080077774F51757666777537754A4256634183
:10681800304C6E306B636D6E4C0D0A5237455551D6
:10682800494E395A2F5347396A477238586D6B7336
:1068380072557545766D45462F42696279632B45D9
:10684800316978564130686D6E4D336F54445062EB
:10685800354C6339756E38724E73750D0A4B4E465A
:106868002B416B736A6F4258794F47566B43656F7C
:106878004D626F346246364278794C4F6279617660
:1068880070772F4C5068356150674149796E706C4C
:106898005962364C5641674D424141476A0D0A6775
:1068A8005A5577675A4977485159445652304F429A
:1068B800425945464C5261354B577A33744A5339DD
:1068C800726E5670705550367A3638782F332F4D91
:1068D800474D4741315564497752634D4671410DE3
:1068E8000A464C5261354B577A33744A5339726EA3
:1068F8005670705550367A3638782F332F6F542BA0
:106908006B505441374D5173774351594456515147
:106918004745774A4F544445524D413847413155D0
:10692800450D0A436777495547397359584A5455AD
:106938003077784754415842674E5642414D4D454D
:106948004642766247467955314E4D4946526C6308
:106958003351675130474341514177444159445677
:106968005230540D0A42415577417745422F7A41BA
:106978004E42676B71686B69473977304241517392
:106988004641414F4341514541484B2F4848725475
:106998005A4D6E6E564D70646531696F2B766F4136
:1069A80074716C376A0D0A347352684C726A4437D2
:1069B8006F33544874775262446132646943767025
:1069C8007130537132334E67324C4D596F58734F93
:1069D800786F4C2F52514B33694E37554B7856339D
:1069E8004D4B50457230770D0A5851532B6B4B5114
:1069F80071695432627366726A6E574D56485A749A
:106A0800554F4D706D36464E716364476D2F527306
:106A18007333764B6461326C634B6C386B556E71B3
:106A28002F796C63312B5162420D0A473641367417
:106A38005576516372325A79576656672B6D4D35C4
:106A4800586B6854724F4F587573324F4C696B626C
:106A580034577745744A544A524E4530662B79501C
:106A68004F4453557A302F765435370D0A417048C4
:106A780030436E42383062594A7368594850484822
:106A8800796D4F746C654142384B535974716D3749
:106A980035672F594E6F626A6E6A4236636D3448A5
:106AA8006B57334F5A5256496C366659590D0A6E10
:106AB80032304E52564131566A73364741524F7200
:106AC800344E7157346B2F2B4C6F66593979304CD3
:106AD8004C44452B70306F49454B5849734976688B
:106AE8005072333973777853413D3D0D0A2D2D2D62
:106AF8002D2D454E4420434552544946494341545F
:106B0800452D2D2D2D2D0D0A2D2D2D2D2D42454791
:106B1800494E2043455254494649434154452D2D39
:106B28002D2D2D0D0A4D494943556A43434164654E
:106B380067417749424167494A414D4644346E3579
:106B48006951387A6F4D416F4743437147534D340C
:106B58003942414D434D443478437A414A42674E65
:106B680056424159540D0A416B354D4D52457744B3
:106B78007759445651514B4577685162327868636A
:106B88006C4E54544445634D426F4741315545411D
:106B9800784D545547397359584A7A63327767564E
:106BA80047567A644342460D0A517942445154414A
:106BB80065467730784D7A41354D6A51784E545153
:106BC800354E446861467730794D7A41354D6A498A
:106BD800784E5451354E4468614D443478437A4177
:106BE8004A42674E56424159540D0A416B354D4D44
:106BF800524577447759445651514B45776851620D
:106C0800327868636C4E54544445634D426F474133
:106C180031554541784D545547397359584A7A6327
:106C28003277675647567A644342460D0A5179428D
:106C380044515442324D42414742797147534D3491
:106C4800394167454742537542424141694132499A
:106C580041424D50614B7A52424E316776683162FB
:106C68002B2F496D364B554E4C547542750D0A778E
:106C7800773558557A4D35574E5253744A47564FC3
:106C880051736A333138584A474A492F4271564B33
:106C98006334734C59664369464B4172395A717172
:106CA800794864754E4D63626C6934797569790DFC
:106CB8000A6159377A516130707737526664616476
:106CC800486239555A4B5656706D6C4D37494C527F
:106CD8006D466D417A48714F426F4443426E54414C
:106CE8006442674E5648513445466751556E573091
:106CF800670D0A4A456B425079764C654C555A7671
:106D080048346B796476374E6E77776267594456A4
:106D180052306A424763775A5941556E5730674A2D
:106D2800456B425079764C654C555A7648346B79A8
:106D38006476370D0A4E6E7968517152414D44346C
:106D480078437A414A42674E5642415954416B351D
:106D58004D4D524577447759445651514B457768C4
:106D68005162327868636C4E54544445634D426FA7
:106D780047413155450D0A41784D545547397359A6
:106D8800584A7A633277675647567A64434246517F
:106D98007942445159494A414D4644346E35695106
:106DA800387A6F4D41774741315564457751464DA3
:106DB800414D42416638770D0A436759494B6F5A2E
:106DC800497A6A304541774944615141775A674960
:106DD80078414D4F30596E4E574B4A55416658676A
:106DE800534A744A7865786E346970672B6B7634C9
:106DF8007A6E755235307635360D0A7434643050F3
:106E080043753431326D5543364E6E6437697A7640
:106E18007445324D6749784150316E6E4A516A5A0D
:106E2800384257756B737A465144473438777843FC
:106E38004379636939717064534D760D0A75436AF5
:106E48006E387077554F6B4142584B384D737339D4
:106E580030667A436643454F7449413D3D0D0A2DDE
:106E68002D2D2D2D454E4420434552544946494326
:106E78004154452D2D2D2D2D0D0A0000AB06000087
:106E88002D2D2D2D2D424547494E2052534120503E
:106E9800524956415445204B45592D2D2D2D2D0D28
:106EA8000A4D4949457041494241414B4341514589
:106EB80041794854457A4C6E3574586E7052646BFB
:106EC80055594C423975355079617836664D3630AA
:106ED8004E6A346F38566D586C3345545A7A476148
:106EE800460D0A423958344A37424B4E64426A6E5C
:106EF8006770754737666138483672376777516B00
:106F0800345A4A4744547A71437253562F5575314F
:106F18004339334B59526854594A516A3665565366
:106F28004844310D0A626B327931525044306872EC
:106F380074356B507151685472644F724137522FD7
:106F4800555630367038366A74307544424D484567
:106F5800774D6A4456302F594930465A50526F3748
:106F680079582F6B390D0A5A3547494D43354373C4
:106F78007439392B2B554D642F2F734D6342346A66
:106F8800372F4366387174624348576A646D4C61A1
:106F98006F3576344A76344546624D7334345446F8
:106FA800655930424762480D0A37766B32446D7135
:106FB8005639676D61426D66305A58483479715355
:106FC800784A65442B504973314247653634453910
:106FD800326866782F2F445A7274656E4E4C514E43
:106FE8006954724D39414D2B760D0A6471427056C1
:106FF8006F4E7130716A553531427835725532426B
:1070080058634662587649354D5439544E55685838
:1070180077494441514142416F49424147644E7466
:1070280066594469617036627A73740D0A796843E7
:107038006949386D39547472685A77344D69736187
:1070480045614E2F6C6C3358536A614F47326476F2
:107058005636784D5A434D562B3554655844484F4B
:10706800415A6E59313859693138767A7A0D0A346D
:10707800557432546E4E467A697A434543594E6187
:107088004132665354335767496E6E78556B5633A1
:10709800595841795036434E784A61436D7632618A
:1070A8004130794672326B46565365614B47740DD1
:1070B8000A796D766C6A4E70324E566B766D37541F
:1070C8006838664251424F3749374158687A3433F5
:1070D8006B306D5237586D50676577653841705A17
:1070E8004F47336873746B4F614D766257417657DB
:1070F800410D0A7A435A757064446A5A596A4F4A6C
:10710800716C41346545413448382F7737463833F8
:107118007235437567654245384C674552456A4C38
:10712800506979656A725535483166756245592BDB
:107138006830640D0A6C35485A424A3638796254C8
:107148005866513555396F2F514B4133646430744B
:107158006F4245686864525544477A57746A76772F
:107168006B455166714631726547576A2F746F6473
:107178002F674370660D0A444669365830454367A1
:1071880059454134774F762F706A534333747936B3
:1071980054754F764B5832724F556942724C585855
:1071A80076324A53785A6E4D6F4D69574935697032
:1071B8004C51742B5259540D0A565061664C2F6D20
:1071C80037446E364D62776A61794F6B635A68420D
:1071D800776B35434E7A35413651346C4A36344DE7
:1071E800712F6C71487A6E52435151324D63314759
:1071F80038657944462F66594C0D0A5A6532704CE9
:10720800767750395644356A5463326D69446677E7
:107218002B4D6E764A68797752524C63656D4446B9
:1072280050386B34685156746D38504D70335A6D00
:107238004E45436759454134677A370D0A777A4F87
:10724800625234676E386962653631377551505A03
:107258006A577A556A3964554859642B696E31679B
:107268007742434972744E6E61526E394939552FCF
:10727800513674656752597069693479730D0A63B8
:107288003137364E6D552B756D7936586D75534BB4
:1072980056357144396253705A5747326E4C466EB0
:1072A800736C724E31354C6D3366685A786F654D24
:1072B8004E6842614544546E4C543236796F690DBC
:1072C8000A33336770306D5353577939345A4571DF
:1072D80069706D732B554C46367359315A7446573D
:1072E80036747047466F7938436759415148686E1C
:1072F8006E764A666C4973326B7934713130423636
:10730800300D0A5A6378467033727444706B70306B
:107318004A7868464C6869697A4672756A4D745A43
:10732800536A594E6D3555374B6B67505648684C04
:10733800454C455576436D4F6E4B54743461702FF0
:10734800765A300D0A42784A4E6531475A483370AA
:107358005736534176474451706C397347377575C2
:107368002F765446502B6C4378756B6D7A78423083
:107378004472724463766F72456B4B4D6F6D375A2A
:1073880043435276570D0A4B5A735A365965483259
:107398005A3831426175526A3231386B514B426703
:1073A800514355562F44674B503239383578445439
:1073B8005437394E30386A556F33685450354D5606
:1073C800594343756A2F2B0D0A5565457731547615
:1073D8005A6378334C4A627937503658616436615B
:1073E800312F42717665614779464B496645464972
:1073F8006142554249746B3830317344447044617A
:10740800596334674C303058630D0A376C467542FF
:10741800484F5A6B784A596C737335517247707577
:107428004F456C395A775574354972464C42645900
:10743800614B714E487A4E56433170435066622F05
:107448004A794836447232485578710D0A6778553A
:107458007741514B4267514363553647324C384167
:1074680047396439633055704F794C31744D7646DD
:107478006535547477304B6A6C5156647368314D76
:107488005036796967596F3944597577750D0A62AD
:107498004846565732723064425471656750322FED
:1074A8004B544F784B7A6148664331716630524786
:1074B8004473556F4A434E4A72643163776F434C45
:1074C8004738503245463477334F42724B71760D08
:1074D8000A38753479745930462B566C616E6A35A2
:1074E8006C6D3354616F48535646312B4E57507963
:1074F8004F5469776576494543474B775378766C9F
:107508006B6934664441413D3D0D0A2D2D2D2D2DCD
:10751800454E44205253412050524956415445202B
:107528004B45592D2D2D2D2D0D0A00001705000056
:107538002D2D2D2D2D424547494E20434552544966
:107548004649434154452D2D2D2D2D0D0A4D4949B0
:107558004468544343416D32674177494241674922
:10756800424244414E42676B71686B6947397730D4
:107578004241517346414441374D51737743515904
:10758800445651514745774A4F544445520D0A4D88
:10759800413847413155454367774955473973590C
:1075A800584A54553077784754415842674E5642A6
:1075B800414D4D454642766247467955314E4D49D3
:1075C80046526C63335167513045774868634E0DB6
:1075D8000A4D5463774E5441314D544D774E7A5588
:1075E800355768634E4D6A63774E5441324D544D5A
:1075F800774E7A5535576A41384D5173774351590B
:10760800445651514745774A4F544445524D4138A5
:10761800470D0A41315545436777495547397359ED
:10762800584A5455307778476A415942674E56420E
:10763800414D4D455642766247467955314E4D4942
:10764800454E7361575675644341794D49494249DE
:107658006A414E0D0A42676B71686B69473977302A
:10766800424151454641414F43415138414D4949B5
:107678004243674B4341514541794854457A4C6EE2
:107688003574586E7052646B55594C423975355083
:1076980079617836660D0A4D36304E6A346F385641
:1076A8006D586C3345545A7A476146423958344AC2
:1076B80037424B4E64426A6E677075473766613869
:1076C800483672376777516B345A4A4744547A714F
:1076D800437253562F55750D0A314339334B59525E
:1076E8006854594A516A36655653484431626B3278
:1076F800793152504430687274356B507151685406
:1077080072644F724137522F555630367038366A88
:1077180074307544424D4845770D0A4D6A445630D9
:107728002F594930465A50526F3779582F6B395A6A
:107738003547494D433543737439392B2B554D64BF
:107748002F2F734D6342346A372F43663871746242
:107758004348576A646D4C616F35760D0A344A7632
:10776800344546624D733434544665593042476255
:107778004837766B32446D715639676D61426D6674
:10778800305A584834797153784A65442B504973B4
:107798003142476536344539326866782F0D0A2FED
:1077A800445A7274656E4E4C514E6954724D39414B
:1077B8004D2B7664714270566F4E7130716A553533
:1077C80031427835725532425863466258764935A7
:1077D8004D5439544E556858774944415141420DEA
:1077E8000A6F3447534D4947504D42304741315550
:1077F8006444675157424252786F51427A636B41F1
:107808007656485A654D2F78536A377A78335774C5
:10781800474954426A42674E5648534D4558444278
:10782800610D0A674253305775536C733937535596
:1078380076613531616156442B732B764D66392F4D
:1078480036452F704430774F7A454C4D416B474150
:1078580031554542684D43546B7778455441504201
:10786800674E560D0A42416F4D434642766247467F
:107878007955314E4D4D526B774677594456515193
:10788800444442425162327868636C4E54544342D5
:10789800555A584E3049454E42676745414D416BF0
:1078A80047413155640D0A457751434D414177446D
:1078B80051594A4B6F5A496876634E4151454C427B
:1078C80051414467674542414337794F3738364E0F
:1078D800766348704B38556F764B49473963423366
:1078E800326F5351516F6D0D0A4C6F5230654844D9
:1078F800527A6471456B6F713779475A7566484695
:10790800695241417A624D714A666F675274786C68
:10791800725741654234792F6A47614D4256323574
:107928004962464F49634832570D0A694345614DDC
:107938004D62472B56514C4B4E76754336336B6D23
:10794800772F5A6577633954684D365061314863EB
:1079580079306178543066616631422F5530316A2A
:1079680030464963772F366D54664B0D0A44387795
:1079780034384F497763317972304A747574435695
:107988006A696735444330797A6E474D74333252A9
:107998007973654F4C6355652B6C6671303035765D
:1079A80032504169436F7A7235583872450D0A6F03
:1079B80066475A70694D324E715250655067597911
:1079C8002B566337355A6B3238786B525171316E9A
:1079D8006370726751623353347654735A645363D5
:1079E800704D39684C662B654D6C7267716C6A0D09
:1079F8000A6335504C536B5842654C45352B6665C8
:107A0800646B796654614C7878516C674370756F14
:107A18004F684B426D30342F523170574E7A55486B
:107A2800797161676A4F39513D0D0A2D2D2D2D2D24
:107A3800454E442043455254494649434154452DF7
:107A48002D2D2D2D0D0A0000AB0600002D2D2D2DFE
:107A58002D424547494E20525341205052495641E4
:107A68005445204B45592D2D2D2D2D0D0A4D494995
:107A7800457041494241414B434151454177553257
:107A88006A3365664E4864454531306C79754A6D90
:107A980073446E6A6B4F6A784B7A7A6F54467442B5
:107AA80061354D326A4149696E376835720D0A6C25
:107AB800716453744A44764C584A36506953612F5E
:107AC8004C593072435431642B416D5A4979637370
:107AD8004368396F6472716A4F624A484A61382F45
:107AE80073454555724D32314B5036346246320D2E
:107AF8000A324A44425962526D556A61694A6C4F6A
:107B080071713352654233305A6774737132422B44
:107B180067325130634C556C6D3931736C63306228
:107B28006F4334705061517931414A4468326F492A
:107B3800510D0A5A6E32755643754C5A586D526F2C
:107B4800654A687738314153516A7561417A786975
:107B580034625352722F51754B6F524178352F56FC
:107B6800716761486B515944772B466939714C529A
:107B78004637690D0A474D5A694C38646D6A667014
:107B8800643248337A4A346B7041635751446A38D7
:107B98006E38544449536737763174374878796476
:107BA800727877553965735143504A6F6450672F1F
:107BB8006F4E4A68620D0A79334E4C5570625945CA
:107BC800614973674968704F567254443744655722
:107BD800533852782F6671456745776C7749444129
:107BE800514142416F4942415143585230533845FF
:107BF800494846474F525A0D0A2B2B41744F673656
:107C080065454E78442B7856733066314965477A16
:107C18003537546A6F33516E58583756425A4E6446
:107C28006A2B70314543766843452F4737586E6B4A
:107C3800675535684C5A582B470D0A5A306A6B7A83
:107C48002F74714A4F4930765253644C42626970BE
:107C5800486E576F7579425134652F413179494AD9
:107C6800646C42747158784A314B452F6974754871
:107C780052624E63346A346B4C385A0D0A2F72368E
:107C88007076776E5449305053783245717330347A
:107C98003859645339324C543671417634666C62C3
:107CA8004E44784D6E327559377334796353345175
:107CB8003877314A586E436561416E596D0D0A57E0
:107CC80059493577784F2B627652454C52324D637D
:107CD8007A35446D566E4C386A52796D6C366C360E
:107CE800353832625376356F756652654649627922
:107CF800505A6251576C5867596E70753648650D01
:107D08000A4754633745317A4B595147472F392B26
:107D18004451556C2F3176517543507151776E79B6
:107D28003074516F5832773574645970644D6456A5
:107D38006D2B7A6B4C7462616A7A645476694A4A2C
:107D4800610D0A54577A4C366C7435416F4742417D
:107D58004E38362B5356654A44636D514A63763420
:107D680045713655687452723451474D69514D7A90
:107D780030536F64366574745978597A4D677874DE
:107D88007732380D0A43497267706F7A43632B550F
:107D9800615A4A4C6F375578764336616E3835727A
:107DA8003162326E4B50434C51466167674A3048E6
:107DB8003451304A2F735A4F68424958616F427A9A
:107DC800577876654B0D0A6E757063654B64567807
:107DD8004773466938434479383644426669794678
:107DE800697666426A2B3437426261517A50426A38
:107DF800374334724B37556C4C6A61623272444176
:107E08006F4742414E32750D0A414D326763686FC4
:107E180046697534763148464C3844376C77654541
:107E28007069365A6E4D4A6A6E45752F64456747C4
:107E3800514A466A7764704C6E5062736A3463378D
:107E4800356F645134477A38670D0A7377396C6136
:107E58006F3956567A6275736F52452F4A474934BF
:107E68006154644F307041545879473765473151F0
:107E7800752B355963315947586343726C694132E0
:107E8800784D3978782B6437662B730D0A6D507AE4
:107E98004E2B5749456735474A44595A446A417AEF
:107EA800484735424E76692F46664D314339644F0F
:107EB800746A763264416F4741463074354B6D774A
:107EC800626A574842686356714F3449630D0A42E3
:107ED80056764E3342496C6331756532595258456E
:107EE800446C785935623072384E345863654D6742
:107EF8004B6D5731384F4841705A78666C38755019
:107F0800446175575A4C584F676C34756570760DD7
:107F18000A77685A43334575577253797949434EFE
:107F2800684C593231416837686249454250463396
:107F38004C335A734F77432B5545724C2B64585723
:107F48004C644235364A677933675A614265573718
:107F5800620D0A764472456E6F634A6271436D37EB
:107F680049756B6858484F424B38436759454177C4
:107F780071644842306871794E537A494F4759378E
:107F8800763961627A42367055644133425A695192
:107F98007645730D0A334C6A4856643448504A3261
:107FA80078304E384367724249574F453071382B05
:107FB8003068534D6D6545393657572F376A443306
:107FC800665057774352357A6C586B6E78425173C6
:107FD80066763067500D0A3342433550523051644B
:107FE80079707A2B642B397A664D663632356B791F
:107FF800697434542F687A77684476655A557A4894
:108008006E6B3143662B494737512B544F456E4CA5
:108018006E5741574245440D0A49534F576D7255A3
:108028004367594146456D5278677741632F752BF1
:10803800443674307379437741596836504F7473B6
:10804800637139593069394779576B38394E7A67CE
:1080580043344E6477776242480D0A344167616859
:108068004F78497858783267784A6E713379666BF9
:108078004A66496A7766307332447950306B5932B0
:1080880079365561314F656F6D506559396D724953
:1080980053347443754451364C72450D0A54423674
:1080A8006C3956476F784A4C346679486E5A62384C
:1080B8004C356747766E423162624438634C3659B4
:1080C800506144694F686352736543397642694524
:1080D8007556673D3D0D0A2D2D2D2D2D454E4420FD
:1080E8005253412050524956415445204B45592D31
:1080F8002D2D2D2D0D0A0000AD0400002D2D2D2D48
:108108002D424547494E204345525449464943412B
:1081180054452D2D2D2D2D0D0A4D4949444E7A4398
:108128004341682B674177494241674942416A4167
:108138004E42676B71686B694739773042415155D8
:1081480046414441374D5173774351594456515133
:108158004745774A4F544445520D0A4D41384741E7
:1081680031554543684D495547397359584A54550F
:108178003077784754415842674E5642414D5445EE
:108188004642766247467955314E4D4946526C63B0
:10819800335167513045774868634E0D0A4D544551
:1081A800774D6A45794D5451304E44413257686392
:1081B8004E4D6A45774D6A45794D5451304E44418C
:1081C80032576A41304D5173774351594456515192
:1081D8004745774A4F544445524D4138470D0A4167
:1081E80031554543684D495547397359584A54558F
:1081F800307778456A415142674E5642414D544363
:10820800577876593246736147397A644443434113
:108218005349774451594A4B6F5A496876634E0D12
:108228000A415145424251414467674550414443E0
:108238004341516F4367674542414D464E6F39335D
:108248006E7A523352424E644A6372695A724135A9
:108258003435446F385373383645786251577554FE
:108268004E0D0A6F774349702B34656135616E5541
:1082780072535137793179656A346B6D7679324E3C
:108288004B776B395866674A6D534D6E4C416F6634
:10829800614861366F7A6D79527957765037424224
:1082A800464B7A0D0A4E74536A2B75477864746985
:1082B80051775747305A6C49326F695A5471717403
:1082C800305867643947594C624B7467666F4E6B18
:1082D8004E4843314A5A7664624A584E4736417589
:1082E8004B54326B4D0D0A745143513464714345FC
:1082F800475A39726C5172693256356B61486959FF
:1083080063504E51456B49376D674D385975473045
:108318006B612F304C697145514D656631616F470E
:10832800683545474138500D0A68597661693052B9
:108338006534686A4759692F485A6F3336586468F4
:10834800393879654A4B5148466B41342F4A2F4595
:108358007779456F4F373962657838636E6138636E
:108368004650587245416A79610D0A48543450366E
:108378004453595738747A53314B57324247694CF2
:1083880049434961546C6130772B77336C6B764580
:10839800636633366849424D4A63434177454141F4
:1083A800614E4E4D457377435159440D0A5652302C
:1083B80054424149774144416442674E56485134DA
:1083C80045466751557051586F5A4C6A633332416C
:1083D8005055424A4E594B686B7230324C51354DAC
:1083E80077487759445652306A424267770D0A46B1
:1083F8006F41557446726B70625065306C4C3275C3
:1084080064576D6C512F7250727A482F66387744D2
:1084180051594A4B6F5A496876634E415145464215
:1084280051414467674542414A786E58436C590D3B
:108438000A6F486B62703730637142727347584CE9
:108448007962413734637A624F3552644C456746E6
:1084580073377248565339722B633239336C7553FC
:108468002F4B646C694C53635A71417A5956796C35
:10847800770D0A55665257764B4D6F576848594BDA
:10848800703364454953347854586B362F357A58CD
:108498007868763952773853476338716E3676493B
:1084A80054486B3153316D50657674656B676173F1
:1084B8005935590D0A695751754D33683459566CF9
:1084C8005248334848454D414431546E41657866B9
:1084D80058484844465147652B4264316941627A9D
:1084E800312F73483948386C345374775836656778
:1084F80076544B334D0D0A775852776B4B6B766A2F
:108508004B61454441394154625A78306D49384C81
:10851800477378537543716539723964796A6D7434
:10852800746434374A31703152756C7A33434C7AFB
:10853800615263564975530D0A5252516661443867
:108548006E654D396331532F694A2F616D545671E9
:108558004A7841314B4F644F53353738305768505C
:1085680066534172412B673471416D536A656C6380
:108578003370347757706861380D0A7A687559779F
:108588006A567558364A484730633D0D0A2D2D2DD9
:108598002D2D454E442043455254494649434154A4
:1085A800452D2D2D2D2D0D0A000000000C0000007A
:1085B800506F6C617253534C546573740000000023
:1085C800F60600002D2D2D2D2D424547494E2052EF
:1085D80053412050524956415445204B45592D2D61
:1085E8002D2D2D0D0A50726F632D547970653A2028
:1085F800342C454E435259505445440D0A44454B7A
:108608002D496E666F3A204445532D454445332D18
:108618004342432C4138413935423035443542379D
:10862800323036420D0A0D0A3951643947654172B4
:10863800656A6C3147445668326C4C5631624874EE
:108648003063507466626835682F357A56704156C3
:10865800614670717453504D72456C703530526E6E
:10866800746E3965742B4A410D0A37564F79626F1B
:10867800522B497932742F4855345776413638375A
:108688006B33427070653947774B486A4868746C39
:108698002F2F3878464B775A7233586235794F35D1
:1086A8004A5550384155637451710D0A4E6238432A
:1086B8004C6C5A797555432B353252454141746893
:1086C80064576773582B37644A4F347961627A5517
:1086D800635132325470394A53443068694C3433E8
:1086E800426C6B5759554E4B3364416F0D0A505AC3
:1086F8006C6D6970746A6E7A56546A67314D787316
:10870800425379645A696E574F4C4256382F4A5132
:10871800677853506F3279443475456669673238E3
:108728007162765132774E496E30706E41620D0A31
:1087380047786E53414F617A6B6F6E67454766762F
:10874800636A4949732B4C5A4E39675846687863AF
:108758004F68366B6334512F633939423751574567
:1087680054774C4C6B59675A2B7A316139565939C1
:108778000D0A67455537437743785943442B683981
:1087880068593646506D734B302F6C43344F376100
:1087980065524B7059713030725050787336693762
:1087A8007068696578673661783679544D6D4172BD
:1087B80051710D0A516D4B335441734A6D38562F20
:1087C8004A354157704C4556366A41466752477993
:1087D8006D4747486E6F663044587A56575A6964F1
:1087E80072635A4A57544E7547455839306E42336A
:1087F800656532770D0A50584A4546574B6F4433E2
:108808004B33614663534C64485972336D4C477817
:108818005037483954685161693956737963785AC1
:108828004B53356B7776424B512F2F594D726D460E
:108838006677506B38780D0A76546559344B5A4D23
:10884800615572766545656C3574575A43393452AB
:10885800534D4B67785236637945316E4258795497
:10886800516E444F476266704E4E67424B78794B63
:1088780062494E576F4F4A550D0A574A5A41776C0D
:1088880073516E2B517A434477707269372B735644
:10889800316D53336742453655593761516D6E6DA9
:1088A80069696143325633486270687863742F652A
:1088B8006E35517366444F7431580D0A4A637A53C2
:1088C800667052574C6C62507A6E5A67384F5168CE
:1088D8002F5667434D4135384E35446A4F7A5449CF
:1088E8004B37734A4A35722B39345A4254437067AE
:1088F800414D624635383866304E54520D0A4B4366
:108908006534797278474A52375830324D346E762A
:10891800443449774F6C707351387851785A744F92
:1089280053675876344C6B7876645539584A4A4BB5
:10893800575A2F584E4B4A65577A747853650D0A23
:108948005A3176645463325966734442413253450E
:10895800763333767848783267317671747738535E
:108968006A44525432526151535330517553614DD8
:108978004A696D644F58366D544F43424B6B314AC8
:108988000D0A3951356D58547245522B2F4C6E4B88
:10899800306A456D58734258574135627171565A5D
:1089A800497961685853783456595A376C37772F54
:1089B80050486955447444677952684D4D4B693441
:1089C8006E320D0A6951765163575351546A727069
:1089D8006E6C4A626361312F446B705274335977FD
:1089E80072764A776471623861735A553256724E9C
:1089F8004554683578305156656644524C46695638
:108A08007069662F0D0A7455616541652F503146AE
:108A1800384F6B53374F495A447331535562762F49
:108A2800734432764D62684E6B556F436D73332FC6
:108A380050764E74646E76674C3446307A6861447A
:108A4800704B436D6C540D0A50387678343945377D
:108A580076354379524E6D4544397A5A67346F33C7
:108A6800776D4D7172514F39335074547567334572
:108A780075396F5678317A50514D314E564D79428D
:108A880061322B663239444C0D0A316E7554436598
:108A980058646F392B6E69343578782B6A414934BC
:108AA800444377725264684A39757A5A7943363939
:108AB80036324833374836442B356E614E76436C30
:108AC80046523173366C693147620D0A6E71506FC8
:108AD80069792F4F4273457839436144476371512F
:108AE800427035576D652F3358572B367A314953B5
:108AF8004F782B6967774E5456435431346D486428
:108B0800424D6279613065494B6674350D0A582BC0
:108B1800476E777467454D79435979795775556329
:108B280074386734527A45726359392B7957394FFB
:108B38006D35487A7078347A4F7557344E505A6785
:108B4800504454674B2B743252534C2F59710D0AB1
:108B58007245316E6A726765475963566547336671
:108B68002B4F6674483473366650627137743141DE
:108B7800355A67557363624C4D42717239744B2B89
:108B88004F717967523445674B4250734836437A80
:108B98000D0A4C367A6C762F32525630714148762F
:108BA8005675444A6349444967775935724A744946
:108BB8004E456D333272684F65464E4A775A533583
:108BC8004D4E494331637A585A78352F2F75675877
:108BD800376C0D0A49347379356E62566877536A73
:108BE80074416B38586735645A6264545A366D4913
:108BF8007262377871482B6664616B5A6F72316B99
:108C08006847376243327549776962443363536C06
:108C180032586B520D0A774E34386C736C62486E5A
:108C2800717161677236586D316E4E4F53566C389C
:108C3800432F366B624A45734D704C6841657A66BE
:108C480052744777764F75636F61452B5762655548
:108C58004E6F6C4764650D0A502F65516964645303
:108C6800663062726E70694C4A526837715A726C1B
:108C78003958757159647055716E6F45644D416608
:108C88006F74444F4944384F7456376774386134A9
:108C980038616438565057320D0A2D2D2D2D2D452B
:108CA8004E44205253412050524956415445204B7E
:108CB80045592D2D2D2D2D0D0A0000002D2D2D2D62
:108CC8002D424547494E2043455254494649434160
:108CD80054452D2D2D2D2D0D0A4D494944687A43B3
:108CE80043416D2B674177494241674942414441BD
:108CF8004E42676B71686B6947397730424151550D
:108D080046414441374D5173774351594456515167
:108D18004745774A4F544445520D0A4D413847411B
:108D280031554543684D495547397359584A545543
:108D38003077784754415842674E5642414D544522
:108D48004642766247467955314E4D4946526C63E4
:108D5800335167513045774868634E0D0A4D544585
:108D6800774D6A45794D5451304E44417757686381
:108D78004E4D6A45774D6A45794D5451304E4441C0
:108D880077576A41374D517377435159445651517A
:108D98004745774A4F544445524D4138470D0A419B
:108DA80031554543684D495547397359584A5455C3
:108DB8003077784754415842674E5642414D5445A2
:108DC8004642766247467955314E4D4946526C6364
:108DD80033516751304577676745694D4130470DD5
:108DE8000A435371475349623344514542415155EF
:108DF8004141344942447741776767454B416F4960
:108E08004241514441337A6638463776676C703050
:108E18002F687436574D6E3145705261677A5348E2
:108E2800780D0A6D64547336737438474667496C15
:108E38004B58736D38574C33786F656D54695A6861
:108E480078353777493035337A686463486748300E
:108E580035375A6B2B6935636C48467A714D7755AF
:108E6800716E790D0A35304277464D74456F6E49FB
:108E78004C777556412B54376C7067367A2B65786A
:108E88004B593843344B5142306E466337714B551A
:108E9800456B4848787659505A5039616C346A772E
:108EA800716A2B386E0D0A594D50476E3875363732
:108EB800474239742B61454D7235502B31676D49E6
:108EC800674E62314C54562B2F586A6C6935777748
:108ED8004F51757666777537754A42566341304CFF
:108EE8006E306B636D6E4C0D0A5237455551494EC5
:108EF800395A2F5347396A477238586D6B73725510
:108F08007545766D45462F42696279632B4531690F
:108F180078564130686D6E4D336F54445062354C0D
:108F28006339756E38724E73750D0A4B4E462B4178
:108F38006B736A6F4258794F47566B43656F4D6242
:108F48006F346246364278794C4F62796176707731
:108F58002F4C5068356150674149796E706C596281
:108F6800364C5641674D424141476A0D0A675A558A
:108F780077675A49774441594456523054424155CB
:108F880077417745422F7A416442674E56485134BB
:108F980045466751557446726B70625065306C4C2B
:108FA800327564576D6C512F7250727A480D0A2FC2
:108FB800663877597759445652306A424677775718
:108FC8006F41557446726B70625065306C4C3275E7
:108FD80064576D6C512F7250727A482F662B685007
:108FE8003651394D447378437A414A42674E560D9B
:108FF8000A42415954416B354D4D52457744775992
:10900800445651514B4577685162327868636C4ECB
:10901800545444455A4D4263474131554541784D72
:10902800515547397359584A5455307767564756FA
:109038007A0D0A64434244515949424144414E42DF
:10904800676B71686B6947397730424151554641C2
:10905800414F434151454175503155324142556B5D
:1090680049736C734366646C633269393451484898
:1090780059654A0D0A5373523445646748746463EA
:10908800695549354936324A364D6F6D2B5930642A
:10909800542F37612B3853364D564D435A5036436B
:1090A800354E794E795877314757592F59523832BA
:1090B80058544A38480D0A44424A6943546F6B353C
:1090C80044625A36537A614F4E427A645748587709
:1090D80057776D693576673164786E375978724D90
:1090E800396430496A784D3237574E4B733473447C
:1090F80051685A42516B460D0A706A6D6673326345
:1091080062346F506C34593954396D6554782F6C0A
:1091180076646B525945756736314A666E366341D7
:109128002B7148707950596454482B5573684954C9
:109138006E6D70352F5A746B660D0A6D2F5554532A
:109148004C424E464E48657369545A654833314E11
:10915800637859476448536D65394E632F6766696C
:1091680064526130464C4F43665778526C467141A1
:109178004934377A47396A4151435A0D0A375A32C6
:109188006D4347444E4D686A51632B425963646E80
:109198006C306C50586A64444B36563071436731B2
:1091A80064566577685542635735675A4B7A563720
:1091B80065392B447056413D3D0D0A2D2D2D2D2D21
:1091C800454E442043455254494649434154452D50
:1091D8002D2D2D2D0D0A00002D2D2D2D2D4245470D
:1091E800494E2043455254494649434154452D2D43
:1091F8002D2D2D0D0A4D494944687A4343416D2B65
:109208006741774942416749424144414E42676B51
:1092180071686B694739773042415173464144411F
:10922800374D517377435159445651514745774A01
:109238004F544445520D0A4D413847413155454335
:109248006777495547397359584A5455307778479D
:1092580054415842674E5642414D4D45464276620A
:1092680047467955314E4D4946526C6333516751E3
:109278003045774868634E0D0A4D5463774E544124
:10928800304D5459314E7A41785768634E4D6A6370
:10929800774E5441314D5459314E7A4178576A418D
:1092A800374D517377435159445651514745774A81
:1092B8004F544445524D4138470D0A4131554543B5
:1092C8006777495547397359584A5455307778471D
:1092D80054415842674E5642414D4D45464276628A
:1092E80047467955314E4D4946526C633351675163
:1092F800304577676745694D4130470D0A435371DB
:1093080047534962334451454241515541413449DB
:1093180042447741776767454B416F494241514421
:1093280041337A6638463776676C70302F68743602
:10933800574D6E3145705261677A5348780D0A6D02
:1093480064547336737438474667496C4B58736D69
:1093580038574C33786F656D54695A687835377764
:10936800493035337A6864634867483035375A6B13
:109378002B6935636C48467A714D7755716E790D56
:109388000A35304277464D74456F6E494C777556AD
:10939800412B54376C7067367A2B65784B593843B4
:1093A800344B5142306E466337714B55456B4848D4
:1093B800787659505A5039616C346A77716A2B380B
:1093C8006E0D0A594D50476E387536374742397415
:1093D8002B61454D7235502B31676D49674E6231AF
:1093E8004C54562B2F586A6C693577774F517576E0
:1093F80066777537754A42566341304C6E306B63F9
:109408006D6E4C0D0A5237455551494E395A2F53F6
:1094180047396A477238586D6B7372557545766D62
:1094280045462F42696279632B4531697856413048
:10943800686D6E4D336F54445062354C6339756EA8
:1094480038724E73750D0A4B4E462B416B736A6F1B
:109458004258794F47566B43656F4D626F34624689
:10946800364278794C4F6279617670772F4C506824
:10947800356150674149796E706C5962364C564176
:10948800674D424141476A0D0A675A5577675A49FD
:1094980077485159445652304F42425945464C52EA
:1094A80061354B577A33744A5339726E567070551A
:1094B80050367A3638782F332F4D474D474131553E
:1094C80064497752634D4671410D0A464C526135E5
:1094D8004B577A33744A5339726E567070555036FA
:1094E8007A3638782F332F6F542B6B505441374DC1
:1094F800517377435159445651514745774A4F5410
:109508004445524D413847413155450D0A43677727
:10951800495547397359584A545530777847544113
:109528005842674E5642414D4D454642766247463F
:109538007955314E4D4946526C6333516751304726
:10954800434151417744415944565230540D0A42DF
:10955800415577417745422F7A414E42676B716892
:109568006B6947397730424151734641414F434116
:10957800514541484B2F484872545A4D6E6E564DCE
:1095880070646531696F2B766F4174716C376A0D41
:109598000A347352684C726A44376F33544874778C
:1095A8005262446132646943767071305371323368
:1095B8004E67324C4D596F58734F786F4C2F52513C
:1095C8004B33694E37554B7856334D4B50457230B7
:1095D800770D0A5851532B6B4B5171695432627392
:1095E80066726A6E574D56485A74554F4D706D36AF
:1095F800464E716364476D2F52737333764B6461C3
:10960800326C634B6C386B556E712F796C63312BF0
:109618005162420D0A4736413674557651637232AB
:109628005A79576656672B6D4D35586B6854724F8B
:109638004F587573324F4C696B6234577745744A8B
:10964800544A524E4530662B79504F4453557A3020
:109658002F765435370D0A41704830436E42383002
:1096680062594A73685948504848796D4F746C6517
:109678004142384B535974716D3735672F594E6FC6
:10968800626A6E6A4236636D34486B57334F5A527A
:1096980056496C366659590D0A6E32304E5256414B
:1096A80031566A73364741524F72344E7157346B94
:1096B8002F2B4C6F66593979304C4C44452B703000
:1096C8006F49454B584973497668507233397377F7
:1096D8007853413D3D0D0A2D2D2D2D2D454E44200D
:1096E80043455254494649434154452D2D2D2D2D6E
:1096F8000D0A00001B0500002D2D2D2D2D4245477C
:10970800494E2043455254494649434154452D2D1D
:109718002D2D2D0D0A4D494944687A4343416D2B3F
:109728006741774942416749424144414E42676B2C
:1097380071686B69473977304241517346414441FA
:10974800374D517377435159445651514745774ADC
:109758004F544445520D0A4D413847413155454310
:109768006777495547397359584A54553077784778
:1097780054415842674E5642414D4D4546427662E5
:1097880047467955314E4D4946526C6333516751BE
:109798003045774868634E0D0A4D5463774E5441FF
:1097A800304D5459314E7A41785768634E4D6A634B
:1097B800774E5441314D5459314E7A4178576A4168
:1097C800374D517377435159445651514745774A5C
:1097D8004F544445524D4138470D0A413155454390
:1097E8006777495547397359584A545530777847F8
:1097F80054415842674E5642414D4D454642766265
:1098080047467955314E4D4946526C63335167513D
:10981800304577676745694D4130470D0A435371B5
:1098280047534962334451454241515541413449B6
:1098380042447741776767454B416F4942415144FC
:1098480041337A6638463776676C70302F687436DD
:10985800574D6E3145705261677A5348780D0A6DDD
:1098680064547336737438474667496C4B58736D44
:1098780038574C33786F656D54695A68783537773F
:10988800493035337A6864634867483035375A6BEE
:109898002B6935636C48467A714D7755716E790D31
:1098A8000A35304277464D74456F6E494C77755688
:1098B800412B54376C7067367A2B65784B5938438F
:1098C800344B5142306E466337714B55456B4848AF
:1098D800787659505A5039616C346A77716A2B38E6
:1098E8006E0D0A594D50476E3875363747423974F0
:1098F8002B61454D7235502B31676D49674E62318A
:109908004C54562B2F586A6C693577774F517576BA
:1099180066777537754A42566341304C6E306B63D3
:109928006D6E4C0D0A5237455551494E395A2F53D1
:1099380047396A477238586D6B7372557545766D3D
:1099480045462F42696279632B4531697856413023
:10995800686D6E4D336F54445062354C6339756E83
:1099680038724E73750D0A4B4E462B416B736A6FF6
:109978004258794F47566B43656F4D626F34624664
:10998800364278794C4F6279617670772F4C5068FF
:10999800356150674149796E706C5962364C564151
:1099A800674D424141476A0D0A675A5577675A49D8
:1099B80077485159445652304F42425945464C52C5
:1099C80061354B577A33744A5339726E56707055F5
:1099D80050367A3638782F332F4D474D4741315519
:1099E80064497752634D4671410D0A464C526135C0
:1099F8004B577A33744A5339726E567070555036D5
:109A08007A3638782F332F6F542B6B505441374D9B
:109A1800517377435159445651514745774A4F54EA
:109A28004445524D413847413155450D0A43677702
:109A3800495547397359584A5455307778475441EE
:109A48005842674E5642414D4D454642766247461A
:109A58007955314E4D4946526C6333516751304701
:109A6800434151417744415944565230540D0A42BA
:109A7800415577417745422F7A414E42676B71686D
:109A88006B6947397730424151734641414F4341F1
:109A9800514541484B2F484872545A4D6E6E564DA9
:109AA80070646531696F2B766F4174716C376A0D1C
:109AB8000A347352684C726A44376F335448747767
:109AC8005262446132646943767071305371323343
:109AD8004E67324C4D596F58734F786F4C2F525117
:109AE8004B33694E37554B7856334D4B5045723092
:109AF800770D0A5851532B6B4B517169543262736D
:109B080066726A6E574D56485A74554F4D706D3689
:109B1800464E716364476D2F52737333764B64619D
:109B2800326C634B6C386B556E712F796C63312BCB
:109B38005162420D0A473641367455765163723286
:109B48005A79576656672B6D4D35586B6854724F66
:109B58004F587573324F4C696B6234577745744A66
:109B6800544A524E4530662B79504F4453557A30FB
:109B78002F765435370D0A41704830436E423830DD
:109B880062594A73685948504848796D4F746C65F2
:109B98004142384B535974716D3735672F594E6FA1
:109BA800626A6E6A4236636D34486B57334F5A5255
:109BB80056496C366659590D0A6E32304E52564126
:109BC80031566A73364741524F72344E7157346B6F
:109BD8002F2B4C6F66593979304C4C44452B7030DB
:109BE8006F49454B584973497668507233397377D2
:109BF8007853413D3D0D0A2D2D2D2D2D454E4420E8
:109C080043455254494649434154452D2D2D2D2D48
:109C18000D0A0000E90000002D2D2D2D2D4245478D
:109C2800494E2045432050524956415445204B4502
:109C3800592D2D2D2D2D0D0A4D4863434151454574
:109C480049506233686D54785A332F6D5A493376C8
:109C5800796B37703355337742662B57496F7036B7
:109C68006844686B467A4A686D4C63716F416F4708
:109C780043437147534D34390D0A417745486F5571
:109C8800514451674145562B5775735850663036C5
:109C980079376B3769422F784B7537755A54724D3F
:109CA8003556552F59304473777534324D6C4339D6
:109CB8002B5934764E63594461570D0A774E5559DE
:109CC8004648446C66352F565330555935624273B1
:109CD80031567A346C6F2B48634B506B78773D3D27
:109CE8000D0A2D2D2D2D2D454E4420454320505233
:109CF8004956415445204B45592D2D2D2D2D0D0AE2
:109D0800000000003D0300002D2D2D2D2D4245475C
:109D1800494E2043455254494649434154452D2D07
:109D28002D2D2D0D0A4D4949434C44434341624B67
:109D38006741774942416749424454414B4267670A
:109D480071686B6A4F50515144416A412B4D5173B0
:109D580077435159445651514745774A4F544445E2
:109D6800524D4138470D0A4131554543684D4955D3
:109D780047397359584A54553077784844416142B5
:109D8800674E5642414D54453142766247467963A3
:109D9800334E734946526C6333516752554D675180
:109DA8003045774868634E0D0A4D544D774F5449F6
:109DB800304D5455314D6A41305768634E4D6A4DA8
:109DC800774F5449794D5455314D6A4130576A425D
:109DD800424D517377435159445651514745774A3B
:109DE8004F544445524D4138470D0A41315545437A
:109DF800684D495547397359584A5455307778480A
:109E08007A416442674E5642414D54466C427662EE
:109E180047467955314E4D4946526C633351675127
:109E28003278705A573530494449770D0A575441AA
:109E38005442676371686B6A4F5051494242676781
:109E480071686B6A4F50514D4242774E43414152BF
:109E5800583561367863392F54724C7554754948B2
:109E68002F45713775356C4F737A6C56540D0A3916
:109E78006A514F7A43376A5979554C33356A69388C
:109E88003178674E70624131526755634F562F6E75
:109E980039564C52526A6C73477A56585069576A09
:109EA8003464776F2B54486F3447644D4947610DCC
:109EB8000A4D416B4741315564457751434D414106
:109EC80077485159445652304F4242594546486F97
:109ED8004158345A6B2F4F4264355245514F374CD5
:109EE8006D4F38516D50382F694D473447413155C2
:109EF800640D0A4977526E4D475741464A317449B5
:109F080043524A41543872793369314762782B4A4F
:109F18004D6E622B7A5A386F554B6B5144412B4D1D
:109F2800517377435159445651514745774A4F54D5
:109F38004445520D0A4D4138474131554543684D16
:109F4800495547397359584A5455307778484441E8
:109F58006142674E5642414D54453142766247460A
:109F68007963334E734946526C6333516752554D8A
:109F780067513047430D0A43514442512B4A2B59EC
:109F88006B504D3644414B42676771686B6A4F505E
:109F980051514441674E6F4144426C416A424B5AA9
:109FA80051313749494F696D626D6F442F794E378A
:109FB8006F38397533424D0D0A6C674F736A6E6896
:109FC800773366494F6F4C49577932574F47736B10
:109FD8002F4C47462B2B447A7672527A754E69413C
:109FE800434D5143643869656D315853344A4B3792
:109FF80068616A38786F6370550D0A4C776A516AE0
:10A00800653550444748666433683974503338516D
:10A018006B6E7535624A717773306D64324B4F4B96
:10A028004879655630553D0D0A2D2D2D2D2D454E5F
:10A03800442043455254494649434154452D2D2D0A
:10A048002D2D0D0A00000000E90000002D2D2D2DFA
:10A058002D424547494E20454320505249564154C8
:10A0680045204B45592D2D2D2D2D0D0A4D48634367
:10A07800415145454950457145794232416E436FDA
:10A08800504C2F39552F59444876647158596249B4
:10A098006F67547977777970362F55664477366EBF
:10A0A8006F416F4743437147534D34390D0A417728
:10A0B80045486F555144516741454E387857325895
:10A0C800594A486C70795073645A4C66386762759F
:10A0D80035382B516152644E4374464C58336143B2
:10A0E8004A5A59704A4F355144594978482F0D0AF0
:10A0F80036692F534E4631644672324B694D4A7267
:10A10800647731567A596F7144766F42794C54743A
:10A118002F773D3D0D0A2D2D2D2D2D454E442045E3
:10A12800432050524956415445204B45592D2D2D19
:10A138002D2D0D0A000000002D0300002D2D2D2DC2
:10A148002D424547494E20434552544946494341CB
:10A1580054452D2D2D2D2D0D0A4D494943487A433F
:10A1680043416157674177494241674942435441F6
:10A178004B42676771686B6A4F50515144416A415D
:10A188002B4D517377435159445651514745774A9E
:10A198004F544445524D4138470D0A4131554543C6
:10A1A800684D495547397359584A54553077784856
:10A1B80044416142674E5642414D544531427662B0
:10A1C80047467963334E734946526C63335167523D
:10A1D800554D67513045774868634E0D0A4D544DCB
:10A1E800774F5449304D5455314D6A413057686363
:10A1F8004E4D6A4D774F5449794D5455314D6A410A
:10A2080030576A41304D5173774351594456515133
:10A218004745774A4F544445524D4138470D0A4106
:10A2280031554543684D495547397359584A54552E
:10A23800307778456A415142674E5642414D544302
:10A24800577876593246736147397A6444425A4D91
:10A25800424D4742797147534D3439416745470D5F
:10A268000A43437147534D34394177454841304992
:10A27800414244664D56746C3243523561636A37C5
:10A28800485753332F4947377566506B476B5854B7
:10A2980051725253313932676957574B5354755578
:10A2A800410D0A32434D522F2B6F76306A52645853
:10A2B800526139696F6A436133634E5663324B4B5F
:10A2C8006737364163693037662B6A675A30776774
:10A2D8005A6F774351594456523054424149774155
:10A2E8004441640D0A42674E564851344546675109
:10A2F800555547476C6A3951483264654341517A2C
:10A308006C5A582B4D5930616E453734776267590E
:10A31800445652306A424763775A5941556E57300E
:10A32800674A456B420D0A5079764C654C555A760A
:10A3380048346B796476374E6E7968517152414D65
:10A34800443478437A414A42674E5642415954410F
:10A358006B354D4D524577447759445651514B45CD
:10A36800776851623278680D0A636C4E54544445DC
:10A37800634D426F474131554541784D54554739F2
:10A388007359584A7A633277675647567A64434214
:10A3980046517942445159494A414D4644346E35F3
:10A3A8006951387A6F4D416F470D0A4343714753DE
:10A3B8004D343942414D43413267414D4755434D34
:10A3C8005143614C467A58707475693557514E3807
:10A3D8004C6C4F3364646831684D787836747A67AA
:10A3E8004C765430334D54564B32530D0A43313268
:10A3F80072304C7A3372692F6D6F5345704E5A57CD
:10A4080071506A6B434D434532663533475863593B
:10A418004C717966794A52303738632F784E5355E4
:10A4280055352B58786C37565A343134560D0A66E0
:10A438004761356B48764841524250633859414923
:10A448005649714476484831513D3D0D0A2D2D2D10
:10A458002D2D454E442043455254494649434154C5
:10A46800452D2D2D2D2D0D0A000000000C0000009B
:10A47800506F6C617253534C546573740000000044
:10A488006A0100002D2D2D2D2D424547494E2045AE
:10A49800432050524956415445204B45592D2D2DA6
:10A4A8002D2D0D0A50726F632D547970653A203442
:10A4B8002C454E435259505445440D0A44454B2DA2
:10A4C800496E666F3A204445532D454445332D4324
:10A4D80042432C33303745414234363939333344DB
:10A4E8003634450D0A0D0A49786272526D4B634144
:10A4F8007A63744A71506454514C413453577942C9
:10A50800595947594A566B59456E612B4637506120
:10A5180035743559672F674B414472464B636D3626
:10A52800423732653744470D0A69684578745A4995
:10A5380036343873307A6459773671534A373476FB
:10A548007250537557446535716D3933427173666E
:10A55800564839737674437A57485730706D31705E
:10A56800304B544243466655710D0A55737557541E
:10A578004954774A496D636E6C4173316761525A29
:10A58800337341576D37634F5569644C30666F328A
:10A598004730665955464E63596F43534C66664378
:10A5A800465445484275506E6167620D0A613737F7
:10A5B800782F735931427669693853392F5868446E
:10A5C80054623670544D783036777A726D0D0A2D94
:10A5D8002D2D2D2D454E442045432050524956419E
:10A5E8005445204B45592D2D2D2D2D0D0A000000C9
:10A5F800730300002D2D2D2D2D424547494E204334
:10A60800455254494649434154452D2D2D2D2D0D74
:10A618000A4D494943556A4343416465674177494F
:10A62800424167494A414D4644346E356951387A4A
:10A638006F4D416F4743437147534D343942414D44
:10A64800434D443478437A414A42674E5642415911
:10A65800540D0A416B354D4D524577447759445650
:10A6680051514B4577685162327868636C4E545447
:10A678004445634D426F474131554541784D5455E6
:10A6880047397359584A7A633277675647567A6416
:10A698004342460D0A517942445154416546773048
:10A6A800784D7A41354D6A51784E5451354E44684B
:10A6B80061467730794D7A41354D6A49784E545123
:10A6C800354E4468614D443478437A414A42674E76
:10A6D80056424159540D0A416B354D4D5245774408
:10A6E8007759445651514B457768516232786863BF
:10A6F8006C4E54544445634D426F47413155454172
:10A70800784D545547397359584A7A6332776756A2
:10A7180047567A644342460D0A517942445154429D
:10A72800324D42414742797147534D34394167456B
:10A7380047425375424241416941324941424D5075
:10A74800614B7A52424E3167766831622B2F496DE0
:10A75800364B554E4C547542750D0A77773558551A
:10A768007A4D35574E5253744A47564F51736A3390
:10A778003138584A474A492F4271564B6334734C13
:10A7880059664369464B4172395A71717948647503
:10A798004E4D63626C6934797569790D0A61593770
:10A7A8007A5161307077375266646164486239550E
:10A7B8005A4B5656706D6C4D37494C526D466D412B
:10A7C8007A48714F426F4443426E54416442674E27
:10A7D8005648513445466751556E5730670D0A4AF9
:10A7E800456B425079764C654C555A7648346B79AE
:10A7F8006476374E6E7777626759445652306A42AC
:10A808004763775A5941556E5730674A456B4250EE
:10A8180079764C654C555A7648346B796476370DA1
:10A828000A4E6E7968517152414D443478437A41E9
:10A838004A42674E5642415954416B354D4D524537
:10A8480077447759445651514B457768516232786D
:10A8580068636C4E54544445634D426F47413155CB
:10A86800450D0A41784D545547397359584A7A630A
:10A878003277675647567A64434246517942445183
:10A8880059494A414D4644346E356951387A6F4DBD
:10A8980041774741315564457751464D414D4241D5
:10A8A8006638770D0A436759494B6F5A497A6A30B7
:10A8B8004541774944615141775A674978414D4F3D
:10A8C80030596E4E574B4A5541665867534A744A39
:10A8D8007865786E346970672B6B76347A6E75524A
:10A8E80035307635360D0A7434643050437534315A
:10A8F800326D5543364E6E6437697A767445324DFB
:10A908006749784150316E6E4A516A5A38425775D4
:10A918006B737A465144473438777843437963698F
:10A9280039717064534D760D0A75436A6E387077C5
:10A93800554F6B4142584B384D73733930667A43E3
:10A948006643454F7449413D3D0D0A2D2D2D2D2D52
:10A95800454E442043455254494649434154452DA8
:10A968002D2D2D2D0D0A00000200000064B002609C
:10A978000300000048B00260040000002CB0026030
:10A988000500000010B0026006000000F4AF02608D
:10A9980007000000D8AF026008000000BCAF0260EA
:10A9A80009000000A0AF02600A00000084AF026046
:10A9B8000B00000068AF02600C0000004CAF0260A2
:10A9C8000D00000030AF02600E000000F0AE026023
:10A9D8000F000000D4AE026010000000B8AE0260A4
:10A9E8002B00000078AE02602C0000005CAE026014
:10A9F8002D00000040AE02601100000000AE0260B1
:10AA080012000000E4AD026013000000C8AD02604F
:10AA180014000000ACAD02601500000090AD0260AB
:10AA28001600000074AD02601700000058AD026007
:10AA3800180000003CAD02601900000020AD026063
:10AA48001A00000004AD02601B000000E8AC0260C0
:10AA58001C000000CCAC02601D0000008CAC026041
:10AA68001E00000070AC02601F00000054AC0260C1
:10AA78002E00000014AC02602F000000F8AB02604A
:10AA880030000000DCAB0260200000009CAB0260DC
:10AA98002200000040AB026024000000E4AA02602B
:10AAA8002100000080AB02602300000024AB02609C
:10AAB80025000000C8AA0260000000000000000095
:10AAC80025020000C0000000101D00200800000042
:10AAD800000000000800000000AB02602401000034
:10AAE800C0000000201D0020080000000000000039
:10AAF8000800000000AB026004000000F580006060
:10AB08000981006000000000000000002981006049
:10AB180025810060A58100602D810060230200006E
:10AB280080000000301D0020080000000000000028
:10AB3800080000005CAB02602201000080000000F9
:10AB48003C1D002008000000000000000800000074
:10AB58005CAB026003000000F580006009810060C2
:10AB68000000000000000000218100601D810060DD
:10AB7800A58100602D8100602102000040000000D6
:10AB880070230020080000000000000008000000FA
:10AB9800B8AB02602001000040000000481D002002
:10ABA800080000000000000008000000B8AB0260C8
:10ABB80003000000ED800060FD80006000000000E0
:10ABC800000000001981006015810060BD810060EF
:10ABD800418100603008000000010000501D002085
:10ABE8000C000000010000001000000030AC026002
:10ABF8002F080000C0000000641D00200C000000A9
:10AC0800010000001000000030AC02602E080000B7
:10AC180080000000781D00200C00000001000000EA
:10AC28001000000030AC02600500000000000000C9
:10AC3800000000000000000000000000E18000604B
:10AC4800E1800060D5810060558100601F0600002A
:10AC5800000100008C1D00200C0000000100000015
:10AC680010000000A8AC02601E060000C000000032
:10AC7800A01D00200C0000000100000010000000D2
:10AC8800A8AC02601D06000080000000B41D002072
:10AC98000C0000000100000010000000A8AC0260D9
:10ACA8000500000000000000000000000000000097
:10ACB80000000000D5800060D5800060ED81006054
:10ACC800698100601C05000000010000C81D00200B
:10ACD8001000000000000000100000001CAE026020
:10ACE8001B050000C0000000DC1D00201000000053
:10ACF80000000000100000001CAE02601A050000F1
:10AD080080000000F01D002010000000000000007E
:10AD1800100000001CAE02601903000000010000D2
:10AD2800041E0020100000000000000010000000B9
:10AD38001CAE026018030000C0000000181E0020AE
:10AD48001000000000000000100000001CAE0260AF
:10AD580017030000800000002C1E002010000000D7
:10AD680000000000100000001CAE02601602000087
:10AD780000010000401E002010000000000000003C
:10AD8800100000001CAE026015020000C0000000A8
:10AD9800541E0020100000000000000010000000F9
:10ADA8001CAE02601402000080000000681E002033
:10ADB8001000000000000000100000001CAE02603F
:10ADC80013010000000100007C1E0020100000009C
:10ADD80000000000100000001CAE0260120100001C
:10ADE800C0000000901E00201000000000000000BD
:10ADF800100000001CAE026011010000800000007D
:10AE0800A41E002010000000000000001000000038
:10AE18001CAE026005000000AD800060B1800060DB
:10AE2800BD800060C5800060D1800060CD8000607A
:10AE3800058200607D8100602D080000000100008F
:10AE4800B81E00200C0000000100000010000000E7
:10AE580094AE02602C080000C0000000C41E002050
:10AE68000C000000010000001000000094AE026019
:10AE78002B08000080000000D01E00200C000000FD
:10AE8800010000001000000094AE02600200000003
:10AE980000000000000000000000000000000000AA
:10AEA800A1800060A1800060D581006055810060AC
:10AEB8001006000000010000DC1E00200C0000004D
:10AEC80001000000100000000CAF02600F06000037
:10AED800C0000000E81E00200C0000000100000077
:10AEE800100000000CAF02600E0600008000000099
:10AEF800F41E00200C0000000100000010000000FB
:10AF08000CAF02600200000000000000000000001A
:10AF1800000000000000000095800060958000603F
:10AF2800ED810060698100600D05000000010000EE
:10AF3800001F0020100000000000000010000000AA
:10AF480080B002600C050000C00000000C1F00204B
:10AF580010000000000000001000000080B0026037
:10AF68000B05000080000000181F002010000000E2
:10AF7800000000001000000080B002600A0300001A
:10AF880000010000241F0020100000000000000045
:10AF98001000000080B0026009030000C00000003B
:10AFA800341F002010000000000000001000000006
:10AFB80080B002600803000080000000441F0020E9
:10AFC80010000000000000001000000080B00260C7
:10AFD8000702000000010000541F002010000000BC
:10AFE800000000001000000080B0026006020000AF
:10AFF800C0000000601F00201000000000000000DA
:10B008001000000080B0026005020000800000000F
:10B018006C1F00201000000000000000100000005D
:10B0280080B002600401000000010000781F0020C9
:10B0380010000000000000001000000080B0026056
:10B0480003010000C0000000841F00201000000061
:10B05800000000001000000080B002600201000043
:10B0680080000000901F0020100000000000000079
:10B078001000000080B00260020000006D800060D7
:10B08800718000607D800060858000609180006034
:10B098008D8000601D8200609181006001020407BC
:10B0A800080B0D0E10131516191A1C1F2023252620
:10B0B800292A2C2F31323437383B3D3E4043454610
:10B0C800494A4C4F51525457585B5D5E6162646700
:10B0D800686B6D6E70737576797A7C7F80838586F0
:10B0E800898A8C8F91929497989B9D9EA1A2A4A7E0
:10B0F800A8ABADAEB0B3B5B6B9BABCBFC1C2C4C7D0
:10B10800C8CBCDCED0D3D5D6D9DADCDFE0E3E5E6BF
:10B11800E9EAECEFF1F2F4F7F8FBFDFE01010101B9
:10B1280001010101FEFEFEFEFEFEFEFE1F1F1F1FA7
:10B138000E0E0E0EE0E0E0E0F1F1F1F1011F011F4B
:10B14800010E010E1F011F010E010E0101E001E0B9
:10B1580001F101F1E001E001F101F10101FE01FE5F
:10B1680001FE01FEFE01FE01FE01FE011FE01FE0DF
:10B178000EF10EF1E01FE01FF10EF10E1FFE1FFE93
:10B188000EFE0EFEFE1FFE1FFE0EFE0EE0FEE0FE91
:10B19800F1FEF1FEFEE0FEE0FEF1FEF140100010CF
:10B1A800001000000000040040100410000000100F
:10B1B8004010001040000000000000104000040093
:10B1C80000000410401004100010040000100410C7
:10B1D80040100400001000004000000000000410AF
:10B1E8004000001000100010401000000010040083
:10B1F800400004004000041000100410401000003B
:10B208000000000000000000400004104000001092
:10B21800001000104010040000000400401004005A
:10B22800000004000010041000100000400000009E
:10B23800400004100010000040100400001000102E
:10B2480040000000400000100000041040000410FE
:10B258000000001000000400401000100000000072
:10B2680040100410400004004000001000000410CA
:10B2780000100010401000100000000040100410E2
:10B2880000100400001004004010000040100000EE
:10B29800400004000000001000100410000020000E
:10B2A800020020040208000400000000000800005A
:10B2B80002080004020820000008200402082004F4
:10B2C800000020000000000002000004020000004E
:10B2D8000000000402002004020800000008000426
:10B2E80002082000020020000008000402000004F8
:10B2F80000002004000820040200200000002004B0
:10B3080000080000020800000208200400082000CD
:10B3180002000000000000040008200000000004F3
:10B3280000082000000020000208000402080004B1
:10B338000200200402002004020000000200200095
:10B348000000000400080004000020000008200499
:10B35800020800000208200000082004020800007B
:10B368000200000402082004000020040008200055
:10B378000000000002000000020820040000000095
:10B388000208200000002004000800000200000459
:10B39800000800040008000002002000100000203F
:10B3A80000004020004000001040402000004020E5
:10B3B8001000000010404020000040000040002025
:10B3C8001040400000004000100000201000400025
:10B3D8000040002000000020104000000000000095
:10B3E80010004000104000200040000000404000D5
:10B3F80010400020100000001000402010004020E5
:10B4080000000000104040000040402010400000B4
:10B418000040400000404020000000200040002084
:10B428001000000010004020004040001040402064
:10B438000000400010400000100000200000400004
:10B4480000400020000000201040000010000020F4
:10B4580010404020004040000000402010404000C4
:10B4680000404020000000001000402010000000B4
:10B478000040000000004020104040000040000054
:10B488001000400010400020000000000040402054
:10B498000000002010004000104000200120800023
:10B4A80081200000812000008000000080208000B2
:10B4B80081008000010080000120000000000000E1
:10B4C8000020800000208000812080008100000092
:10B4D80000000000800080000100800001000000E2
:10B4E8000020000000008000012080008000000093
:10B4F8000000800001200000802000008100800002
:10B508000100000080200000800080000020000072
:10B518008020800081208000810000008000800061
:10B528000100800000208000812080008100000050
:10B5380000000000000000000020800080200000C3
:10B548008000800081008000010000000120800050
:10B558008120000081200000800000008120800000
:10B5680081000000010000000020000001008000B0
:10B578000120000080208000810080000120000060
:10B588008020000000008000012080008000000072
:10B5980000008000002000008020800020801080B3
:10B5A8000080008000800000208010000000100053
:10B5B80020000000200010802080008020000080F3
:10B5C80020801080008010800000008000800080B3
:10B5D80000001000200000002000108000801000F3
:10B5E8002000100020800080000000000000008083
:10B5F8000080000020801000000010802000100053
:10B608002000008000000000008010002080000062
:10B6180000801080000010802080000000000000E2
:10B628002080100020001080000010002080008082
:10B638000000108000801080008000000000108052
:10B6480000800080200000002080108020801000F2
:10B658002000000000800000000000802080000022
:10B6680000801080000010002000008020001000E2
:10B678002080008020000080200010000080100042
:10B688000000000000800080208000000000008092
:10B698002000108020801080008010000001000031
:10B6A8000001080200000802000100420000080032
:10B6B80000010000000000400000080200010840EE
:10B6C80000000800000100020001084000010042DB
:10B6D80000000842000108000000004000000002CD
:10B6E8000000084000000840000000000001004081
:10B6F800000108420001084200010002000008425F
:10B7080000010040000000000000004200010802A3
:10B7180000000002000000420001080000000800CC
:10B72800000100420001000000000002000000408B
:10B738000000080200010042000108400001000268
:10B748000000004000000842000108020001084013
:10B758000001000000000002000008420001084249
:10B768000001080000000042000108420000080231
:10B77800000000000000084000000042000108002E
:10B788000001000200010040000008000000000065
:10B798000000084000010802000100400802000003
:10B7A8000002020800000000080002080002000869
:10B7B8000000000008020200000200080800020061
:10B7C800080000080800000800000200080202083B
:10B7D800080002000000020808020000000000083B
:10B7E8000800000000020208000200000002020037
:10B7F8000000020808000208080202000802000807
:10B808000002020000000200080200080800000010
:10B8180008020208000200000000000800020208F6
:10B8280000000008080002000802000000000200F2
:10B8380000020208000200080000000000020000E8
:10B8480008000200080202080002000808000008B8
:10B8580000020000000000000800020808020008BA
:10B8680000000200000000080802020808000000AA
:10B878000802020000020200080000080000020896
:10B88800080200080802000000000208080202007E
:10B89800080000000800020800020200000401017C
:10B8A800000000000000010004040101040001017F
:10B8B800040401000400000000000100000400006E
:10B8C8000004010104040101000400000404000153
:10B8D800040001010000000104000000040400004D
:10B8E800000400010004000100040100000401003C
:10B8F800000001010000010104040001040001002E
:10B908000400000104000001040001000000000020
:10B91800040400000404010000000001000001000C
:10B9280004040101040000000000010100040101F9
:10B9380000000001000000010004000004000101F3
:10B9480000000100000401000400000100040000E0
:10B9580004000000040400010404010004040101BF
:10B9680004000100000001010404000104000001BA
:10B9780004040000040401000004010104040000A0
:10B9880000040001000400010000000004000100A0
:10B998000004010000000000040001010000000094
:10B9A800010000000001000001010000000001008A
:10B9B8000100010000010100010101000000000177
:10B9C8000100000100010001010100010000010166
:10B9D8000100010100010101010101010000000055
:10B9E800000000010000010000000101000100004A
:10B9F8000001000100010100000101010100000037
:10BA08000100000101000100010001010101000025
:10BA18000101000101010100010101014E6F7720C0
:10BA2800697320740123456789ABCDEF2345678986
:10BA3800ABCDEF01456789ABCDEF0123CDD64F2FB5
:10BA48009427C15D6996C8FA47A2ABEB832539767E
:10BA580044091A0A6A2A19F41ECA854B03E69F5B31
:10BA6800FA58EB42DD17E8B8B437D23212345678B8
:10BA780090ABCDEF54F15AF6EBE3A4B435761156FA
:10BA88005FA18E4DCB191F85D1ED8439129F40B926
:10BA9800D20056B3470EFC9A6B8EE393C5CECF63A4
:10BAA800ECEC514C2D2D2D2D2D424547494E20446F
:10BAB8004820504152414D45544552532D2D2D2D6E
:10BAC8002D0D0A4D494748416F4742414A343139A3
:10BAD8004442454F676D51547A6F3571586C3566DD
:10BAE80051634E39544E343535776B4F4C373035BA
:10BAF80032487A787852564D7968596D775163672C
:10BB08004A76680D0A317361313866796652394F61
:10BB18006956454D59676C4F706B71566F474C4E5F
:10BB28003771643561514E4E693557372F432B565F
:10BB380042644854424A63475A4A797950354233F5
:10BB480071637A33320D0A396D4C4A4B75646C5601
:10BB58007564563051786B3571554A61505A2F7853
:10BB680075707A304E796F567076697569424F49AB
:10BB780031674E69386F765358577A416745430D98
:10BB88000A2D2D2D2D2D454E44204448205041523C
:10BB9800414D45544552532D2D2D2D2D0D0A000094
:10BBA8000400180080010000202000200300170076
:10BBB80000010000DC21002002001500E000000068
:10BBC800E821002001001300C0000000F42100203B
:10BBD800000000000000000000000000FFFFFFFF61
:10BBE800FFFFFFFFFEFFFFFFFFFFFFFFFFFFFFFF5E
:10BBF800FFFFFFFFB1B946C1ECDEB8FE4930247241
:10BC0800ABE9A70FE7809CE5190521643128D2B478
:10BC1800B1C96B1436F8DE99FFFFFFFFFFFFFFFF86
:10BC2800FFFFFFFF1210FF82FD0AFFF40088A14307
:10BC3800EB20BF7CF69030B00EA88D181148791E05
:10BC4800A177F973D5CD246BED11106378DAC8FFAD
:10BC5800952B1907010000000000000000000000FB
:10BC6800FFFFFFFFFFFFFFFFFFFFFFFFFFFFFFFFDC
:10BC780000000000B4FF552343390B27BAD8BFD7BB
:10BC8800B7B04450563241F5ABB3040C850A05B43D
:10BC98003D2A5C5C4529DD133EF0B8E0A216FFFFA3
:10BCA800FFFFFFFFFFFFFFFFFFFFFFFF211D5C11ED
:10BCB800D68032342211C256D3C1034AB990133206
:10BCC8007FBFB46BBD0C0EB7347E00859981D54417
:10BCD8006447075AA07543CDE6DF224CFB23F7B52E
:10BCE800886337BDFFFFFFFFFFFFFFFFFFFFFFFF79
:10BCF800000000000000000000000000010000003B
:10BD0800FFFFFFFF4B60D2273E3CCE3BF6B053CC43
:10BD1800B0061D65BC86987655BDEBB3E7933AAA85
:10BD2800D835C65A512563FCC2CAB9F3849E17A7F1
:10BD3800ADFAE6BCFFFFFFFFFFFFFFFF00000000BA
:10BD4800FFFFFFFF96C298D84539A1F4A033EB2D29
:10BD5800817D0377F240A463E5E6BCF847422CE115
:10BD6800F2D1176BF551BF376840B6CBCE5E316B59
:10BD78005733CE2B169E0F7C4AEBE78E9B7F1AFE1D
:10BD8800E242E34FFFFFFFFF000000000000000059
:10BD9800FFFFFFFFFEFFFFFFFFFFFFFFFFFFFFFFAC
:10BDA800FFFFFFFFFFFFFFFFFFFFFFFFFFFFFFFF9B
:10BDB800FFFFFFFFEF2AECD3EDC8852A9DD12E8A1D
:10BDC8008D3956C65A8713508F081403124181FEC5
:10BDD8006E9C1D18192DF8E36B058E98E4E73EE27A
:10BDE800A72F31B37329C5CC6A19ECEC7AA7B048F0
:10BDF800B20D1A58DF2D37F4814D63C7FFFFFFFFDF
:10BE0800FFFFFFFFFFFFFFFFFFFFFFFFFFFFFFFF3A
:10BE1800FFFFFFFFB70A7672385E543A6C2955BFA8
:10BE28005DF20255382A5482E041F759989BA78B56
:10BE3800623B1D6E74AD20F31EC7B18E37058BBEF5
:10BE480022CA87AA5F0EEA907C1D437A9D817E1DD7
:10BE5800CEB1600AC0B8F0B51331DAE97C149A287B
:10BE6800BD1DF4F829DC9292BF989E5D6F2C269632
:10BE78004ADE173600000000000000000000000045
:10BE8800201C0000000000004038000000000000F6
:10BE98006024000000000000807000000000000026
:10BEA800A06C000000000000C04800000000000076
:10BEB800E05400000000000000E100000000000065
:10BEC80020FD00000000000040D900000000000034
:10BED80060C5000000000000809100000000000024
:10BEE800A08D000000000000C0A9000000000000B4
:10BEF800E0B500000000000058E2FCCEFA7E306198
:10BF0800367F1D57A4E7455AAB6E47D42CEC13BDBA
:10BF1800F53A67B21257BDDF4D5C2AF327CD64A608
:10BF28002CF35ABD2BA6FAB45BC94FBC3221A5DB52
:10BF380094FAE95AE7121A473612D2E79E3B078568
:10BF4800561BE14AACA2FCCB619CC5AEFFFE0BFAC6
:10BF5800462AF43C1699D050CD33B28AC773F74BB2
:10BF6800A00ED1F3125724352FF58D80033927AB56
:10BF78008EF4D4587514F0FB9924A7C8587336BFAB
:10BF8800B118024DB8674A142519498E80F1478FB8
:10BF980037BA55BD6D27618C65DCC57FCF623A2401
:10BFA800094FCCA40D3533F8DCF566FF291C25BBF9
:10BFB800B8568FC3D376A6D9530F8AFBC74536B96F
:10BFC800A963B4F1C4CB738BD0D1C8A799996BF08E
:10BFD800265B98B5D48AB919B094DAC5D93471BD3D
:10BFE800EC1A502270E3CC6C76FC6ECE0F4E1768BC
:10BFF800CDDF8853BB2D551B3A337DBF46A792C46E
:10C008005E454913FE2EA8F2A44A8266EE1C8EB045
:10C01800C8B5D4CF5AE9F19A00000000000000002A
:10C028000000000000000000000000000000000008
:10C0380000000000000000000000000000000000F8
:10C0480000000000000000000000000000000000E8
:10C0580000000000000000000388DACE60B6A3925A
:10C06800F328C2B971B2FE78000000000000000099
:10C0780000000000000000000000000000000000B8
:10C0880000000000000000000000000000000000A8
:10C09800000000000000000042831EC221777424C3
:10C0A8004B7221B784D0D49CE3AA212F2C02A4E0A0
:10C0B80035C17E2329ACA12E21D514B25466931C18
:10C0C8007D8F6A5AAC84AA051BA30B396A0AAC9700
:10C0D8003D58E091473F598542831EC22177742419
:10C0E8004B7221B784D0D49CE3AA212F2C02A4E060
:10C0F80035C17E2329ACA12E21D514B25466931CD8
:10C108007D8F6A5AAC84AA051BA30B396A0AAC97BF
:10C118003D58E0910000000061353B4C2806934AE9
:10C12800777FF51FA22A4755699B2A714FCDC6F81C
:10C138003766E5F97B6C742373806900E49F24B249
:10C148002B097544D4896B424989B5E1EBAC0F07DB
:10C15800C23F4598000000008CE24998625615B627
:10C1680003A033ACA13FB894BE9112A5C3A211A8F5
:10C17800BA262A3CCA7E2CA701E4A9A4FBA43C90B9
:10C18800CCDCB281D48C7C6FD62875D2ACA41703D2
:10C198004C34AEE500000000000000000000000084
:10C1A8000000000000000000000000000000000087
:10C1B8000000000000000000000000000000000077
:10C1C8000000000000000000000000000000000067
:10C1D800000000000000000098E7247C07F0FE4102
:10C1E8001C267E4384B0F60000000000000000001A
:10C1F8000000000000000000000000000000000037
:10C208000000000000000000000000000000000026
:10C2180000000000000000003980CA0B3C00E84123
:10C22800EB06FAC4872A2757859E1CEAA6EFD9840D
:10C23800628593B40CA1E19C7D773D00C144C5257E
:10C24800AC619D18C84A3F4718E2448B2FE324D9B4
:10C25800CCDA2710ACADE2563980CA0B3C00E84175
:10C26800EB06FAC4872A2757859E1CEAA6EFD984CD
:10C27800628593B40CA1E19C7D773D00C144C5253E
:10C28800AC619D18C84A3F4718E2448B2FE324D974
:10C29800CCDA2710000000000F10F599AE14A15455
:10C2A800ED24B36E25324DB8C566632EF2BBB34F8D
:10C2B8008347280FC4507057FDDC29DF9A471F7544
:10C2C800C66541D4D4DAD1C9E93A19A58E8B473F5E
:10C2D800A0F062F700000000D27E88681CE3243CCE
:10C2E8004830165A8FDCF9FF1DE9A1D8E6B447EFAC
:10C2F8006EF7B79828666E4581E79012AF34DDD99E
:10C30800E2F037589B292DB3E67C036745FA22E70C
:10C31800E9B7373B00000000000000000000000003
:10C328000000000000000000000000000000000005
:10C3380000000000000000000000000000000000F5
:10C3480000000000000000000000000000000000E5
:10C358000000000000000000CEA7403D4D606B6E5D
:10C36800074EC5D3BAF39D18000000000000000076
:10C3780000000000000000000000000000000000B5
:10C3880000000000000000000000000000000000A5
:10C398000000000000000000522DC1F099567D07F2
:10C3A800F47F37A32A84427D643A8CDCBFE5C0C998
:10C3B8007598A2BD2555D1AA8CB08E48590DBB3DA4
:10C3C800A7B08B1056828838C5F61E6393BA7A0ACE
:10C3D800BCC9F662898015AD522DC1F099567D070A
:10C3E800F47F37A32A84427D643A8CDCBFE5C0C958
:10C3F8007598A2BD2555D1AA8CB08E48590DBB3D64
:10C40800A7B08B1056828838C5F61E6393BA7A0A8D
:10C41800BCC9F66200000000C3762DF1CA787D32EF
:10C42800AE47C13BF19844CBAF1AE14D0B976AFA7E
:10C43800C52FF7D79BBA9DE0FEB582D33934A4F057
:10C44800954CC2363BC73F7862AC430E64ABE49967
:10C45800F47C9B1F000000005A8DEF2F0C9E53F1B7
:10C46800F75D7853659E2A20EEB2B22AAFDE6419D2
:10C47800A058AB4F6F746BF40FC0C3B780F244453C
:10C488002DA3EBF1C5D82CDEA2418997200EF82EFA
:10C4980044AE7E3F000000000000000000000000E5
:10C4A8000000000000000000000000000000000084
:10C4B8000000000000000000FEFFE9928665731C82
:10C4C8006D6A8F9467308308FEFFE9928665731C56
:10C4D8006D6A8F9467308308000000000000000038
:10C4E8000000000000000000000000000000000044
:10C4F8000000000000000000000000000000000034
:10C508000000000000000000000000000000000023
:10C518000000000000000000000000000000000013
:10C528000000000000000000000000000000000003
:10C5380000000000000000000000000000000000F3
:10C5480000000000000000000000000000000000E3
:10C5580000000000000000000000000010000000C3
:10C56800400000003C0000003C0000003C000000CF
:10C5780000000000000000000000000000000000B3
:10C5880000000000000000000000000000000000A3
:10C598000000000000000000000000000000000093
:10C5A8000000000000000000000000000000000083
:10C5B800CAFEBABEFACEDBADDECAF88800000000BB
:10C5C8000000000000000000000000000000000063
:10C5D8000000000000000000000000000000000053
:10C5E8000000000000000000000000000000000043
:10C5F8009313225DF88406E555909C5AFF5269AA68
:10C608006A7A9538534F7DA1E4C303D2A318A728AB
:10C61800C3C0C95156809539FCF0E2429A6B525416
:10C6280016AEDBF5A0DE6A57A637B39B0000000004
:10C6380000000000000000000000000000000000F2
:10C6480000000000000000000000000000000000E2
:10C6580000000000000000000000000000000000D2
:10C6680000000000000000000000000000000000C2
:10C6780000000000000000000000000000000000B2
:10C6880000000000000000000000000000000000A2
:10C698000000000000000000000000000000000092
:10C6A8000000000000000000000000000000000082
:10C6B8000000000000000000000000000000000072
:10C6C8000000000000000000000000000000000062
:10C6D8000000000000000000000000000000000052
:10C6E8000000000000000000000000000000000042
:10C6F8000000000000000000010000000100000030
:10C7080001000000020000000C0000000C00000006
:10C718000C0000000C000000080000003C000000B5
:10C728000000000000000000000000000000000001
:10C7380000000000000000000000000000000000F1
:10C7480000000000000000000000000000000000E1
:10C7580000000000000000000000000000000000D1
:10C76800FEEDFACEDEADBEEFFEEDFACEDEADBEEFEB
:10C77800ABADDAD2000000000000000000000000AD
:10C7880000000000000000000000000000000000A1
:10C798000000000000000000000000000000000091
:10C7A8000000000000000000000000000000000081
:10C7B8000000000000000000000000000000000071
:10C7C8000000000000000000000000000000000061
:10C7D8000000000000000000000000000000000051
:10C7E8000000000000000000000000000000000041
:10C7F8000000000000000000000000000000000031
:10C808000000000000000000000000000000000020
:10C818000000000000000000000000000000000010
:10C828000000000000000000000000000000000000
:10C8380000000000000000000000000000000000F0
:10C8480000000000000000000000000000000000E0
:10C8580000000000000000000000000000000000D0
:10C8680000000000000000000000000000000000C0
:10C8780000000000000000000000000000000000B0
:10C8880000000000000000000000000000000000A0
:10C898000000000000000000000000000000000090
:10C8A800000000000000000000000000010000007F
:10C8B800010000000100000000000000000000006E
:10C8C8000000000014000000140000001400000024
:10C8D8000000000000000000000000000000000050
:10C8E8000000000000000000000000000000000040
:10C8F8000000000000000000000000000000000030
:10C90800000000000000000000000000000000001F
:10C91800D9313225F88406E5A55909C5AFF5269A17
:10C9280086A7A9531534F7DA2E4C303D8A318A721E
:10C938001C3C0C95956809532FCF0E2449A6B525A4
:10C94800B16AEDF5AA0DE657BA637B391AAFD2552D
:10C9580000000000000000000000000000000000CF
:10C9680000000000000000000000000000000000BF
:10C9780000000000000000000000000000000000AF
:10C98800000000000000000000000000000000009F
:10C99800000000000000000000000000000000008F
:10C9A800000000000000000000000000000000007F
:10C9B800000000000000000000000000000000006F
:10C9C800000000000000000000000000000000005F
:10C9D800000000000000000000000000000000004F
:10C9E800000000000000000000000000000000003F
:10C9F800000000000000000000000000000000002F
:10CA0800000000000000000000000000000000001E
:10CA1800000000000000000000000000000000000E
:10CA280000000000000000000000000000000000FE
:10CA380000000000000000000000000000000000EE
:10CA480000000000000000000000000000000000DE
:10CA580000000000000000000100000001000000CC
:10CA68000100000001000000A0C9AB58F1E2E5A4F4
:10CA7800DE3EBD4FF73E9C5B64EFD8CA028CF811CE
:10CA880048A584FE69AB5AEE42AA4D42176099D474
:10CA98005E1397DC404D86A37BF55954756951E4C4
:10CAA8009A00A2D00ED59BFE31ECB1399B6081482B
:10CAB800D1969D250D3C1E94101098129325CAB846
:10CAC800FCCC2D54731970C0107AA4892519955E71
:10CAD8004BC6001D7F4E6A2BF8A301AB46055C09C7
:10CAE800A67188F1A740EEF3E15C029B44AF0344D2
:10CAF80079349BBF7CDDA5799557866621C9138358
:10CB08001146733ABF8C35C8C7215B5B96C48E9BB0
:10CB1800338C74E3E99DFEDFC6A16AB8D420706F38
:10CB28000F34AB7FEC5ADCA9D8CA3A133E159CA641
:10CB3800AC43C6F8A2BE22834A4C0A0AFFB10D7163
:10CB480094F1C1A5CF7322EC1AE0964ED4BF1227F8
:10CB580046E087FDB5B3E91B3493D5BB98FAED4998
:10CB6800E85F130FC8A459B70800000007000000C9
:10CB7800060000000500000004000000030000009B
:10CB88000000000000000000010000000300000099
:10CB98000E0000001A0000003E00000050000000D7
:10CBA800D41D8CD98F00B204E9800998ECF8427E34
:10CBB8000CC175B9C0F1B6A831C399E2697726618D
:10CBC800900150983CD24FB0D6963F7D28E17F72B5
:10CBD800F96B697D7CB7938D525A2F31AAF161D0D8
:10CBE800C3FCD3D76192E4007DFB496CCA67E13B83
:10CBF800D174AB98D277D9F5A5611C2C9F419D9F24
:10CC080057EDF4A22BE3C955AC49DA2E2107B67AC1
:10CC1800000000000000000000000000000000000C
:10CC280000000000000000000000000000000000FC
:10CC380000000000000000000000000000000000EC
:10CC480000000000000000000000000000000000DC
:10CC580000000000000000000000000000000000CC
:10CC6800006100000000000000000000000000005B
:10CC780000000000000000000000000000000000AC
:10CC8800000000000000000000000000000000009C
:10CC9800000000000000000000000000000000008C
:10CCA800000000000000000000000000000000007C
:10CCB8000000616263000000000000000000000046
:10CCC800000000000000000000000000000000005C
:10CCD800000000000000000000000000000000004C
:10CCE800000000000000000000000000000000003C
:10CCF800000000000000000000000000000000002C
:10CD08000000006D6573736167652064696765730A
:10CD18007400000000000000000000000000000097
:10CD280000000000000000000000000000000000FB
:10CD380000000000000000000000000000000000EB
:10CD480000000000000000000000000000000000DB
:10CD5800000000006162636465666768696A6B6CFD
:10CD68006D6E6F707172737475767778797A00006A
:10CD780000000000000000000000000000000000AB
:10CD8800000000000000000000000000000000009B
:10CD9800000000000000000000000000000000008B
:10CDA80000000000004142434445464748494A4B79
:10CDB8004C4D4E4F505152535455565758595A612D
:10CDC80062636465666768696A6B6C6D6E6F7071C3
:10CDD80072737475767778797A30313233343536C0
:10CDE8003738390000000000000000000000000093
:10CDF800000000000000313233343536373839301E
:10CE080031323334353637383930313233343536D8
:10CE180037383930313233343536373839303132C2
:10CE280033343536373839303132333435363738AC
:10CE380039303132333435363738393031323334AA
:10CE48003536373839300000080000003824002013
:10CE5800400000008000000081F1006069F100607E
:10CE68006DF1006089F1006029F20060CDF1006089
:10CE780079F100607DF10060070000009437002020
:10CE8800300000008000000061F1006069F100607E
:10CE98006DF1006071F1006029F20060CDF1006071
:10CEA80079F100607DF1006006000000683700201D
:10CEB800200000004000000051F1006039F10060DE
:10CEC8003DF1006059F1006011F20060B9F10060B5
:10CED80049F100604DF1006005000000C02300200A
:10CEE8001C0000004000000031F1006039F10060D2
:10CEF8003DF1006041F1006011F20060B9F100609D
:10CF080049F100604DF10060040000009C230020FE
:10CF180014000000400000001DF1006021F10060D5
:10CF280025F1006071570160F9F10060A5F100601A
:10CF380029F100602DF10060030000007422002038
:10CF4800100000004000000009F100600DF10060D1
:10CF580011F10060F5EF0060E1F1006091F100600F
:10CF680015F1006019F100608C2200200900000012
:10CF78006C25002084250020030100009425002052
:10CF880009000000A0250020B825002004010000A9
:10CF9800C825002009000000D4250020EC25002029
:10CFA8000501000000260020090000000C260020D2
:10CFB8002426002006010000382600200900000071
:10CFC800442600205C26002007010000702600206F
:10CFD800090000007C26002094260020080100009B
:10CFE800A826002005000000A0250020B825002064
:10CFF80004010000B026002007000000B826002029
:10D00800C826002004040000D826002008000000DC
:10D01800E4260020F8260020050400000C27002044
:10D0280008000000182700202C2700200604000014
:10D0380040270020080000004C270020602700201F
:10D048000704000074270020080000008027002043
:10D058009427002008040000A827002009000000E9
:10D06800B4270020B42700200006000000000000BC
:10D0780000000000000000000000000000000000A8
:10D08800A422002003000000FC280020142900200E
:10D098000001000028290020030000002C2900209E
:10D0A8003C2900200400000048290020030000005B
:10D0B8004C29002060290020000800007429002065
:10D0C800030000007829002090290020200000009B
:10D0D800A429002009000000B0290020C829002048
:10D0E8000000010000000000000000000000000037
:10D0F8000000000000000000A8220020030000003B
:10D10800E4290020F8290020042A0020082A002009
:10D11800030000000C2A0020202A0020282A0020D2
:10D128002C2A002003000000302A0020402A00207A
:10D138004C2A0020502A002003000000542A002016
:10D14800602A0020682A00206C2A002003000000C2
:10D15800702A0020882A0020982A00209C2A002073
:10D1680003000000A02A0020C02A0020CC2A0020AA
:10D17800D02A002009000000DC2A0020EC2A002028
:10D18800DC2A0020FC2A002003000000002B0020DD
:10D19800142B0020242B0020342B00200300000037
:10D1A800382B00204C2B00205C2B00206C2B0020FF
:10D1B80003000000702B0020842B0020902B0020FF
:10D1C8009C2B002003000000A02B0020B02B002087
:10D1D800B82B0020BC2B002003000000C02B00202F
:10D1E800D02B0020DC2B0020E02B002003000000C7
:10D1F800E42B0020F42B0020002C00200C2C002015
:10D2080003000000102C00202C2C0020442C0020AF
:10D21800582C0020030000005C2C0020682C002003
:10D22800702C0020782C0020030000007C2C0020AB
:10D23800902C0020B02C0020BC2C00200300000003
:10D24800C02C0020D02C0020DC2C0020E82C002052
:10D258000A000000F42C0020082D00201C2D0020BE
:10D26800202D002003000000242D00203C2D00204C
:10D27800502D002000000000000000000000000009
:10D288000000000000000000AC220020090000009F
:10D29800182500202825002001000000B8220020C1
:10D2A800070000002C2500203C250020020000007B
:10D2B8004C25002005000000542500205C25002096
:10D2C8000300000000000000000000000000000053
:10D2D8000000000000000000C0220020080000003C
:10D2E800F4210020F421002001000000E4030020C4
:10D2F80005000000E8210020E821002002000000CD
:10D308000C25002008000000DC210020DC21002082
:10D3180003000000EC03002005000000202000208E
:10D328002020002004000000000000000000000091
:10D33800000000000000000000000000CC220020D7
:10D348000800000050240020742200200300000080
:10D35800F02200200500000058240020602400204E
:10D368000400000068240020090000007424002044
:10D378008024002005000000882400200900000007
:10D3880094240020A024002006000000A8240020E7
:10D3980009000000B4240020C02400200700000079
:10D3A800C824002009000000D4240020E024002024
:10D3B800080000000000000000000000000000005D
:10D3C8000000000000000000D82200200800000033
:10D3D80098230020A423002004000000B02300208C
:10D3E80008000000BC230020C8230020050000001E
:10D3F800D823002008000000E4230020F0230020A8
:10D408000600000000240020080000000C24002072
:10D41800182400200700000028240020080000002D
:10D4280034240020402400200800000000000000F0
:10D4380000000000000000000000000000000000E4
:10D44800E422002008000000C0270020D427002084
:10D45800F4270020080000000028002014280020DD
:10D46800342800200800000040280020542800200C
:10D478006428002008000000702800208828002068
:10D488009C28002008000000A8280020BC280020B4
:10D49800CC28002008000000D8280020EC28002014
:10D4A8000000000000000000000000000000000074
:10D4B800F822002005000000E82400207023002046
:10D4C80021000000F024002008000000FC240020B7
:10D4D800101D0020250000000000000000000000D2
:10D4E80000000000000000000000000000230020F1
:10D4F8000A0000000C2300202C2300200425000033
:10D508004C2300200A000000582300207823002024
:10D5180004230000000000000000000000000000DC
:10D52800000000000000000005000000242E00207C
:10D53800A50301609903016000000000B1030160C8
:10D54800FD03016000000000E1040160D9040160EE
:10D558007904016000000000040000002C2E002067
:10D56800A90201608D030160AD020160D102016072
:10D57800000000000000000069030160C1040160B0
:10D58800650401606D03016003000000342E002073
:10D59800A902016081030160000000000000000092
:10D5A800000000000000000069030160A904016098
:10D5B800510401606D030160020000003C2E002050
:10D5C800A90201609D020160D90201601D0301608A
:10D5D800000000000000000069030160A904016068
:10D5E800510401606D03016001000000282500203E
:10D5F8004501016035010160510101609D01016033
:10D60800D901016029020160710201608D04016085
:10D618003D04016075020160080000000800000078
:10D6280008000000180000000900000000000000C9
:10D6380004000000040000000400000024000000B2
:10D6480005000000000000000100000002000000CA
:10D658000010000000100000001000000000000092
:10D66800140000001400000014000000190000005D
:10D6780010000000000000000C60C80F961F0E711B
:10D68800F3A9B524AF6012062FE037A6000000000A
:10D698000000000000000000EA6C014DC72D6F8CEF
:10D6A800CD1ED92ACE1D41F0D8DE895700000000D2
:10D6B80000000000000000004B007901B765489A9F
:10D6C800BEAD49D926F721D065A429C100000000C4
:10D6D80000000000000000003D2EEC4FE41C849B7D
:10D6E80080C8D83662C0E44A8B291A964CF2F0708A
:10D6F800380000000000000056FA6AA75548099D46
:10D70800CC37D7F03425E0C300000000000000004B
:10D718000000000000000000000000000000000001
:10D7280000000000000000000000000000000000F1
:10D73800000000000000000070617373776F72646E
:10D7480000000000000000000000000000000000D1
:10D75800000000000000000070617373776F72644E
:10D7680000000000000000000000000000000000B1
:10D77800000000000000000070617373776F72642E
:10D788000000000000000000000000000000000091
:10D79800000000000000000070617373776F72640E
:10D7A80050415353574F524470617373776F72648B
:10D7B80000000000000000007061737300776F7252
:10D7C80064000000000000000000000000000000ED
:10D7D8000000000000000000000000000000000041
:10D7E8000000000000000000000000000000000031
:10D7F800000000000000000073616C74000000006D
:10D808000000000000000000000000000000000010
:10D818000000000000000000000000000000000000
:10D8280073616C740000000000000000000000003C
:10D8380000000000000000000000000000000000E0
:10D84800000000000000000073616C74000000001C
:10D8580000000000000000000000000000000000C0
:10D8680000000000000000000000000000000000B0
:10D8780073616C7453414C5473616C7453414C54D0
:10D8880073616C7453414C5473616C7453414C54C0
:10D8980073616C74000000007361006C7400000018
:10D8A8000000000000000000000000000000000070
:10D8B8000000000000000000000000000000000060
:10D8C8000000000000000000000000000000000050
:10D8D8000000000000000000000000000000000040
:10D8E8000000000000000000A9993E364706816A42
:10D8F800BA3E25717850C26C9CD0D89D84983E441D
:10D908001C3BD26EBAAE4AA1F95129E5E54670F141
:10D9180034AA973CD4C4DAA4F61EEB2BDBAD27312E
:10D928006534016F616263000000000000000000C0
:10D9380000000000000000000000000000000000DF
:10D9480000000000000000000000000000000000CF
:10D958000000000000000000000000000061626399
:10D968006462636465636465666465666765666763
:10D9780068666768696768696A68696A6B696A6B13
:10D988006C6A6B6C6D6B6C6D6E6C6D6E6F6D6E6FC3
:10D99800706E6F7071000000000000000000000051
:10D9A800000000000000000000000000000000006F
:10D9B800000000000000000000000000000000005F
:10D9C800000000000000000000000000000000004F
:10D9D8000300000038000000E8030000982F8A4286
:10D9E80091443771CFFBC0B5A5DBB5E95BC25639A9
:10D9F800F111F159A4823F92D55E1CAB98AA07D8C1
:10DA0800015B8312BE853124C37D0C55745DBE72E3
:10DA1800FEB1DE80A706DC9B74F19BC1C1699BE463
:10DA28008647BEEFC69DC10FCCA10C246F2CE92DF3
:10DA3800AA84744ADCA9B05CDA88F97652513E9817
:10DA48006DC631A8C82703B0C77F59BFF30BE0C61E
:10DA58004791A7D55163CA0667292914850AB727AC
:10DA680038211B2EFC6D2C4D130D385354730A6549
:10DA7800BB0A6A762EC9C281852C7292A1E8BFA220
:10DA88004B661AA8708B4BC2A3516CC719E892D188
:10DA9800240699D685350EF470A06A1016C1A4190B
:10DAA800086C371E4C774827B5BCB034B30C1C390A
:10DAB8004AAAD84E4FCA9C5BF36F2E68EE828F74C9
:10DAC8006F63A5781478C8840802C78CFAFFBE90E3
:10DAD800EB6C50A4F7A3F9BEF27871C623097D2236
:10DAE8003405D8228642A477BDA255B32AADBCE43A
:10DAF800BDA0B3F7E36C9DA70000000075388B1636
:10DB0800512776CC5DBA5DA1FD890150B0C6455C50
:10DB1800B4F58B195252252500000000207946558E
:10DB2800980C91D8BBB4C1EA97618A4BF03F425830
:10DB38001948B2EE4EE7AD6700000000BA7816BF8C
:10DB48008F01CFEA414140DE5DAE2223B00361A3DD
:10DB580096177A9CB410FF61F20015AD248D6A61A6
:10DB6800D20638B8E5C026930C3E6039A33CE45988
:10DB780064FF2167F6ECEDD419DB06C1CDC76E5CF6
:10DB88009914FB9281A1C7E284D73E67F1809A4835
:10DB9800A497200E046D39CCC7112CD003000000C7
:10DBA80038000000E8030000616263000000000024
:10DBB800000000000000000000000000000000005D
:10DBC800000000000000000000000000000000004D
:10DBD800000000000000000000000000000000003D
:10DBE8000061626364626364656364656664656654
:10DBF8006765666768666768696768696A68696AA1
:10DC08006B696A6B6C6A6B6C6D6B6C6D6E6C6D6E50
:10DC18006F6D6E6F706E6F70710000000000000015
:10DC280000000000000000000000000000000000EC
:10DC380000000000000000000000000000000000DC
:10DC480000000000000000000000000000000000CC
:10DC5800000000000000000022AE28D7982F8A425A
:10DC6800CD65EF23914437712F3B4DECCFFBC0B509
:10DC7800BCDB8981A5DBB5E938B548F35BC2563909
:10DC880019D005B6F111F1599B4F19AFA4823F92F3
:10DC980018816DDAD55E1CAB420203A398AA07D897
:10DCA800BE6F7045015B83128CB2E44EBE85312491
:10DCB800E2B4FFD5C37D0C556F897BF2745DBE72EB
:10DCC800B196163BFEB1DE803512C725A706DC9B50
:10DCD800942669CF74F19BC1D24AF19EC1699BE435
:10DCE800E3254F388647BEEFB5D58C8BC69DC10F4F
:10DCF800659CAC77CCA10C2475022B596F2CE92DAF
:10DD080083E4A66EAA84744AD4FB41BDDCA9B05C46
:10DD1800B5531183DA88F976ABDF66EE52513E9837
:10DD28001032B42D6DC631A83F21FB98C82703B027
:10DD3800E40EEFBEC77F59BFC28FA83DF30BE0C604
:10DD480025A70A934791A7D56F8203E05163CA06B6
:10DD5800706E0E0A67292914FC2FD246850AB72748
:10DD680026C9265C38211B2EED2AC45AFC6D2C4D81
:10DD7800DFB3959D130D3853DE63AF8B54730A657B
:10DD8800A8B2773CBB0A6A76E6AEED472EC9C281D7
:10DD98003B358214852C72926403F14CA1E8BFA232
:10DDA800013042BC4B661AA89197F8D0708B4BC2D1
:10DDB80030BE5406A3516CC71852EFD619E892D159
:10DDC80010A96555240699D62A20715785350EF471
:10DDD800B8D1BB3270A06A10C8D0D2B816C1A41985
:10DDE80053AB4151086C371E99EB8EDF4C774827AF
:10DDF800A8489BE1B5BCB034635AC9C5B30C1C39FB
:10DE0800CB8A41E34AAAD84E73E363774FCA9C5B37
:10DE1800A3B8B2D6F36F2E68FCB2EF5DEE828F74B2
:10DE2800602F17436F63A57872ABF0A11478C8848C
:10DE3800EC39641A0802C78C281E6323FAFFBE90C7
:10DE4800E9BD82DEEB6C50A41579C6B2F7A3F9BE22
:10DE58002B5372E3F27871C69C6126EACE3E27CA3C
:10DE680007C2C021C7B886D11EEBE0CDD67DDAEA5D
:10DE780078D16EEE7F4F7DF5BA6F1772AA67F006FC
:10DE8800A698C8A2C57D630AAE0DF9BE04983F11D5
:10DE98001B471C13350B711B847D0423F577DB2886
:10DEA8009324C7407BABCA32BCBEC9150ABE9E3C90
:10DEB8004C0D109CC4671D43B6423ECBBED4C54C26
:10DEC8002A7E65FC9C297F59ECFAD63AAB6FCB5F6A
:10DED8001758474A8C19446CCB00753F45A35E8B95
:10DEE800B5A03D699AC65007272C32AB0EDED16328
:10DEF8001A8B605A43FF5BED8086072BA1E7CC2382
:10DF080058BAECA134C825A70000000000000000A2
:10DF1800000000000000000009330C33F71147E847
:10DF28003D192FC782CD1B4753111B173B3B05D209
:10DF38002FA08086E3B0F712FCC7C71A557E2DB90B
:10DF480066C3E9FA9174603900000000000000001F
:10DF580000000000000000009D0E1809716474CBD9
:10DF6800086E834E310A4A1CED149E9C00F24852FA
:10DF78007972CEC5704C2A5B07B8B3DC38ECC4EBB9
:10DF8800AE97DDD87F3D89850000000000000000C5
:10DF98000000000000000000DDAF35A193617ABAEF
:10DFA800CC417349AE20413112E6FA4E89A97EA2CE
:10DFB8000A9EEEE64B55D39A2192992A274FC1A87B
:10DFC80036BA3C23A3FEEBBD454D4423643CE80E22
:10DFD8002A9AC94FA54CA49F8E959B75DAE313DA4C
:10DFE8008CF4F72814FC143F8F7779C6EB9F7FA138
:10DFF8007299AEADB6889018501D289E4900F7E476
:10E00800331B99DEC4B5433AC7D329EEB6DD26548F
:10E018005E96E55B874BE909E718483D0CE76964BC
:10E028004E2E42C7BC15B4638E1F98B13B204428BE
:10E038005632A803AFA973EBDE0FF244877EA60A17
:10E048004CB0432CE577C31BEB009C5C2C49AA2EF3
:10E058004EADB217AD8CC09B0300000070000000ED
:10E06800E803000061626300000000000000000097
:10E078000000000000000000000000000000000098
:10E088000000000000000000000000000000000088
:10E098000000000000000000000000000000000078
:10E0A8000000000000000000000000000000000068
:10E0B8000000000000000000000000000000000058
:10E0C8000000000000000000000000000000000048
:10E0D80000000000006162636465666768626364EB
:10E0E8006566676869636465666768696A646566C2
:10E0F8006768696A6B65666768696A6B6C66676892
:10E10800696A6B6C6D6768696A6B6C6D6E68696A61
:10E118006B6C6D6E6F696A6B6C6D6E6F706A6B6C31
:10E128006D6E6F70716B6C6D6E6F7071726C6D6E01
:10E138006F707172736D6E6F70717273746E6F70D1
:10E148007172737475000000000000000000000088
:10E1580000000000000000000000000000000000B7
:10E1680000000000000000000000000000000000A7
:10E178000000000000000000000000000000000097
:10E188000000000000000000000000000000000087
:10E198000000000000000000000000000000000077
:10E1A8000000000000000000000000000000000067
:10E1B800000000000000000009C00000EC3300204F
:10E1C8000504040003000000010000000300000033
:10E1D80003000000000000000AC000001C340020FA
:10E1E8000704040003000000010000000300000011
:10E1F800030000000000000023C000004434002099
:10E2080005060400030000000300000003000000EE
:10E2180003000000000000002BC000006C34002048
:10E228000E060400030000000300000003000000C5
:10E23800030000000000000024C000009434002007
:10E2480007070400030000000300000003000000AB
:10E2580003000000000000002CC00000BC340020B7
:10E268001007040003000000030000000300000082
:10E278000300000000000000ADC00000E4340020EE
:10E288002D06040003000000030000000300000046
:10E298000300000000000000AFC0000008350020A7
:10E2A8002D06040003000000030000000300000026
:10E2B8000300000002000000ACC000002C35002064
:10E2C8002B06040003000000030000000300000008
:10E2D8000300000000000000AEC000005035002020
:10E2E8002B060400030000000300000003000000E8
:10E2F800030000000200000072C000007435002016
:10E3080014060400030000000100000003000000E0
:10E31800030000000000000073C00000A4350020C6
:10E3280016070400030000000100000003000000BD
:10E33800030000000000000086C00000D435002063
:10E348001D06040003000000030000000300000095
:10E35800030000000000000087C000000436002011
:10E368001F07040003000000030000000300000072
:10E37800030000000000000008C000003436002040
:10E388002504040003000000010000000300000051
:10E39800030000000000000013C000005C360020ED
:10E3A8000504030003000000010000000300000052
:10E3B800030000000000000014C0000080360020A8
:10E3C8000704030003000000010000000300000030
:10E3D800030000000000000027C00000A436002051
:10E3E800050603000300000003000000030000000E
:10E3F80003000000000000002FC00000CC36002001
:10E408000E060300030000000300000003000000E4
:10E41800030000000000000028C00000F4360020BF
:10E4280007070300030000000300000003000000CA
:10E43800030000000000000030C000001C3700206E
:10E4480010070300030000000300000003000000A1
:10E45800030000000000000076C0000044370020E0
:10E468001406030003000000010000000300000080
:10E47800030000000000000077C000007037002093
:10E48800160703000300000001000000030000005D
:10E4980003000000000000008AC000009C37002034
:10E4A8001D06030003000000030000000300000035
:10E4B80003000000000000008BC00000C8370020E7
:10E4C8001F07030003000000030000000300000012
:10E4D800030000000000000012C00000F437002014
:10E4E80025040300030000000100000003000000F1
:10E4F80003000000000000009F0000001838002002
:10E5080010070200030000000300000003000000E1
:10E5180003000000000000009E0000003C380020BE
:10E528000E060200030000000300000003000000C4
:10E5380003000000000000006700000060380020B1
:10E5480005060200030000000300000003000000AD
:10E5580003000000000000006B0000008438002069
:10E56800070602000300000003000000030000008B
:10E57800030000000000000033000000A83800205D
:10E588000504020003000000000000000300000072
:10E59800030000000000000039000000CC38002013
:10E5A8000704020003000000000000000300000050
:10E5B80003000000000000009FC00000F0380020A9
:10E5C8002D06020003000000030000000300000005
:10E5D8000300000000000000A3C000001039002064
:10E5E8002D060200030000000300000003000000E5
:10E5F80003000000020000009EC000003039002027
:10E608002B060200030000000300000003000000C6
:10E618000300000000000000A2C0000050390020E4
:10E628002B060200030000000300000003000000A6
:10E638000300000002000000BE0000007039002046
:10E64800140602000300000003000000030000009D
:10E658000300000000000000C40000009C390020F6
:10E66800160602000300000003000000030000007B
:10E67800030000000000000045000000C839002029
:10E688001404020003000000000000000300000062
:10E69800030000000000000088000000F03900209E
:10E6A8001604020003000000000000000300000040
:10E6B80003000000000000007CC00000183A0020A1
:10E6C8001D06020003000000030000000300000014
:10E6D80003000000000000007DC00000443A002054
:10E6E8001F070200030000000300000003000000F1
:10E6F800030000000000000016000000703A00202F
:10E7080025040200030000000000000003000000D0
:10E7180003000000000000009D000000943A002063
:10E7280010070100030000000300000003000000C0
:10E7380003000000000000009C000000B43A002024
:10E748000E060100030000000300000003000000A3
:10E7580003000000000000003C000000D43A002044
:10E76800050601000300000003000000030000008C
:10E7780003000000000000003D000000F43A002003
:10E78800070601000300000003000000030000006A
:10E7980003000000000000002F000000143B0020D0
:10E7A8000504010003000000000000000300000051
:10E7B800030000000000000035000000343B00208A
:10E7C800070401000300000000000000030000002F
:10E7D80003000000000000009DC00000543B002022
:10E7E8002D060100030000000300000003000000E4
:10E7F8000300000000000000A1C00000703B0020E2
:10E808002D060100030000000300000003000000C3
:10E8180003000000020000009CC000008C3B0020A8
:10E828002B060100030000000300000003000000A5
:10E838000300000000000000A0C00000A83B00206A
:10E848002B06010003000000030000000300000085
:10E858000300000002000000BA000000C43B0020D2
:10E86800140601000300000003000000030000007C
:10E878000300000000000000C0000000EC3B002086
:10E88800160601000300000003000000030000005A
:10E89800030000000000000041000000143C0020BC
:10E8A8001404010003000000000000000300000041
:10E8B800030000000000000084000000383C002035
:10E8C800160401000300000000000000030000001F
:10E8D80003000000000000007AC000005C3C00203B
:10E8E8001D060100030000000300000003000000F3
:10E8F80003000000000000007BC00000843C0020F2
:10E908001F070100030000000300000003000000CF
:10E9180003000000000000000A000000AC3C0020DA
:10E9280025040100030000000000000003000000AF
:10E9380003000000000000000EC00000CC3C0020D6
:10E9480005040900030000000100000003000000A6
:10E9580003000000000000000FC00000F03C002091
:10E968000704090003000000010000000300000084
:10E97800030000000000000029C00000143D002032
:10E988000506090003000000030000000300000062
:10E99800030000000000000031C000003C3D0020E2
:10E9A8000E06090003000000030000000300000039
:10E9B80003000000000000002AC00000643D0020A1
:10E9C800070709000300000003000000030000001F
:10E9D800030000000000000032C000008C3D002051
:10E9E80010070900030000000300000003000000F6
:10E9F800030000000000000078C00000B43D0020C3
:10EA080014060900030000000100000003000000D4
:10EA1800030000000000000079C00000E03D002075
:10EA280016070900030000000100000003000000B1
:10EA380003000000000000008CC000000C3E002015
:10EA48001D06090003000000030000000300000089
:10EA580003000000000000008DC00000383E0020C8
:10EA68001F07090003000000030000000300000066
:10EA780003000000000000000DC00000643E0020FC
:10EA88002504090003000000010000000300000045
:10EA9800030000000000000004C00000883E0020C1
:10EAA80005040A0003000000010000000300000044
:10EAB800030000000000000005C00000AC3E00207C
:10EAC80007040A0003000000010000000300000022
:10EAD800030000000000000025C00000D03E002018
:10EAE80005060A0003000000030000000300000000
:10EAF80003000000000000002DC00000F83E0020C8
:10EB08000E060A00030000000300000003000000D6
:10EB1800030000000000000026C00000203F002085
:10EB280007070A00030000000300000003000000BC
:10EB380003000000000000002EC00000483F002035
:10EB480010070A0003000000030000000300000093
:10EB5800030000000000000074C00000703F0020A7
:10EB680014060A0003000000010000000300000072
:10EB7800030000000000000075C000009C3F00205A
:10EB880016070A000300000001000000030000004F
:10EB9800030000000000000088C00000C83F0020FB
:10EBA8001D060A0003000000030000000300000027
:10EBB800030000000000000089C00000F43F0020AE
:10EBC8001F070A0003000000030000000300000004
:10EBD800030000000000000003C0000020400020E7
:10EBE80025040A00030000000100000003000000E3
:10EBF8000300000000000000A800000048400020BA
:10EC08000E060500030000000300000003000000DA
:10EC18000300000000000000A90000006840002078
:10EC280010070500030000000300000003000000B7
:10EC38000300000000000000AE0000008840002033
:10EC480005060500030000000100000003000000A5
:10EC58000300000000000000AF000000A8400020F2
:10EC68000707050003000000010000000300000082
:10EC780003000000000000008C000000C8400020D5
:10EC88000504050003000000000000000300000068
:10EC980003000000000000008D000000E840002094
:10ECA8000704050003000000000000000300000046
:10ECB8000300000000000000A5C00000084100207B
:10ECC8002D060500030000000300000003000000FB
:10ECD8000300000000000000A9C00000244100203B
:10ECE8002D060500030000000300000003000000DB
:10ECF8000300000002000000A4C000004041002002
:10ED08002B060500030000000300000003000000BC
:10ED18000300000000000000A8C000005C410020C3
:10ED28002B0605000300000003000000030000009C
:10ED3800030000000200000094C000007841002099
:10ED48001406050003000000010000000300000095
:10ED5800030000000000000095C00000A041002052
:10ED68001607050003000000010000000300000072
:10ED780003000000000000008EC00000C841002011
:10ED88001D0605000300000003000000030000004A
:10ED980003000000000000008FC00000F0410020C8
:10EDA8001F07050003000000030000000300000027
:10EDB80003000000000000008B0000001842002043
:10EDC8002504050003000000000000000300000007
:10EDD8000300000000000000AA00000038420020E4
:10EDE8000E060600030000000300000003000000F8
:10EDF8000300000000000000AB0000005C4200209F
:10EE080010070600030000000300000003000000D4
:10EE18000300000000000000B20000008042002053
:10EE280005060600030000000100000003000000C2
:10EE38000300000000000000B3000000A44200200E
:10EE4800070706000300000001000000030000009F
:10EE5800030000000000000090000000C8420020ED
:10EE68000504060003000000000000000300000085
:10EE7800030000000000000091000000EC420020A8
:10EE88000704060003000000000000000300000063
:10EE98000300000000000000A7C00000104300208D
:10EEA8002D06060003000000030000000300000018
:10EEB8000300000000000000ABC000003043002049
:10EEC8002D060600030000000300000003000000F8
:10EED8000300000002000000A6C00000504300200C
:10EEE8002B060600030000000300000003000000DA
:10EEF8000300000000000000AAC0000070430020CA
:10EF08002B060600030000000300000003000000B9
:10EF1800030000000200000096C00000904300209B
:10EF280014060600030000000100000003000000B2
:10EF3800030000000000000097C00000BC43002050
:10EF4800160706000300000001000000030000008F
:10EF5800030000000000000090C00000E84300200B
:10EF68001D06060003000000030000000300000067
:10EF7800030000000000000091C0000014440020BD
:10EF88001F07060003000000030000000300000044
:10EF980003000000000000008F0000004044002033
:10EFA8002504060003000000000000000300000024
:10EFB800030000000000000037C000006444002087
:10EFC800050608000300000001000000030000001F
:10EFD800030000000000000038C000008C4400203E
:10EFE80007070800030000000100000003000000FC
:10EFF800030000000000000035C00000B4440020F9
:10F0080005040800030000000100000003000000E0
:10F01800030000000000000036C00000D8440020B3
:10F0280007040800030000000100000003000000BE
:10F0380003000000000000009AC00000FC4400200B
:10F04800140608000300000001000000030000008F
:10F0580003000000000000009BC0000028450020BD
:10F06800160708000300000001000000030000006C
:10F07800030000000000000034C0000054450020D8
:10F088002504080003000000010000000300000040
:10F098000300000000000000AC00000078450020DC
:10F0A8000E06070003000000030000000300000034
:10F0B8000300000000000000AD0000009C45002097
:10F0C8001007070003000000030000000300000011
:10F0D8000300000000000000B6000000C04500204A
:10F0E80005060700030000000100000003000000FF
:10F0F8000300000000000000B7000000E445002005
:10F1080007070700030000000100000003000000DB
:10F1180003000000000000009400000008460020E2
:10F1280005040700030000000100000003000000C0
:10F138000300000000000000950000002C4600209D
:10F14800070407000300000001000000030000009E
:10F15800030000000000000098C000005046002096
:10F16800140607000300000001000000030000006F
:10F17800030000000000000099C000007C46002049
:10F18800160707000300000001000000030000004C
:10F19800030000000000000092C00000A846002004
:10F1A8001D06070003000000030000000300000024
:10F1B800030000000000000093C00000D4460020B7
:10F1C8001F07070003000000030000000300000001
:10F1D800030000000000000093000000004700202A
:10F1E80025040700030000000100000003000000E0
:10F1F800030000000000000000000000C8220020FA
:10F2080000000000000000000000000000000000F6
:10F218000000000000000000A8CC0000A9CC0000FD
:10F22800AACC00002CC0000030C000009F000000E5
:10F23800ADC000009FC0000024C0000028C000002E
:10F248006B0000000AC0000014C000003900000074
:10F25800AFC00000A3C0000087C000008BC0000042
:10F268007DC0000073C0000077C00000C40000002B
:10F27800880000005DC0000061C0000053C00000AD
:10F2880049C000004DC0000045C000002BC0000070
:10F298002FC000009E000000ACC000009EC000000F
:10F2A80023C0000027C000006700000009C000005C
:10F2B80013C0000033000000AEC00000A2C0000070
:10F2C80086C000008AC000007CC0000072C0000038
:10F2D80076C00000BE000000450000005CC00000D1
:10F2E80060C0000052C0000048C000004CC00000D0
:10F2F80044C0000008C0000012C000001600000052
:10F30800ACCC0000ADCC0000AB000000A7C00000F2
:10F3180038C00000B300000036C0000091000000B3
:10F3280091C000009BC0000097C00000ABC0000067
:10F338006DC0000071C0000067C00000AA00000096
:10F34800A6C0000037C00000B200000035C00000B1
:10F358009000000090C0000096C000009AC0000015
:10F36800AAC000006CC0000070C0000066C00000A9
:10F3780034C000008F000000FFC000009D000000A6
:10F388009DC000003D0000003500000032C00000B4
:10F398002AC000000FC000002EC0000026C00000D8
:10F3A80005C00000A1C000007BC00000C000000034
:10F3B800840000008DC0000079C0000089C00000F2
:10F3C80075C000005FC0000063C0000051C00000AD
:10F3D8004BC000004FC000003DC000009C00000072
:10F3E8009CC000003C0000002F00000031C000005D
:10F3F80029C000000EC000002DC0000025C000007C
:10F4080004C00000A0C000007AC00000BA000000DC
:10F41800410000008CC0000078C0000088C00000D7
:10F4280074C000005EC0000062C0000050C0000050
:10F438004AC000004EC000003CC000000A000000A6
:10F448000DC0000003C00000AECC0000AD000000FD
:10F45800B70000009500000093C0000099C00000AC
:10F468006FC0000069C00000AC000000B6000000DA
:10F478009400000092C0000098C000006EC0000018
:10F4880068C0000093000000ABCC0000A900000099
:10F49800A5C00000AF0000008D0000008FC0000074
:10F4A80095C00000A9C000006BC0000065C0000046
:10F4B800A8000000A4C00000AE0000008C000000FE
:10F4C8008EC0000094C00000A8C000006AC0000000
:10F4D80064C000008B00000007C0000011C00000DD
:10F4E80033C000008E00000005000000040000008A
:10F4F8000CC0000002C00000920000008A0000005A
:10F50800150000000900000006C0000010C000003F
:10F518003BC000003AC0000039C00000B500000040
:10F52800B40000002D0000003B00000002000000B5
:10F53800010000000BC0000001C00000B90000007D
:10F54800B80000002E000000B1000000B00000006C
:10F558002C0000000000000001000000344B0020D7
:10F5680002000000C84B002004000000F84B0020F7
:10F5780008000000404C0020100000007C4C0020D7
:10F5880020000000B04C002040000000C44C0020C7
:10F5980080000000DC4C002000010000044D002029
:10F5A80000020000344D002000040000644D0020DB
:10F5B80000080000804D002000100000AC4D002025
:10F5C80000200000E04D002000400000104E002008
:10F5D80000800000484E002000000100944E0020EA
:10F5E80000000200E84E002000000400184F002030
:10F5F800000008005C4F0020000000000000000030
:10F60800F0000000FFFFFF0FFFFFFF0F00080000E2
:10F61800600000000A0000000C000000000000006C
:10F62800E0000000FFFFFF0FFC08000000080000DA
:10F6380080C00F4000000003190000001000000007
:10F64800E8841F4001000000FF000000FF000000E8
:10F65800000000000000000018000000100000007A
:10F66800E4841F4001000000FF000000FF000000CC
:10F6780000000000000000001F000000B5DB0000D3
:10F6880070C00F40000C00001100000011000000C5
:10F69800E0841F40020000002C000000120000005F
:10F6A800E0841F400100000010000000110000006D
:10F6B800DC841F40020000002D0000001200000042
:10F6C800DC841F40010000001E000000A9DB0000D0
:10F6D80070C00F40C00000001200000013000000BE
:10F6E800D0841F4001000000FF000000FF00000060
:10F6F80000000000000000001300000013000000DC
:10F70800CC841F4001000000FF000000FF00000043
:10F7180000000000000000001C0000009DDB00004D
:10F728000101010116035500530042002000530057
:10F7380065007200690061006C0000001803540045
:10F74800650065006E00730079006400750069004B
:10F758006E006F000403090409024B00020100C097
:10F7680032080B0002020201000904000001020233
:10F7780001000524001001052401010104240206EA
:10F788000524060001070582031000100904010082
:10F79800020A000000070503024000000705840272
:10F7A8004000000009024B00020100C032080B00B3
:10F7B80002020201000904000001020201000524FE
:10F7C8000010010524010101042402060524060095
:10F7D800010705820310000509040100020A000060
:10F7E800000705030200020007058402000200006A
:0CF7F8000A060002EF02014001000100BF
:10F8040000000000000000000000000000000000F4
:10F8140000000000000000000000000000000000E4
:10F8240010B5054C237833B9044B13B10448AFF336
:10F8340000800123237010BDB0920020000000005E
:10F84400149B0100084B10B51BB108490848AFF3DD
:10F8540000800848036803B910BD074B002BFBD098
:10F86400BDE81040184700BF00000000B49200201B
:10F87400149B0100C06A00200000000000207047B3
:10F88400704700BF10B50A4804F06AFF00B910BD04
:10F89400044602460749064804F004FF064B224684
:10F8A400044918680368BDE810405B68184700BF46
:10F8B40008950020CC920020AC5600200822642138
:10F8C40001480FF0E3B900BF906400202DE9F04136
:10F8D400114C94F85B50C5F15A05002D1ADD94F8CB
:10F8E4005910002794F8586021440C4814F80680F5
:10F8F400A75513F0E3FF042D04F806800ADD94F8FD
:10F90400545094F85510665D21440548675513F02A
:10F91400D5FF6655BDE8F08128AF0020D4B20020A1
:10F9240090B000201049002230B4134601F1440481
:10F9340011F8010F0344A142DBB21A44D2B2F7D149
:10F944000A490B4D91F846000A4C98422B702270DC
:10F9540002D0002030BC704791F84700801AB0FAFA
:10F9640080F030BC40097047A1610020A0610020F4
:10F97400F6B20020F7B2002030B40178447845880C
:10F984000C44E3B25A191944D2B202EB15230A44C7
:10F99400DBB21A440373D2B2427375B18168013D7C
:10F9A40011FA85F5013911F8014F2344A942DBB25C
:10F9B4001A440373D2B24273F5D130BC704700BF0E
:10F9C400F0B50B4C83B0526805460E46094F0192C0
:10F9D40069461A462046009704F028FE3246294616
:10F9E400204604F037FE204604F028FE03B0F0BDA4
:10F9F400D89400209C060020334882B0334B027810
:10FA040093ED007A07EE902A314BB5EEC07A314976
:10FA1400F8EEE77A304AF1EE10FA67EE877AD8BF4B
:10FA2400B1EE477AFDEEE76AC3ED007AF0EE087AAC
:10FA340082ED007ACDED016AB4EEE77ABDF90430C7
:10FA44000B80F1EE10FA2FD54278002B07EE902AA6
:10FA5400224AF8EEE77AD2ED006AE7EE267AFDEE66
:10FA6400E77ACDED017ABDF9042020DB03D00079DB
:10FA740003441BB20B809A4201DA13460A805242B5
:10FA84009342174BB8BF0A809A7812B10A8852423F
:10FA94000A80DB7A33B1B1F9003013F1FA0F0BDAD3
:10FAA40041230B8002B07047002B4279DEDA0079E3
:10FAB4001B1A1BB20B80DEE7FA2BA8BFFA239B109C
:10FAC40080331BB2EDE700BF18650020A4B000200E
:10FAD40024AF0020ECB2002048AA002034AE00205D
:10FAE40008650020214B10B51979214CA1B1B4F956
:10FAF400001040221F4B00291EDBC3F884205B68E2
:10FB04005A0602D41C4B1D4ADA6202200FF05AFC3A
:10FB140022881B4B1A8010BDB4F90030002B17DD6E
:10FB240003200FF04FFCB4F9001002200FF04AFC40
:10FB34002288134B1A8010BDC3F888205B685B06CB
:10FB440002D40D4B3822DA62494209B22180DCE743
:10FB54005B42022023800FF035FCB4F9001003202F
:10FB64000FF030FC2288064B1A8010BD0865002077
:10FB7400ECB2002000C0004200801F4038F00100B9
:10FB8400EAB2002058B938B5064D64242046013441
:10FB94000EF0ECFE05F8010F6C2CF7D138BDFFF721
:10FBA4008DBE00BF8F6400202DE9F0419FED6A0AED
:10FBB40082B002200FF06AFC9FED670A03200FF069
:10FBC40065FC022122200EF03BFE022120200EF0D3
:10FBD40037FE022125200EF033FE012104200EF011
:10FBE4002FFE052129200EF02BFE052118200EF0F2
:10FBF40027FE5A480DF0CCF9584819F081FB5848B3
:10FC040004F0CEF9002852D01021564810F0ECFE32
:10FC14005548564F0EF0FCF8554C00200EF0A6FE49
:10FC2400207001200EF0A2FE6070B4F90030B3F52C
:10FC3400166F47D04FF4166302A80422002140F83F
:10FC4400043D0FF023F810220A214A480FF01EF851
:10FC5400DFF820810D2228214748474E0FF016F87F
:10FC640003223C2145480FF011F8FFF727FE98F8CE
:10FC74000110F0EE086A98F8053032795B1A4049B1
:10FC840007EE903AF8EEE77A87EEA67A81ED007AED
:10FC9400002A5BD13B78002B3ED12121394810F05A
:10FCA400A3FE31480EF0B4F802B0BDE8F08104467A
:10FCB400152135482D4F10F097FE2B480EF0A8F86B
:10FCC4003C70A9E7314C04F1010804F11006C8F1B5
:10FCD4000B0528190EF04AFE04F8010FA642F8D1CC
:10FCE400254E28243546204601340EF03FFE05F803
:10FCF400010B352CF7D1214C3C200EF037FE20703F
:10FD04003D200EF033FE60703E200EF02FFEA070FA
:10FD14000020FFF737FFAAE728211D4810F064FEF2
:10FD240011480EF075F800210C200EF07DFD012124
:10FD34000B200EF079FD8021094804F02FF90021F1
:10FD4400074804F027F902B0BDE8F081012103203F
:10FD54000EF076FD9EE700BF0000F543F857002043
:10FD640038A60020640F00201C55002040650020A8
:10FD7400E4B200201865002008650020AC6400206F
:10FD840034AE0020BC0F0020780F0020176500203F
:10FD9400900F002038B50020234CFFF7F3FE162106
:10FDA400224810F021FE20460EF032F801211A20DC
:10FDB4001F4D0EF045FD01211B200EF041FD0121D8
:10FDC40026200EF03DFDE9781A200EF02DFDE9788D
:10FDD4001B200EF029FDE97826200EF025FD1521C3
:10FDE400144810F001FE20460EF012F80D211248BE
:10FDF40010F0FAFD20460EF00BF80023E9780A22F1
:10FE040020460EF02DF811210C4810F0EDFD20468F
:10FE14000DF0FEFFE9782046B1FA81F1BDE83840E3
:10FE240049090EF05DB800BF1C550020E00F00200A
:10FE340090640020F80F00201410002010100020FF
:10FE440070B505460E4615480D21144610F0CCFD3C
:10FE5400294613480EF044F80A21124810F0C4FD54
:10FE640031460F480EF03CF80A210F4810F0BCFD53
:10FE740021460B480EF034F809480DF0C9FF31460D
:10FE8400E8B20EF0D1FC34B1084B4FF47A701B6821
:10FE940000FB043070BD204670BD00BF241000205C
:10FEA4001C5500203410002040100020C4B2002053
:10FEB40010B5124C23681BB1114A1268934211D336
:10FEC400104C23686BB10E4A12689A4215D90E4B36
:10FED40000221B20D978891A18BF0121FFF7B0FF2F
:10FEE400206010BD084B00221A20D978891A18BF47
:10FEF4000121FFF7A5FF2060E2E710BDB0AF0020AD
:10FF0400C4B200209CAE00209064002038B5474D58
:10FF1400474C2B780BB1A378DBB90022E1781A2087
:10FF2400891A18BF0121FFF78BFF0022E1781B20FB
:10FF3400891A18BF0121FFF783FF0022E1782620E8
:10FF4400891A18BF0121FFF77BFF3A4B00221A7070
:10FF540038BDFFF7ADFF384BE1781A788AB1B1FAB2
:10FF640081F1002226204909FFF76AFF314A2B78E4
:10FF74001178994204D0022B13701ED0012B08D0A3
:10FF840038BD00314FF0260018BF0121FFF758FF9C
:10FF9400ECE7A378264C002BF2D0E379012B20D098
:10FFA400022BEDD1E1781B206278B1FA81F1490985
:10FFB400FFF746FF214B1860E2E7A3781C4C002BA7
:10FFC400DED0E379012B1ED0022BD9D1E1781A209F
:10FFD4002278B1FA81F14909FFF732FF184B186012
:10FFE40038BDE17800221A20891A18BF0121FFF7D1
:0CFFF40027FFE17800221B20B1FA81F108
:02000004600397
:10000000BDE838404909FFF71DBFE17800221A20FA
:10001000B1FA81F14909FFF715FFE17800221B20B1
:10002000891ABDE8384018BF0121FFF70BBF00BF98
:100030000DB30020906400204865002024B3002008
:100040009CAE0020B0AF002030B40378802B01D0EC
:1000500030BC70474378812BFAD183787F2BF7D15E
:10006000C378EF2B0ED0EE2B15D0EC2BF0D1194B23
:10007000043003F1180110F8012F03F8012F8B420F
:10008000F9D1E5E7C4791449027A144B0C701A705F
:1000900030BCFFF73DBF124B8179027A597012F0E4
:1000A0000101447902F0020218BF01211C70D970CD
:1000B00002F0FF0162B101229A70457A847AC17A16
:1000C000027B1D715C719971DA7130BCFFF7F8BB6E
:1000D0009970F2E7B36400200DB3002024B3002030
:1000E00090640020B94B1B7803B970472DE9F043A9
:1000F000B74C89B0204604F035FB80B2042802D802
:1001000009B0BDE8F083B34D18222046294604F01B
:10011000CBFA2B78802BF3D16B78812BF0D1AB7895
:100120007F2BEDD1EB78FE2B25D0FC2B00F0F4805B
:10013000FB2B00F09181C82B00F0FB81C92B40F014
:1001400057822A79A34B052ADAD15A79C92AD7D1FD
:100150009A79C92AD4D1A04C0322DE793C211D7A98
:1001600020465B7A2670A37065700EF091FD9B4B64
:100170009B4A1A60C4E79B4B1B78002BC0D095F9B3
:1001800009202B7AB5F8051043EA0223964E07EEB4
:10019000101A964906EE103A954CB8EEC77B0A78CD
:1001A000B8EEC66BEB793270D71A2468914A18BF43
:1001B00001270B7090489149914E1460DA0737700F
:1001C0009FED7C4B9FED7D5B26EE046B27EE057B60
:1001D000B7EEC66BB7EEC77B80ED006A81ED007AA3
:1001E00040F1C281B7EEC77AB4EEC57BF1EE10FAEA
:1001F00000F1BA81834B1B78012B00F0B581824B53
:1002000000221A70814927239FED817A0F22D1EDB8
:10021000007AB8207F4C222167EE877A7E4E2372C7
:100220007E4BFDEEE77A7E4FE2711A78CDED017AD2
:10023000BDF90430B6F800C097F900E01E126371F2
:10024000A671BEF1020F774E6072AF7AA172E272B0
:100250007549E87A2A7B754B84F80CC037700870B2
:100260001A7040F3C3810222002013460133A25CBE
:10027000DBB21044734500B21A46F7DBDFF8D481D5
:1002800004AD6B4F0E2104F80E002A46D8F8046026
:10029000684C3B885F4805960494FFF793FB664BD8
:1002A0001A7A1AB95B7A002B3FF42AAF634E33787F
:1002B0005A1C022B32707FF623AF614B614AD3ED9B
:1002C000007A92F900E0FCEEE77ADFF87CC1BEF13B
:1002D000020F17EE903A8CF8053040F38481022229
:1002E0004FF00009134601331CF80220DBB24A44E8
:1002F00073450FFA82F91A46F5DBD8F804002A464E
:100300003B880E21059050480CF80E900494FFF79E
:1003100059FB00233370F3E6324B1B78002B3FF47C
:10032000EFAE287A10222B7B0A2107EE900A474C69
:1003300006EE103A6B7AB8EE677AEF7A05EE903AED
:10034000B8EE466AAB7AB7EEC77A6E79F8EE655AC0
:1003500043EA0723B7EEC66AAD796380C4ED025A5B
:1003600020712046267065719FED164B9FED115B45
:1003700027EE047B26EE056BB7EEC77BFCEEC77A53
:10038000B7EEC66B17EE903A84ED036A63700EF019
:100390007FFC6379F0EE086A61782D4A5B1A07EEFC
:1003A000903AF8EEE77A87EEA67A82ED007AA7E631
:1003B000AFF300807B14AE47E17A843F9A99999914
:1003C0009999B93F333333333333F33FF8B20020D5
:1003D000D894002064A60020AC6400200CED00E05E
:1003E0000400FA054065002016B300200BB300207E
:1003F000C4B2002030AE0020A8B000202CAE0020F7
:100400000CB30020496500204B650020A0B00020FF
:100410000000C8420C550020EAB2002021B30020A1
:100420004265002023B300201BB300201CB3002032
:10043000CC6400209C0600200865002001B3002049
:1004400088B0002041650020FC5400201865002081
:1004500034AE0020CC9400206B79994C13F001024B
:1004600018BF0122227003F0020202F0FF01002AED
:1004700000F08E800122627003F0040202F0FF019E
:10048000002A00F083800122A27003F0080202F02B
:10049000FF01002A78D00122E27003F0100202F07E
:1004A000FF01002A6ED00122227103F0200202F027
:1004B000FF01002A64D00122627103F0400202F0C1
:1004C000FF01002A5AD00122A2711B06AA794CBF53
:1004D00001230023A272E3712B7A794A13F0010100
:1004E00018BF0121D17203F0020202F0FF01002ABD
:1004F00042D00122227203F0040202F0FF01002A1E
:1005000038D00122627203F0080303F0FF02002BCF
:100510002ED0012323730D22282169480EF0B8FB49
:100520002379002B3FF4ECAD012103200EF08AF972
:10053000E6E5644B1B786BBB634B1B783BB9634BA5
:100540001B7823B9624B1B78002B3FF4D9AD61486F
:1005500004AA614B0B214568604C1B8860480595D7
:100560000494FFF72FFACBE55E4B66221A7049E63A
:100570002273D0E76172C6E72172BCE7A171A4E7DC
:1005800061719AE7217190E7E17086E7A1707CE7DD
:10059000617071E7544B04AA9FED547A0B21D3ED9F
:1005A000007A4C4867EE877A514B524DB3F90030D0
:1005B000FDEEE77A4068504C2F781D12CDED017AA0
:1005C0000590BDF90400444E4FEA202E2572434D9C
:1005D000E37160712046338884F806E06772049501
:1005E000FFF7F0F9A8E74FF0000986E6002045E69E
:1005F000CA2B58D12A79414B032A7FF481AD5A790D
:10060000CA2A7FF47DAD9B79CA2B7FF479AD3C4B30
:10061000002294F814C04FF0800E1D788127D978FD
:10062000CB268DF8155010469D7893F8018017233E
:100630008DF812108DF8181007218DF8175004ADA1
:100640008DF819C094F815C0A47D8DF816808DF82A
:100650001AC08DF81B408DF810E08DF811708DF8E0
:1006600013608DF814108DF81C30AB1801329B7894
:100670000A2A03EB0004A4B220B2F6D1FF26174FDA
:10068000284642F20F7302AA0D218DF81C400297F2
:100690008DF80C608DF80D608DF80E608DF80F6090
:1006A000FFF790F92CE503F11202D2B2012A02D928
:1006B000EC2B7FF425AD1148FFF7C6FC20E500BF09
:1006C00008650020406500202CB300202DB30020D9
:1006D0002FB30020CC940020CC6400209C06002086
:1006E000846400204B650020A0B000200000C842B8
:1006F000E6B2002021B300207864002064A6002028
:10070000D49400202DE9F04782B0A64DFFF7EAFC13
:10071000A5492A680B68A548D31A0260182B16D879
:10072000A34EA44A2B6811689E4A5B1AB3F57A7FE0
:1007300080F00581A049136808681B1AC82B3AD8B5
:1007400033789B4C002B5AD102B0BDE8F0879B4F09
:100750000120974E3B789A4CFA2B30700A6094BF78
:100760001B1866232220DFF898923B700EF064F885
:10077000637989F80000012B00F09781A379012BA0
:1007800000F0F4818F4B1B78002B4ED08E4B1B78E2
:10079000012B00F0F981002B47D1DFF8688298F82F
:1007A0000030002B43D1894A117801293FD188F8C4
:1007B000001013703BE08648136890ED007A0B60E0
:1007C000B7EEC77A834B9FED736BB4EEC67BF1EE49
:1007D00010FA40F3B58018780022754C9FED6F6BCE
:1007E00027EE067BB7EEC77BFCEEC77ACDED017A2C
:1007F000BDF804100DF0DAFB3378002BA4D02520CF
:100800000EF01AF8744B75491A78087082429BD022
:100810001870002898D02378002B95D0704A0021BA
:1008200013782170013313708EE7DFF8D881E379F4
:10083000634A2BB16A4B927A1B789A4240F2EC8061
:10084000237ADFF87CA1002B40F0F480637A002B40
:1008500040F0338125200DF0EFFF98F80010830061
:1008600099F80020DFF8A0E143EA4103DFF89CC1DA
:10087000E17813438CF800008EF8003009B14FF492
:100880008041DFF88C81574803F088FB554803F01E
:10089000ADFBA8F80000534803F0E0FBB8F90020D6
:1008A000514952105148DFF86C91114413B222782B
:1008B0000180A8F800304E49002A62D04A8891EDA4
:1008C000027AC2F56542B1EE477A6B3213441BB22D
:1008D00007EE903AA8F80030F8EEE76AC6EE877A9D
:1008E000F5EEC07AC9ED007AF1EE10FA00F12E8132
:1008F0003B78632B28D82379314A002B00F0D08035
:100900005378002B00F02D81002103200DF08EFF85
:10091000384BD9ED007A93ED007A374B77EEC77AF2
:10092000C3ED007AFFF76AF8FFF7DEF801210C202B
:100930000DF07CFF00210B200DF078FFF1E6254B38
:1009400018780DF0CDFBFBE621791D4B002900F056
:10095000A3805978002900F00081012103200DF0C7
:1009600065FF0024254B1C80FFF7BEF81C4B0121BE
:100970000B201C700DF05AFF21460C200DF056FF85
:10098000CFE64A8891ED027AA2F5D452153A9DE756
:10099000AFF30080295C8FC2F528BC3FF54A598629
:1009A000380E4240C4B20020F061002018620020DE
:1009B00008B3002030AE00209CB000204B65002022
:1009C000086500200CB300200BB3002017B30020F3
:1009D0002CAE00204A65002010B3002022B3002076
:1009E00018B3002038A6002070E5FFFFE6B2002013
:1009F00018650020A8B00020A4B00020ECB20020B0
:100A000030B300204965002021B300201DB3002031
:100A1000F0B20020A0B0002001237648764A0021E1
:100A200088F800300370237A1170DFF8E4A1002BFE
:100A30003FF40CAF18200DF085FC06EE100A9AF872
:100A40000A30BAEECF6A6D4A06EE903A6C4B9FEDD3
:100A5000614BB7EEC67A93ED005AF8EEE66A82ED86
:100A6000006AB7EEC55A27EE047B9FED5C4BA5EEFE
:100A7000047BB7EEC77BB4EEE67A83ED007AF1EE45
:100A800010FAFFF6E3AE01235A485B4A002188F8CA
:100A9000003003701170D9E604200DF0C7FE60E746
:100AA000012104200DF0C2FE32E7DFF8688120202A
:100AB0000DF0C2FE88F80000B9E629200DF042FCD6
:100AC00007EE900A4E4BF8EEE76ADFED4E7A93EDB3
:100AD000005A9FED4D6A77EEE66A484AF6EE007AD4
:100AE000B7EEC55AF5EEC06A9FED3E3BF1EE10FA47
:100AF0009FED3E4BD8BFF1EE666A66EEA76AB7EE91
:100B0000E67AC2ED006AA27A27EE037B06EE902A0F
:100B1000F8EEE66AA5EE047BB7EEC77BB4EEC67AC4
:100B2000F1EE10FA58BFB0EE467AF4EEC76A83EDE4
:100B3000007AF1EE10FA3FF68DAE01232D482E4AD1
:100B4000002188F800300370117083E691ED037A7C
:100B500067EE277AC9ED007ACAE603200DF066FE3B
:100B6000FFE6012103200DF061FED1E620200DF00B
:100B700063FE264B1870A0B91F4B1A78012A15D0B6
:100B8000DFF89080187052E6DFF8888098F800301F
:100B9000012B7FF44CAE184A117800297FF447AE40
:100BA00005E6154BDFF86C80187040E61149DFF858
:100BB000648091F800E0BEF1010F04D00A7088F85B
:100BC0000020187033E6087088F8000018702EE6D0
:100BD000AFF300809A9999999999D93F3333333378
:100BE0003333E33F9A9999999999B93FCDCCCCCCBD
:100BF000CCCCEC3F4765002017B300208CB0002020
:100C000088B0002000C0414400007F431AB3002098
:100C1000086500204965002010B50A4C00224FF4F9
:100C2000E13120680CF016FD20684FF4007206498F
:100C30000CF08CFE20684FF400720449BDE81040AF
:100C40000CF06ABEB4560020C8A10020C89F002046
:100C5000042970B41CD0841C0D1F4FF6FF720E4E79
:100C6000254414F8013B5340AC42DBB236F8133054
:100C700083EA1222F5D1014411F8010C11F8023C6B
:100C800003EB0020801AB0FA80F070BC4009704776
:100C90004FF6FF72EFE700BFA00600202DE9F047F6
:100CA000684D694C2E46DFF8E081684F286803687C
:100CB0001B699847002800F08C80306803685B69E6
:100CC00098472378C0B2604A032B61D8DFE803F06D
:100CD0006B66560298F800C0DFF88CE10CF1010158
:100CE0005B4B9EF800E0C9B203F80C000EF1040063
:100CF00088F8001088424BDA002154481170997826
:100D00000023DFF84C91053103704846C9B2FFF764
:100D10009FFF8246002872D04E4B4F4A196899F8BF
:100D200003301160162B56D0232BBFD14B4B99F8B3
:100D30000B2099F80C101A70597099F80D2099F839
:100D40000E109A70D970464A99F80F3099F8101021
:100D50001370517099F8113099F812109370D17086
:100D6000404B99F8132099F8140099F815101A704F
:100D700099F8162058709970DA7097E73A4903226B
:100D8000334B3B280870987088F8002012DC2270E2
:100D90003B782E48002B89D02D4BB0E7552813D037
:100DA00000232370F4E7AA28F2D1294B01221870FE
:100DB0002270EDE7002318212C4823700FF016FE57
:100DC0002B480DF027F8E3E7214B022258702270E0
:100DD000DEE7BDE8F08799F8112099F80B10254B54
:100DE00002F0070224481970027099F80D1099F862
:100DF0000C0099F80E2058709970DA7056E70E21A1
:100E00001E480FF0F3FD1A480DF004F808211C48A5
:100E10000FF0ECFD53460A2299F8021014480DF029
:100E200021F813480CF0F6FF0A2116480FF0DEFDFA
:100E30000D4B0F48197805310DF054F80C480CF0A3
:100E4000E9FF33E7B456002012B300200AB30020B4
:100E5000749D0020C4B20020C8A30020C09F0020C1
:100E6000B49D0020D0A3002011B300204C1000201E
:100E70001C550020CCA3002019B3002068100020CE
:100E8000781000208410002015B30020F0B52C212C
:100E900083B067480FF0AAFD66480CF0BBFF4FF423
:100EA0007A620021644803F0C3F903F001FB0028D3
:100EB00000F0908003F0ECFA022800F0B0805F4B65
:100EC0005F48604C19785D789A7803782170657076
:100ED000A270002B7BD178200346E0705A4E5B480D
:100EE0008DF8041069468DF806208DF807308DF8CE
:100EF0000550009603F0ECFA142155480FF076FDEA
:100F00004C480CF087FF112152480FF06FFD6846E6
:100F100003F0D0FA474968464F4D0CF061FE454852
:100F20000CF078FF4FF0010EA278FF2327781921EB
:100F300066784A48AA7180F800E0EB7148482F7142
:100F40006E710FF053FD684603F0B4FA39496846F4
:100F5000444C0CF045FE37480CF05CFF1821424829
:100F60000FF044FD334928460CF03AFE31480CF0AE
:100F700051FF1A213D480FF039FD3D4900230A2257
:100F800009682C480CF06EFF2A480CF043FF2188BA
:100F9000384803F0F7FA30BB374C3848218803F063
:100FA000F1FA70BB364C3748218803F0EBFA60B198
:100FB000362135480FF01AFD216800230A221D480A
:100FC0000CF050FF1B480CF025FF03B0F0BD7E2352
:100FD000E37083E730212D480FF008FD15480CF031
:100FE00019FF03B0F0BD242129480FF0FFFC216850
:100FF00000230A220F480CF035FF0E480CF00AFFC0
:10100000CAE7262123480FF0F1FC216800230A22B9
:1010100008480CF027FF07480CF0FCFEC2E74A2105
:101020001D480FF0E3FC03480CF0F4FE47E700BF57
:10103000901000201C55002098640020AC64002013
:1010400040650020D49400209C0600206895002074
:101050004011002058110020CC940020F8B200204C
:101060006C110020D064002088110020A411002001
:10107000CC64002038950020F05400200895002012
:10108000EC540020D894002010120020C010002042
:10109000C0110020E8110020F410002030B5954860
:1010A0002DED048B8DB002F091FC18B90DB0BDECA4
:1010B000048B30BD0DF11B020BA90AA809AB0292EB
:1010C00008AA019107A900908A4802F0DBF89DED7B
:1010D000076ADDED0A6A26EE067A9DED085ADDED17
:1010E000095AA6EEA67AA5EE057AA5EEA57AB7EE80
:1010F000C77AB1EEC70BB4EE400BF1EE10FA40F038
:10110000DF80B7EEC00BB0EE004BB7EE001BC5EEB4
:10111000007A85EE807A86EE005AC6EE805ACDEDD2
:10112000087A27EEA78A8DED097AB0EE486AA7EE15
:10113000076A8DED075A65EE277AE5EE877ACDEDE1
:101140000A5AB7EEC66AA6EE441B37EEA70AB7EEF8
:10115000C00AB7EEC11BB7EEC11A0FF025FEB7EEFD
:10116000C00B654BB7EEC07AB1EE400A9FED5D6BE8
:10117000B7EEC00A27EE067B83ED000BFDEEC77BC2
:10118000CDED057ABDF9143007EE903AF8EEE77A26
:10119000F5EEC07AF1EE10FA00F18A80574BC3EDFC
:1011A000007ADDED096AB7EE006A9DED077ADDEDA4
:1011B0000A5A27EE660ADDED087AA5EEA70A30EE98
:1011C000000AB4EEC60AF1EE10FA67DDB7EE000BC6
:1011D000A7EE078A4A4B67EEA67AB0EE004B1B7B60
:1011E000B7EE001BE5EE877AB7EEC86AA6EE441BA1
:1011F00037EEA78AF7EEC18B53BB0FF07FFD414B53
:10120000B7EEE81A404C9FED399B20EE097BB7EE14
:10121000C80AB7EEC77B83ED007A0FF0C5FD20EE5C
:10122000090B3A48B7EEC09BB0EE490A84ED009A2C
:1012300002F03AFE354802F075FE354B83ED000AA8
:10124000B1EE400A84ED000A0DB0BDEC048B30BD58
:101250009FED269B0FF052FD2B4C2D4D20EE090BE0
:101260002A48F7EEC07BB0EE670AC4ED007A02F0C0
:101270001BFE264802F056FEB7EEE81A85ED000A7E
:10128000B7EEC80A0FF090FD20EE099B1D4B95EDBF
:10129000000AB7EEC99B83ED009AD1E7BFEE006A62
:1012A000B4EEC60AF1EE10FA17D5BFEE000B8FE7C9
:1012B0009FED187A114B77EE877AC3ED007A70E7CD
:1012C000B0EE470B0FF0B2FEDDED0A6A9DED076A46
:1012D0009DED085ADDED095A13E7B7EEC00A77E72E
:1012E000AFF300803B597E90A9E781C03B597E90C7
:1012F000A9E7814084A6002088920020E0B2002067
:1013000008650020ACAF0020C0AF0020A4AE0020D4
:101310007CA60020000061452DE9F041174E82B007
:1013200073782A2B27D0711C00225A4011F8013FF4
:101330002A2BFAD1111102F00F04114B002702AD34
:101340000E48D3F80080ADF8007018F8013005F8A9
:10135000083D12F017FB2946304412F0ABF818F89C
:10136000043002A9ADF8047001F8043D12F0A8FAA7
:1013700002B0BDE8F08100242146DEE7BCAE0020CB
:10138000EC6100204A4B1B7870B54A4D82B0002BAF
:1013900000F08380484B93E8030085E803002C2489
:1013A000444812F0EFFA45492844454E12F082F8BD
:1013B00044490470013012F07DF843490470013053
:1013C00012F078F841490470013012F073F8404986
:1013D0000470013012F06EF83E490470013012F0D2
:1013E00069F83D490470013012F064F83B4904701B
:1013F000013012F05FF83A490470013012F05AF8E7
:1014000038490470013012F055F837490470013042
:1014100012F050F835490470013012F04BF834499D
:101420000470013012F046F832490470013012F0B5
:1014300041F831490470013012F03CF82F4B1B8801
:101440000380FFF769FF1B4812F09CFA2C4B2A1807
:101450001C88997833782C52917013B9294B1B78DA
:101460000BB3294B1B78B3B1124812F08BFA274B00
:10147000274A04465D686946264B128826488DE84F
:10148000280003F0D5F822460A49234803F0E4F87F
:10149000214803F0D5F802B070BD204B93E803005B
:1014A00085E803007BE7811C02480FF09FFAD8E72C
:1014B0002EB30020BCAE00204812002050AA00200D
:1014C00013B3002078AE002074AE00208CAE002054
:1014D00088AE00204CAA002020AF00206C9D002088
:1014E00050A6002044A6002090B0002038AE002076
:1014F00048AE002040AE002054AE0020581200201C
:101500005C12002014B30020F8B20020CC9400201C
:10151000CC6400209C06002038950020501200204A
:101520002DE9F04149480024494A4FF47A7C494B5F
:101530000826DFF85CE10721474FC0F808C0C0F873
:1015400000E0464DC2F808C0C2F800E0C3F808C089
:10155000C3F800E007618677176196771F619E7771
:10156000047104734461046244628462C46214714D
:1015700014735461146254629462D4621C711C73BB
:101580005C611C625C629C62DC62354BDFF804814A
:101590001F6004272A6840465C60324B1A6002F0E4
:1015A00051FC4046304A31494FF00E0810F082FE9F
:1015B0002F4B4FF00C0C4FF0090E0A205A2201213C
:1015C000A3F826C1A3F82861A3F82A61A3F82CE1A7
:1015D000A3F82E71D5F800E0A3F83001C3F88440D9
:1015E00083F88A4083F8BC4083F8CC40A3F8884055
:1015F000A3F824812E681F4B1F48204F83F85B20DF
:1016000083F87F10C7F800E0DC651C6683F87C4037
:1016100083F87E4083F8804083F8814083F87D40E2
:1016200083F85A4006600DF09BF8154B18600DF0DA
:101630007BF94821134802F099FC286812492A686E
:10164000124B08601A60BDE8F08100BF3895002099
:1016500008950020D89400209C060020C4B20020E9
:10166000CC9400209CB00020E85400209546000057
:1016700084A6002028AF002050AE0020C8A3002080
:101680002CAA002038A6002030AE002080A6002022
:10169000D4050020A4AE002000000000F0B5AF4C3F
:1016A00023782DED028B83B0C3B1AD4B0221AD4A3F
:1016B000042093ED000BB7EEC00B0DF0C5FBAA4B59
:1016C000AA4A0221042093ED000BB7EEC00B03B031
:1016D000BDEC028BBDE8F0400DF0B6BBA44B1B780F
:1016E00073B9A44B1B78002B6ED1A34B1B78002B36
:1016F0003DD12378002BD8D103B0BDEC028BF0BDD7
:101700009E4BB2EE048A0A229849D3ED007A67EE26
:10171000887AFDEEE77A17EE900A11F00DF8984BF3
:101720001B7B002B00F0EE80964B0A229649D3EDEE
:10173000007A67EE887AFDEEE77A17EE900A10F0ED
:10174000FBFF924BD3ED007A0A22864927EE888A66
:10175000FDEEC87A17EE900A10F0EEFF0A228C49CF
:10176000002010F0E9FF844B1B78002BC1D0894B7F
:101770000A227E49D3ED007AFDEEE77ACDED017ABB
:10178000BDF9040010F0D8FF834B0A227E49D3ED47
:10179000007AFDEEE77ACDED017ABDF9040010F094
:1017A000CBFF7E4B0A226F49D3ED007AFDEEE77A3C
:1017B000CDED017ABDF9040010F0BEFF0A22744994
:1017C000002010F0B9FF94E7754DC02301261C21BD
:1017D000284685F8A53085F8306185F82F610BF033
:1017E000A3FB314628460BF081FC334603222846F2
:1017F00060210BF0EBFC95F8A30095F8A220831A6A
:10180000022BFDDD904240F28C80511CAB18644FDE
:10181000C9B293F91A60814285F8A2104FEA0626F0
:101820007FD2394402328B7E87F8A220334307EE01
:10183000903AF8EEE77AF1EE677AC0230127574E27
:1018400002215748C6ED007A85F8A53085F8307139
:1018500085F82F710BF068FB394651480BF046FCB8
:101860003B46032260214E480BF0B0FC95F8A310D4
:1018700095F8A2208B1A022BFDDD914257D9531CFB
:10188000A818474FDBB290F91A008B4285F8A230B6
:101890004FEA002050D23B4402329B7E87F8A220C0
:1018A000184306EE900A9FED277BB8EEE66B9FED9E
:1018B000275B26EE077B27EE057B3A4B0A222B4956
:1018C00083ED007B10F038FF95F8A23095F8A31057
:1018D000334A994228D9591C134493F91A0082F8C3
:1018E000A2100A22284910F027FFD6ED007A0A221A
:1018F0001C49FDEEE77ACDED017ABDF9040010F048
:101900001BFF2BE7214B0A221F49D3ED007A67EE1C
:10191000887AFDEEE77A17EE900A10F00DFF194B6A
:1019200010E7F7EE007A88E74FF0FF30D9E74FF085
:10193000FF309FED087BC0E79FED067B4FF0FF3047
:10194000BBE700BF9A9999999999B93F399D52A2DD
:1019500046DF913FF561B70371985CBF2EB300205D
:10196000A892002048AE00209892002038AE0020B7
:101970002FB300202DB300202CB30020D0A30020D3
:1019800008650020B49D002040AE0020C09F0020CC
:1019900054AE0020E0B20020ACAF0020C0AF002069
:1019A000B8560020889200200000000038B5634B34
:1019B0006348DA7F997F93F8205001EB022193F876
:1019C000214001EB054202EB046207EE902A90ED04
:1019D000006BB8EEE77B5B489FED4C4B9FED4D5B9A
:1019E000A7EE046BB4EEC56BF1EE10FAA8BF36EEAD
:1019F000456BB5EEC06B80ED006BF1EE10FA5FD475
:101A0000DD7E9A7EDC7D02EB05221D7F997D02EB57
:101A100005425D7F01EB04211C7E02EB05624A4D0D
:101A200001EB04415C7E07EE102A93F9292004EEB5
:101A3000102A01EB0462B8EEC77B444C00EE102A7A
:101A400093F92820B8EEC44B93F8423005EE102AE3
:101A5000B8EEC00B83F0020183F00402B8EEC55B60
:101A6000C1F34001C2F380029FED2C3B9FED2D2B73
:101A70000A43A4EE037BA5EE030B26EE026B84ED76
:101A8000007B85ED000B80ED006B18D103F00102A7
:101A900082F001059AB1C3F3C103022B15D02C4B80
:101AA0000A202C4A93ED007B9FED206B117827EEE6
:101AB000067B83ED007B0CF0B9FE274B1D7038BD13
:101AC0009FED147B36EE076B9AE7B5EE407BF1EEA7
:101AD00010FA03D137EE037B84ED007B80EE070B19
:101AE0000FF00CF91A4B01210A209FED127B20EE1A
:101AF000070B83ED000B0CF099FEFFF7CFFD164BA3
:101B000001221A7038BD00BFAFF300802D431CEBDB
:101B1000E2361A3F000000000020AC407B14AE47C4
:101B2000E17A843F9A9999999999B93FCDCCCCCCD7
:101B3000CCCCEC3FF8C1631ADCA54CC0A0610020FE
:101B4000B850002098920020A0920020809200209F
:101B5000A892002003B3002007B300202DE9F04134
:101B6000BC4CACB094F85B50C5F15A05002D40F365
:101B7000948094F85910002794F858602144B6488E
:101B800014F80680A75511F09BFE012D04F806807D
:101B900000F0838094F8581094F857602144AF48BF
:101BA00014F80680A75511F08BFE022D04F806806C
:101BB00073D094F8571094F856602144A84814F84C
:101BC0000680A75511F07CFE032D04F8068064D032
:101BD00094F8561094F855602144A24814F80680F1
:101BE000A75511F06DFE042D04F8068055D094F829
:101BF000551094F8546021449B4814F80680A7556A
:101C000011F05EFE052D04F8068046D094F85410BD
:101C100094F853602144954814F80680A75511F0B4
:101C20004FFE062D04F8068037D094F8531094F830
:101C3000526021448E4814F80680A75511F040FEEA
:101C4000072D04F8068028D094F8521094F85160BB
:101C50002144884814F80680A75511F031FE082D5C
:101C600004F8068019D094F8511094F8506021447B
:101C7000814814F80680A75511F022FE0C2D04F8B7
:101C800006800ADD94F84C5094F84D10665D2144AE
:101C90007A48675511F014FE6655794C217859B38E
:101CA00001210D200CF0C2FD21780123754D594012
:101CB000754A2E78217013700EB1744A1370744BEC
:101CC0001B78EBB9734B1B7823B9734B1B78002B34
:101CD00000F01081FFF7E2FCFFF754FB6B4B002292
:101CE0002C781A70002C00F019816C4F3A686C4BFC
:101CF0001A602CB0BDE8F0810D200CF097FDD3E701
:101D0000664F0126674A684B39681E701160FFF7FD
:101D100039FB00225D4B2D781A70002D00F01581E3
:101D2000624D2B78032B00F20381012BDED9217841
:101D30000A200CF07BFD2178092081F001010CF0D4
:101D400075FD5B4B1B78002BD0D05A4A43F6982187
:101D50003B681068514C1B1A8B42C7D9236808A8EE
:101D60005549812613600CF027FA544B022104A830
:101D700093ED000A0CF066FA04A908A80CF0B2FA78
:101D80004F490CF0B7FA044629780CA80CF046FA33
:101D90000CA9204680250CF0A5FA014668460CF0F7
:101DA0001FFA0CA80CF0C8F904A80CF0C5F908A893
:101DB0000CF0C2F92C2143480EF018FE6946424847
:101DC0000CF002F840480CF025F82A4600210CA837
:101DD00011F04CF8029C8DF8305005257E23A01C94
:101DE000DD218DF83550A51D8DF834008DF8323089
:101DF000621C8DF83310684600230DF137018DF811
:101E000031600CF085FA012D04F1080640F3A6803C
:101E10000222002113462CA801330244DBB212F83F
:101E2000802CAB4211441A4688B201B2F3DDC3B232
:101E30002CAA16212548144404F8793C0EF0D6FD4E
:101E400021480BF0E7FF002E40F38A800DF12F05AB
:101E5000002445E028AF002050AA002078AE0020E2
:101E600074AE00208CAE002088AE00204CAA00206A
:101E700020AF00206C9D002050A6002044A600202A
:101E800003B300202EB30020FAB2002006B30020D6
:101E90002FB300202CB300202DB30020C4B20020AB
:101EA00028AE002050AE00200EB3002019B3002051
:101EB000F8B2002080A6002080120020CCA30020D1
:101EC000A0120020AC1200201C550020601200203F
:101ED00015F8012F2E492F480BF0B4FFA6423FD032
:101EE00014F00F0F04F10104F2D101212A480EF081
:101EF0007DFDEDE7002E7FF4F8AE0920274F0CF0B2
:101F000095FC31460A200CF091FC0A2224494FF638
:101F1000FF7010F011FCFFF735FAE7E60121092008
:101F20000CF084FC21460A201C4F0CF07FFCDDE6FF
:101F3000002109200CF07AFC2B780A20042B0CBF1E
:101F4000217801210CF072FCD0E6314609200CF01A
:101F50006DFC29460A200CF069FCE1E6002367E7E6
:101F600001210D480EF042FD0A480BF053FF0D49C8
:101F70000D4B0CA84D6808AA0C4CF1B21B880995B2
:101F80000894FDF71FFD68460CF0D6F8AEE600BFDA
:101F9000781200201C550020B0270020C4B2002079
:101FA00038AE0020CC940020CC6400209C06002099
:101FB0002DE9F04F4FF4FA7083B00CF06BFB012168
:101FC0000D20BB4D0CF03EFC012105200CF03AFC2D
:101FD000012106200CF036FC012109200CF032FC16
:101FE00001210A200CF02EFC01210B200CF02AFC10
:101FF00001210C200CF026FC95F87C70AD4B012FD4
:10200000EB6540F2D181AC4C0A200CF043FBAB4DA8
:10201000266840F2EE28AA4FDFF8249304E0B3F5D7
:10202000FA6F15D80EF068FD0EF066FD2B7843B1FF
:102030003B78DB0705D52368D9F800209B1A0E2BC7
:1020400006D823682A789B1B002AE8D14345E9D9A2
:102050000A209C4D0CF01EFB0B219B4801260EF024
:10206000C5FC9A480BF0D6FE286800224FF4E12107
:102070000BF0F0FA28684FF4007295490BF04CFC15
:1020800028684FF4007293490BF060FC0A200CF0B2
:1020900001FB00224FF416518F480BF0DBFA8F4DF5
:1020A0004FF400728E498C480BF036FC0A200CF07D
:1020B000F1FA286800224FF4E1210BF0CBFA2868EE
:1020C0004FF4007287490BF027FC4FF40072286828
:1020D00085490BF03BFC3A2184480EF087FC7B4895
:1020E0000BF098FE172182480EF080FC77480BF029
:1020F00091FE804DFDF75AFD16217F480EF076FCCB
:1021000072480BF087FEFEF7C1FE18217B480EF0E7
:102110006DFC6E480BF07EFEFDF73EFE1121784807
:102120000EF064FC69480BF075FE284617F0EAF8DB
:10213000C0232846314685F8A53085F8306185F8FA
:102140002F610AF0D3FF0746002848D112216D48BD
:102150000EF04CFC3B46102260215C480BF082FEE6
:102160005A480BF057FEDFF8DC910A216648674FAA
:102170000EF03CFC664C55480BF04CFE89F80060B4
:1021800064200CF087FA0C2162480EF02FFC99F8BD
:1021900000104E480BF0A6FE4C480BF03BFE0C2105
:1021A0005D480EF023FC397848480BF09BFE474809
:1021B0000BF030FE0B2159480EF018FC21784348F3
:1021C0000BF090FE41480BF025FE212154480EF003
:1021D0000DFC3E4803B0BDE8F04F0BF01BBE1B21C9
:1021E0005048DFF860910EF001FC38480BF012FE09
:1021F00099F80030002B40F04081DFF84CB14A23C1
:10220000DFF84881414FDA4601263A488BF8003022
:1022100003FA06F2314685F8306185F8A52085F885
:102220002F610AF063FF0346019002213E48002B14
:1022300040F08E800EF0DAFB019B10229AF800101D
:1022400022480BF00FFE0B2138480EF0CFFB1F4841
:102250000BF0E0FD9AF80010FF23264A344801F005
:1022600069FD2921002800F08C80324921480BF0BB
:10227000A9F84FF496700CF00DFA14212C4801F0D7
:102280003BFD3E70FEF7C8FCC8200CF003FAFEF7D9
:1022900005FD294A2368182112689B1A502B77D90B
:1022A00026480EF0A3FB0948194C0BF0B3FD67E775
:1022B00028AF002081000000C4B2002029B3002014
:1022C00028B30020AC560020EC1200201C55002042
:1022D0006C9900206C9B00208C550020B05600208B
:1022E000C09D00206C9500206C970020F812002003
:1022F00034130020B85600204C1300206413002033
:102300008013002094130020A81300202CB3002079
:102310002FB30020601400207014002080140020CF
:102320008C140020B4130020A4130020D01300202C
:1023300084A60020801A0600C8A3002044140020B0
:10234000C8B400202DB3002004B30020C80500202D
:102350000EF04CFB002310229AF8001048480BF0B6
:1023600081FD1E2147480EF041FB45480BF052FD10
:102370003B78002B86D1444B434583D018F8013F6E
:1023800042E742480EF032FB3D480BF043FDEFE7D9
:102390003F480EF02BFB3A480BF03CFD3D4C01232F
:1023A0002370FFF77BF9EBE6002F45D095F86430FA
:1023B0002D2B01D0472B3FD1374E38483346341DA3
:1023C00010F8012F13F8011F2D2A18BF8A4201D0DF
:1023D0002D2932D1A342F3D195F864302D2B01D0B1
:1023E000472B47D12E4E2D483346341D10F8012F70
:1023F00013F8011F8A4218BF2D2A01D02D2902D1BE
:10240000A342F3D1FFE5012303EB43030027254C4F
:1024100005EB830396E80300586683F8681095F887
:102420007C3003EB4302013305EB820285F87C30FC
:1024300082F86970D466E6E5174E07EB47031A4C3D
:10244000002705EB830396E80300586683F86810BD
:1024500095F87C3003EB43020133DBB205EB8202DB
:10246000012B85F87C3082F86970D4663FF6CBADDD
:102470000BB1B1E701230A4EC6E70C4F054C7FE6CE
:102480001C55002008140020C9050020DC13002082
:10249000281400202FB30020E41200208CAF00206D
:1024A000DC120020CD000000592300002CB30020D6
:1024B000A14B1B782DE9F04F8FB023B99F4F3B788C
:1024C000002B00F0A880DFF89CB2DFF87492DFF8F0
:1024D00084A20EF021FA002840F0B580D9F800005F
:1024E000974C03681B69984750B1944B20681B7840
:1024F000002B7DD003685B699847C0B20EF060FA8C
:10250000904B1B78002B40F0E1808F480AF0DAFFF7
:10251000002840F0C4808D4C237823B18C4D2B785B
:10252000002B40F0FE80DAF800008A4C03681B693B
:102530009847002840F0D480874C2368472B00F34D
:10254000C880864942F21072DBF8003009685B1AD5
:10255000934200F2AF80824ADBF800301168814874
:102560005B1A142B03D9804B1B78002B3BD1FEF751
:1025700095FB7E4B1B783BB17D4ADBF8003012683F
:102580009B1A462B00F281807A4B1B786BB1FEF7C9
:10259000B9F801F07DFF02280DD001F079FF012884
:1025A000044615D00FB0BDE8F08FFDF79BFD01F09C
:1025B0006FFF0228F1D1012105200CF037F900212D
:1025C00006200CF033F901F063FF01280446E9D13D
:1025D000002105200CF02AF9214606200CF026F9EE
:1025E0000FB0BDE8F08F03681360FEF757FDBEE73C
:1025F0000368614C5B69984794F87D30C5B2062B3F
:1026000000F2BB81DFE813F0040178018F011D01A6
:102610003B0157016201594BDFF848B11B784BB9B8
:10262000574C42F20F72DBF8003021685B1A93427C
:1026300000F2D580DFF80891DFF818A10EF06CF9F0
:1026400000283FF44BAF0EF0ABF9DFF84C81C3B27A
:102650001946009398F80030032B55D9042B00F04D
:102660007B810023354F88F800303B78002B40F009
:10267000A180424B1B78002B00F09C80DAF8000010
:10268000009903681B68984728E73E4B1A78002A90
:102690003FF47AAF00221A70FFF700F874E7D9F818
:1026A000004029480AF022FF2368C1B220461B6877
:1026B000984730E7002109200CF0B8F800210A20E3
:1026C0000CF0B4F8304B00221A7044E7FDF7DCF848
:1026D0001BE7FDF729F9002877D10023236030E7B5
:1026E00020681D4C03685B699847244BC0B21B7877
:1026F000002B66D12268032A19DC244B9B5C8342A1
:10270000EBD1013222601CE7214AD25C8A42A8D177
:1027100020495A1C9DF8000088F80020C854074F33
:10272000A3E7FEF72FFE002323702B70FBE617496B
:10273000531C8854236001E7FAB2002013B3002031
:10274000AC560020F8B200208C55002006B30020C3
:1027500007B30020B0560020B4AF002028AE002000
:10276000BC9D0020C4B200202CB300202FB3002059
:1027700050AE00204065002028AF002014B3002098
:10278000B89D00200EB300202EB30020A0610020D1
:10279000E86100205CA6002002B3002023445B789F
:1027A000442B40F0E8800023C349C44A0B7088F8EA
:1027B00000301370D9F80000009903681B6898472F
:1027C0008CE60EF0FDF82368B8E6002109200CF035
:1027D0002DF8BB4B01221A70FFF7E8F87DE71721AF
:1027E000DFF80893DFF808A3B6480EF0FFF8B64804
:1027F0000BF010FBD9F80030DAF80000B349DBF831
:102800000020C9F80000CAF800300B60226060E6C2
:102810000022242DAE4B4FF0010184F87E2000F001
:10282000CE81DA6D83F87E1002B1904700235A22E0
:1028300084F87D3084F85A3084F87E3084F85B2048
:102840005EE6A5F13003092B40F2A78028460FF081
:102850004DFF462D00F29880002800F09580A5F1EC
:1028600037035BB2581C29D094F88120DBB20421D5
:1028700042EA031384F87D1084F8813040E6A5F124
:102880003003092B40F2948028460FF02FFF462D8D
:1028900000F28580002800F08280A5F137035BB24A
:1028A000591C0BD094F8811005220B4384F87D202D
:1028B00084F8813024E60D2D00F07D810122E36D46
:1028C00084F87E20002BB1D09847AFE70A2DF5D1D0
:1028D00094F87F207E4B002A00F0B98193F8811094
:1028E00093F88020914200F0B2810421DA6D83F8E0
:1028F0007E10002A99D199E728460FF0DFFE0028C4
:102900005FD094F85A2094F85B10714B914240F2DA
:102910004A81042A40F2E4810321DA6D83F87E10B3
:10292000002A82D182E794F85A1094F85B30684A02
:1029300099423FD22A2D00F060812C2D40F0538126
:1029400092F88000013B80F02C00DBB282F880001E
:1029500082F85B30D154D3E55E4C9DF80030237192
:102960000EF01EF898F800306071E25C522A41D0F7
:10297000452A3FF413AF504F77E60522E36D84F804
:102980007E20002BA0D151E728460FF0A1FE662D36
:1029900094D8002892D0A5F157035BB262E728468D
:1029A0000FF096FE662D89D8002887D0A5F1570331
:1029B0005BB275E70221D36D82F87E10002B83D1C4
:1029C00034E72A2D00F000812C2D7FF477AF94F8A6
:1029D0005B30022094F88020013B94F85A1082F07A
:1029E0002C0284F87D00DBB284F8802084F85B3010
:1029F000E15485E52344384A384C5B78C9F80040F7
:102A0000312BCAF8002000F07581322B00F079815B
:102A10000024294F0023062108220AA80A930B93B9
:102A20000C930D938DF828108DF82920FCF7A6FF44
:102A30002B4908AB2B48BDF82A2006460868496890
:102A40001512CDF818A0B2460597CDF81C9003C317
:102A50009DF829308DF824209DF828208DF823300A
:102A60008DF822209DF835309DF834208DF82550C2
:102A70008DF826208DF827305AF8043F13211A4884
:102A80001D4603930DF0B2FF002329460A220E488B
:102A90000BF0E8F90C480BF0BDF92946002220465E
:102AA0000AF0D8FD64200BF0F5FD2368FF212046D5
:102AB0001B68984720E000BF13B3002014B3002028
:102AC0002EB30020B01400201C550020C49F00200D
:102AD00028AF00205CA600202C5500204C5600207A
:102AE000C0030020F0610020C8140020AC56002074
:102AF000B05600205B699847236820461B699847B9
:102B0000002823682046F5DC5B68082208A92046D7
:102B100098474FF000099DF828304D464E460293E5
:102B2000DBF800709DF82930CDF8049004932368F9
:102B300020461B699847002810DD236820465B6902
:102B40009847C0B2A0F1B503B3FA83F35B09AB4277
:102B500020D8002D40F0DD800136E8E7DBF80030BA
:102B6000DB1BB3F57A7FE2D3019B002B51D1804B65
:102B7000534581D12E217F48059FDDF818A0DDF84F
:102B80001C900DF033FF7C480BF044F9002388F8CB
:102B900000306AE5B52802D001260025C7E70026E7
:102BA00001360125C3E70221DA6D83F87E10002A81
:102BB0007FF43BAE3AE6062384F87D30A0E483F848
:102BC000802083F87D109BE494F85B30032194F817
:102BD0005A20013B84F8810084F87D10DBB284F830
:102BE0005B30E2548CE492F88030481C55545D40D0
:102BF00082F85A0082F8805082E4013B00240320CE
:102C0000DBB282F8814082F87D0082F85B30D154DB
:102C100076E406215948059FDDF818A0DDF81C90E0
:102C20000DF0E4FE1C2156480DF0E0FE0399002350
:102C30000A2251480BF016F94F480BF0EBF8062129
:102C400050480DF0D3FE4C480BF0E4F89EE794F8A2
:102C500059E0002594F87C8014F80E304A4E009319
:102C600004F80E50B8F1000F31D016F865CBBCF166
:102C70002D0318BF0123019316F8013C9C4518BF92
:102C80002D2B01D0019BEBB93F48371D334613F87C
:102C9000012B10F8011F2D2A18BF8A4201D02D29BF
:102CA00010D19F42F3D16DB29DF800306A1C04F838
:102CB0000E30354B0FD005EB450503EB8505EB6E6C
:102CC0009847B3E501350C36EDB24545D4D19DF8B2
:102CD000003004F80E30236E002B7FF4F5ADA5E52F
:102CE00093F88010501C9D544D4083F85A0083F88F
:102CF000805005E4254F0121254B002239701A70C0
:102D000088E6224F0020224B0121144638701970AA
:102D100080E616B9B5287FF43FAFA6F1010362281B
:102D2000B3FA83F34FEA531303D013B102260025FD
:102D3000FDE6622802D1002B7FF40EAF022E02D1F5
:102D400081460326F3E6032E7FF42AAFB9F1050F7F
:102D50000BD0029B042699457FF41FAF049B83424E
:102D60007FF41BAF01230193E1E60426DFE600BFF9
:102D700014620020DC1400201C5500205CA60020FA
:102D80000C1500202C15002028AF002013B30020C4
:102D900014B3002090F8A32090F8A200101A7047F6
:102DA00090F8A23090F8A3209A4205D95A1C034407
:102DB00080F8A220987E70474FF0FF30704700BF28
:102DC00070B50446D0F8B800072214490368651EA0
:102DD000E61C5B689847D4F8B800012210490368E4
:102DE0005B68984715F8011F0F290DD900231022A1
:102DF000D4F8B8000BF036F8B542ECD1D4F8B800EE
:102E0000BDE870400BF006B8D4F8B80001220549BF
:102E100003685B6898472978E8E700BF48150020F9
:102E20004C330020501500202DE9F0410378054671
:102E30004778461ED0F8B800072243EA07276649BC
:102E40000368EC1C3FB25B681FFA87F89847D5F817
:102E5000B8000122614903685B68984716F8011FB2
:102E60000F2935D900231022D5F8B8000AF0FAFF4F
:102E7000B442ECD13E1FD5F8B80006225849F6B24C
:102E80000368282E5B6828BF282698474EB3013E6A
:102E9000F6B204362E4407E000231022D5F8B8001D
:102EA0000AF0E0FFA6421CD0D5F8B80001224B4939
:102EB00003685B68984714F8011F0F29ECD8D5F810
:102EC000B8000122474903685B6898472178E3E727
:102ED000D5F8B8000122434903685B689847317808
:102EE000C0E7002F3FDBD5F8B80008223E49036851
:102EF0005B6898474146D5F8B8000AF0F3FFD5F86B
:102F0000B8003A49092203685B689847A978A9B1D3
:102F1000012943D002294ED003291CD0042952D0C4
:102F200005292ED000230A22D5F8B8000AF09AFF0E
:102F3000D5F8B800BDE8F0410AF06CBFD5F8B8008C
:102F400007222B4903685B689847D5F8B800BDE8AD
:102F5000F0410AF05FBFD5F8B8000D22254903689B
:102F60005B689847E4E7D5F8B84014222249C8F3D3
:102F70000E08236820465B68984720460AF04AFFFF
:102F8000B1E7D5F8B8000B221C4903685B68984785
:102F9000D5F8B800BDE8F0410AF03CBFD5F8B8005C
:102FA0000A22174903685B689847D5F8B800BDE85E
:102FB000F0410AF02FBFD5F8B80007221149036885
:102FC0005B689847B4E7D5F8B8000B220E49036850
:102FD0005B689847ACE700BF481500204C330020E1
:102FE0005415002050150020741500208015002075
:102FF0008C150020A81500205C150020C4150020A9
:1030000094150020A0150020B815002038B50446FE
:1030100008460D4610F0B6FC2368024629462046B5
:103020005B689847054620460AF0F4FE284438BD00
:103030002DE9F84F81780346D0F805200529C0F81E
:10304000042140781A781F7ADE799D795C7969D0FD
:1030500042EA0022DF7A9E7BC2F30E0293F80DE073
:10306000DD7B07F0030C043A93F810909C7C4EEA49
:10307000062812B2597C45EA09290E2A41EA04249D
:1030800036DC00210A46587A012882463FD00428BF
:103090007DD0022800F0958003286DD0082818BF45
:1030A00005287FD0A0F1280B5FFA8BFBBBF1010F45
:1030B00078D9102800F09180112800F08B80132817
:1030C00000F08E801E2800F08E80BAF1140F00F000
:1030D0009E80BAF1150F00F0A180BAF1160F00F032
:1030E000A480BAF1F10F00F0A7800020BDE8F88FAE
:1030F000187D102AD97C41EA002140F3BD80987DDB
:103100005A7D42EA0022587A01288246BFD1A3F8AC
:10311000D4C080B2A3F8CE80A3F8D090A3F8D24058
:10312000BDE8F88F45EA06259A7A93F804E02A204C
:10313000DE7A597A4EEA042E42EA06265C7B1A7B36
:1031400047EA0127D97B42EA04249A7BA3F8F0508E
:1031500042EA01215D7C1A7CA3F8EEE042EA0522F6
:10316000A3F8F270A3F8F460A3F8FA40A3F8FC10F7
:10317000A3F8FE20BDE8F88FA3F8ECC0A3F8E68022
:10318000A3F8E890A3F8EA4080B2BDE8F88FA3F86E
:10319000DCC080B2A3F8D680A3F8D890A3F8DA40B8
:1031A000BDE8F88FA3F8F8C080B2A3F8EE80A3F8CA
:1031B000F090A3F8F240A3F8F410A3F8F620BDE8CD
:1031C000F88FA3F8E4C0A3F8DE80A3F8E090A3F89A
:1031D000E240D9E7A3F80241D6E783F800E1D3E75C
:1031E00083F808E1D0E76FF00E0003F10F0103F15F
:1031F000170483F80961C01A01E011F8015FD3F8E0
:103200000C21A1420A441554F7D1587ABCE7A3F81F
:103210001281A3F81491A3F81641B5E7A3F8188119
:10322000A3F81A91A3F81C41AEE7A3F81E81A3F8F6
:103230002091A3F82241A7E71C4693F8BC302BB994
:10324000072FA1D1504684F810619DE70B49D4F8AF
:10325000B800FFF7DBFEE37A072B01D0607A93E733
:1032600094F8BC3023B10649D4F8B800FFF7CEFE7D
:1032700094F809A0A67BE5E7002204E78C0F002064
:10328000D01500202DE9F0479146984690F824216A
:10329000B0EE000BB0F9EE3004468A4607EE103A65
:1032A00053422DED028B01EE103AB8EEC78A0A9F09
:1032B000B8EEC11B0B9E0C9D0DF078FDB7EEC87AE1
:1032C00094F824315B4227EE007B01EE103AB4F90A
:1032D000F03006EE103AB8EEC11BB0EE000BB8EEBF
:1032E000C68AB7EEC77B8AED007A0DF05FFDB7EEB8
:1032F000C86A94F82411B4F9F23026EE006B07EE98
:10330000103A4B42B8EEC78A01EE103AB0EE000B0D
:10331000B8EEC11BB7EEC66B89ED006A0DF046FD35
:10332000B7EEC87A94F82421B4F9F43027EE007B84
:1033300006EE103A5342B8EEC68A01EE103AB0EEED
:10334000000BB8EEC11BB7EEC77B88ED007A0DF01D
:103350002DFDB7EEC86A94F82431B4F9F62026EEB4
:10336000006B5B4207EE102A01EE103AB8EEC78AF6
:10337000B8EEC11BB0EE000BB7EEC66B87ED006A6E
:103380000DF014FDB7EEC87AB4F8F83027EE000B54
:10339000B7EEC00B86ED000A2B70BDEC028BBDE8CA
:1033A000F08700BF70B505466424174E0DE090F815
:1033B000A33090F8A22001209B1A002B10DC0BF008
:1033C00069F9631E13F0FF040CD0D5F8B000036850
:1033D0001B69B342EBD0984703460120002BEEDD7A
:1033E000012070BD95F8BC000028FAD0D5F8B8507F
:1033F0000B2206492B6828465B68984728460AF046
:1034000009FD204670BD00BF913500006016002008
:1034100070B505467D2406E001200BF03BF9631EE4
:1034200013F0FF0416D095F8CA000BF005FA78B136
:1034300095F8BC30002BEFD0D5F8B86008220E49C3
:10344000336830465B68984730460AF0E3FCE3E7B0
:10345000012070BD95F8BC000028FAD0D5F8B8500E
:103460000F2206492B6828465B68984728460AF0D1
:10347000D1FC204670BD00BF6C16002078160020DD
:10348000002900F0A0802DE9F84306468946002572
:103490004E4FB9F11C0FC8464FF0010396F8B41017
:1034A00028BF4FF01C08D6F8B00008F10402D2B2D1
:1034B00009F08CFE3046FFF775FF002800F0818090
:1034C000D6F8B00003685B69BB4274D190F8A220C3
:1034D00090F8A310914206D9013280F8A220D6F8C4
:1034E000B00003685B69BB425FD190F8A22090F8FE
:1034F000A310914251D9013280F8A220D6F8B00031
:1035000003685B69BB424ED190F8A22090F8A310EB
:10351000914242D9013280F8A220D6F8B000036867
:103520005B69BB423BD190F8A23090F8A3209A424D
:1035300004D9013380F8A230D6F8B000002419E095
:1035400090F8A23090F8A32003F1010EC1189A421E
:1035500021D980F8A2E0887E01347F2D05F1010297
:1035600006EB0503E4B201D895B21871444508D2C0
:10357000D6F8B00003685B69BB42E1D09847C0B29F
:10358000EAE7C8EB09091FFA89F9B9F1000F80D100
:103590000120BDE8F883FF20DEE7BB42CED098478C
:1035A000D6F8B000CAE79847B7E79847D6F8B00012
:1035B00003685B69A6E79847D6F8B00003685B69C3
:1035C00091E7BDE8F8830120704700BF9D350000FA
:1035D0002DE9F0470446D0F8B000002879D0012347
:1035E000042294F8B41009F0F1FD2046FFF7DAFE4A
:1035F00010B90020BDE8F087D4F8B0309B4E1A68AF
:103600005269B24240F01A8193F8A21093F8A300D5
:10361000884240F288814A1C194483F8A220D4F8D9
:10362000B03091F81A801A680FFA88F95269B242DC
:1036300040F0F98093F8A20093F8A310814240F281
:103640007681421C184483F8A22090F81AA0D4F87E
:10365000B0304FEA0A211A680DB25269B24240F006
:10366000DF8093F8A21093F8A300884240F26381B0
:103670004A1C194483F8A220887ED4F8B030C7B21F
:103680001A685269B24240F0C78093F8A22093F8BA
:10369000A310914240F25581511C1A4483F8A210A4
:1036A000907E45EA090184F8008084F801A0C1F306
:1036B0000E01A770E07000299BD00439204689B222
:1036C000FFF7DEFEA078012800F0C3800120BDE8EE
:1036D000F08794F8CA000BF0AFF8012889D0D4F82D
:1036E000C030D4F8C400DA7C002A2ED072B6DA7C5E
:1036F000D70706D55E495A690D682A409A620A6062
:10370000DA7C960706D55B499A690D682A40DA6229
:103710000A60DA7C550706D55749DA690D682A40F0
:103720001A630A60DA7C110706D554491A6A0D68D3
:103730002A405A630A60DA7CD70605D550495A6A8E
:103740000D682A409A630A6062B69A68904200F057
:10375000E8804C4A986092694B49C2F30115C2F364
:10376000826251F825100132B1FBF2F1002875D0C8
:10377000B1FBF0F24AB1B1FBF2F1884238BF01323D
:10378000B2F5817FC0F0DF80404ADA601B68002517
:1037900003213F4E01201D61596229461A641E66AD
:1037A000186194F8C8000BF041F8D4F8C060336891
:1037B0005D66DA6D12F4F81FFBD05A6F0021D2B2A9
:1037C0005966D96D11F4F81FFBD0586F0021C7B2AC
:1037D0005966D96D11F4F81FFBD05D6F0021EDB271
:1037E0005966D96D11F4F81FFBD000025B6FA5700C
:1037F00000F4FE402270E37050EA0205677049D180
:1038000094F8BC30002B3FF4F4AE2046FFF7D8FA12
:103810002846BDE8F087FF2718469047C0B240E72A
:103820001846904729E718469047D4F8B03001026F
:103830001A685FFA80FA0DB252690FE7184690478E
:10384000D4F8B0305FFA80F81A680FFA88F9526934
:10385000EDE62379012B03D0BDE8F0870A4689E71E
:1038600084F8CC301846BDE8F08700BF9D350000D5
:1038700080E100E084E100E088E100E08CE100E02C
:1038800090E100E000C00F40B8080020FF7F7F00FB
:10389000070000C02A1F91B2A1B1251D0020FF27FB
:1038A00032685766D36D13F4F81FFBD07F28536F2F
:1038B00000F1010005F1010598BF05F8013C83B254
:1038C0009942EDD8012194F8C8000AF0AFFFD4F86E
:1038D000C020D37CE3B1DE0703D5214B916A196088
:1038E000D37C9D0703D51F4BD16A1960D37C580741
:1038F00003D51D4B116B1960D37C190703D51B4BE6
:10390000516B1960D37CDB0602D5926B184B1A60A1
:1039100094F8BC30002B3FF4D5AE2046FFF784FA74
:10392000D0E6DA6832E74FF0FF09C8467FE66FF06D
:10393000FF054FF0FF0AB2427FF46DAFFF2007464C
:10394000AFE6FF20ADE6022A08D9023A500801048A
:1039500042EA002201F47F010A4316E7002214E73D
:1039600000E100E004E100E008E100E00CE100E03B
:1039700010E100E010B5044690F8CA00FF2803D01B
:103980000AF05AFF01280AD02046FFF721FE30B185
:10399000A378032B05D0022B0BD0052B04D00020DD
:1039A00010BD2379FB2BFAD12046BDE81040FFF76C
:1039B0003FBB2379F12BF2D1A379072B01D0F12062
:1039C00010BD637A84F81031F9E700BF08B5FFF73E
:1039D000D1FF003018BF012008BD00BF2DE9F8431A
:1039E00002F10408D0F8B030154606460F465FFADB
:1039F00088F8002B5DD090F8B42001204146824029
:103A000083F8300183F82F0183F8A520D6F8B000A1
:103A100003681B689847D6F8B000002103681B684C
:103A20009847D6F8B0003946374403681B68984772
:103A3000D6F8B00097F8841003684A1C1B6887F812
:103A4000842098476DB1013DF41CEDB20435354436
:103A5000D6F8B00014F8011F03681B689847AC4201
:103A6000F6D10121D6F8B00009F040FB0546E0B1DF
:103A700096F8BC301BB900242046BDE8F883D6F880
:103A8000B8002B227A49002403685B689847D6F86F
:103A9000B860294623460A2230460AF0E3F9304648
:103AA0000AF0B8F92046BDE8F88301242046BDE8B5
:103AB000F883FFF7ADFC04460028DCD0D6F8C03010
:103AC000D6F8C490DA7C002A2ED072B6DA7CD00701
:103AD00006D5684958690A6802409A620A60DA7C29
:103AE000910706D5644998690A680240DA620A605B
:103AF000DA7C500706D56149D8690A6802401A6322
:103B00000A60DA7C110706D55D49186A0A68024026
:103B10005A630A60DA7CD20605D55A49586A0A689F
:103B200002409A630A6062B69A68914500F09180FB
:103B3000554AC3F808909269DFF868E1C2F38261E0
:103B4000C2F3011C01315EF82C20B2FBF1F1B9F196
:103B5000000F7CD0B1FBF9F242B1B1FBF2F1894523
:103B600038BF0132B2F5817F75D3484ADA601B68ED
:103B700000214FF0030CDFF830E101201961C3F898
:103B800024C01A64C3F860E0186196F8C8000AF00F
:103B90004DFED6F8C0100B68C3F86480DA6D12F4DD
:103BA000F81FFBD00022586F5A66DA6D12F4F81F26
:103BB000FBD05A6F5F66DA6D12F4F81FFBD0374402
:103BC0005B6F97F884305A1C87F8842009684B662D
:103BD000CB6D13F4F81FFBD04B6F75B1681EF21C50
:103BE000C0B20430304412F8013F4B66CB6D13F481
:103BF000F81FFBD090424B6FF5D1012196F8C80019
:103C00000AF014FED6F8C030DA7C002A3FF44DAF3B
:103C1000D60703D51E4A996A1160DA7C950703D549
:103C20001C4AD96A1160DA7C500703D51A4A196B0D
:103C30001160DA7C110703D5184A596B1160DA7CE0
:103C4000D2067FF532AF9A6B154B1A6014E70A461D
:103C500082E7DA688BE7022A01D8002286E7023A77
:103C60005008010442EA002201F47F010A437DE783
:103C70008816002080E100E084E100E088E100E0B7
:103C80008CE100E090E100E000C00F40FF7F7F008A
:103C900000E100E004E100E008E100E00CE100E008
:103CA00010E100E0B8080020070000C0F0B54FF4B4
:103CB0007A7541711F0A4FF0FD0E05FB02F21E0CD2
:103CC00000254374111242721B0E80F804E08172C9
:103CD0001114120E8774C172022102731122C6746C
:103CE00003758571C571057245738573C573057458
:103CF000BDE8F040FFF772BE0A4600230821FFF737
:103D0000D5BF00BF012210B5114602710446FFF76E
:103D100065FE32200AF0BEFC2046FFF759FC002861
:103D2000FAD132200AF0B6FC2046FFF751FC0028F9
:103D3000FAD110BDFF2B2DE9F041044680F8B410F4
:103D4000C0F8B02080F8CA3003D0184602210AF02B
:103D500079FD20460025FFF7D5FFF9230222657182
:103D6000237120461146FFF739FE2046FFF730FC4D
:103D700018B12379F82B02D02846BDE8F08194F8D9
:103D8000BC60002EF9D0D4F8B8001422284903688A
:103D90005B6898472B46A1791022D4F8B8000AF046
:103DA00061F8D4F8B8001522224903685B68984787
:103DB0002B46E1791022D4F8B8000AF053F8D4F871
:103DC000B800A768132203681B495B6898472B4615
:103DD00039461022D4F8B8000AF044F8D4F8B800F4
:103DE000E7681422036815495B6898472B463946F3
:103DF0001022D4F8B8000AF035F8D4F8B800237CC3
:103E000015220168677CD1F804800D4943EA072731
:103E1000C047D4F8B84039462B46102220460AF055
:103E200021F8204609F0F6FF3046BDE8F08100BFDA
:103E3000B4160020CC160020E4160020F81600204E
:103E40001017002038B50546018088000C46E9802F
:103E50000EF098FCE86090B100210E4B00226980C2
:103E6000A980AA602B616B613CB12146013989B2FE
:103E700000EB81031A600029F8D1284638BD054BB4
:103E8000002228806880A8802846AA602B616B6188
:103E900038BD00BF0000C07F10B50446C06808B13F
:103EA0000EF078FC204610BDC2683AB38388D0ED8E
:103EB000027A02EB83020133C18892ED007A9BB251
:103EC00077EEC77A8B42C0ED027A82ED000AD0ED20
:103ED000027A838077EE807AC0ED027A14D043882C
:103EE0006BB1D0ED047AB4EEE70AF1EE10FA0ED51C
:103EF00080ED040A994201D901334380704780ED77
:103F0000050A80ED040AF5E700238380E7E7D0ED9A
:103F1000057AB4EEE70AF1EE10FAC8BF80ED050AA3
:103F2000E8E700BF4188D1B14A1E9FED0E7AC36811
:103F300092B2F0EE477A80ED027A013203EB820210
:103F4000B3EC017A77EE877A9342C0ED027AF7D12B
:103F500007EE101AB8EEC77A87EE870A70479FED12
:103F6000020A7047000000000000C07F70B5094DD4
:103F700004460E46284609F00DF8284615F0C2F909
:103F80004FF4806500228023267020466580A28041
:103F9000A37170BDF8570020418070478180704741
:103FA0008171704770B5012503780F4C0646AB4010
:103FB0000021204684F8305184F8A53084F82F5130
:103FC00008F0B2FF2946204609F090F82B463178D8
:103FD0002046022209F0FAF894F8A30094F8A230DF
:103FE000C01A18BF012070BDF857002070B5012518
:103FF0000378194C0646AB400021204684F8305126
:1040000084F8A53084F82F5108F08EFF2946204609
:1040100009F06CF8317802222B46204609F0D6F8D8
:1040200094F8A22094F8A3108A4211D25319A01830
:10403000DBB290F91A00994284F8A2304FEA0020CE
:1040400006D9234402329B7E84F8A220184370BD17
:104050004FF0FF3070BD00BFF8570020F8B58188E1
:10406000054642880126AF7948F203130A432D78AA
:104070000E4C31463A43B540204684F83061134334
:1040800084F8A55084F82F619DB208F04DFF2046BA
:10409000290A08F049FF2046E9B208F045FF3146F9
:1040A0002046BDE8F84009F021B800BFF8570020CD
:1040B00088B181B10288012A30B410D010300022BA
:1040C00003E030F8104B012C0AD001320546914232
:1040D000F7D130BC70474FF0FF329A607047054609
:1040E0002A7A01211A746A7A5A74AA7A9A74EA7A34
:1040F0009960DA7430BC70474B684360704700BF0A
:10410000F0B589B00D460446084601A9164603F0ED
:10411000B7F9013004D0019B0120736009B0F0BDF4
:10412000002301221B494FF45450A36005930293CE
:10413000039304930793ADF80420ADF8142006917F
:10414000ADF8060004F03EFE04F0B4FF2779617973
:10415000A279E379029001A8049507948DF80C7078
:104160008DF80D108DF80E208DF80F3001F056FFF0
:104170000028D3D0A368002BFCD0A368013302D061
:10418000A068012802D0002009B0F0BD2369736047
:1041900009B0F0BDAD48000000207047704700BF77
:1041A000014B1868704700BFC4B2002010B5044628
:1041B00009F0C6FD204610BD0029194B14BF01218E
:1041C000002130B5197083B013D01546044604F0B1
:1041D000F9FD04F009FE00238DF804308DF8053058
:1041E0008DF806308DF80730019B834208D003B06C
:1041F00030BD01F0A9FE03B0BDE8304001F098BE2B
:10420000084B18461C6001F025FE0028EFD0204620
:1042100001F09AFE296803B0BDE8304001F0C2BE4B
:10422000FCB20020E0A50020704700BF704700BF2F
:104230002DE9F04F844F93B0894604920390D7F84C
:10424000008004F0BFFD04F013FD002840F0CD8095
:104250007E4B1B681BB94FF480337C4A13607C4B48
:104260001B68002B00F0E980DFF81CA2DAF80030B0
:104270001BB94FF40063CAF80030DFF810B29BF8A6
:104280000000002800F0D0808000724E0AF0B2FDDD
:104290009BF80030306098000AF0ACFD9BF80030CD
:1042A0006D497060580001910AF0A4FD9BF8003040
:1042B000B06058000AF09EFD9BF80030F060980056
:1042C0000AF098FD9BF80030306198000AF092FDEA
:1042D000624A9BF80030106058000AF08BFD9BF892
:1042E0000030706158000AF085FD5D4A9BF800308F
:1042F000106098000AF07EFD5A4B18609BF8000091
:104300000AF078FD01999BF8003008607BB3002427
:10431000CDF81480234625B2D6F80080DAF80000E4
:10432000029301910AF066FD48F82500D6F8048052
:10433000DAF800000AF05EFD48F825000420D6F8FF
:1043400010800AF057FD454B48F8250004F1010E96
:104350001A680199029B42F825300A6813555FFAE2
:104360008EF49BF80020A242D5D8DDF81480384B9B
:104370000AA81A68354B0A921B683B4A0B933B4BC1
:104380000C920D9305F0EAFF01303AD00399062212
:10439000374804F00FFE013033D004F013FD80B332
:1043A00004F010FD334A34491368079013F0010FED
:1043B0000891324B03D1012104981160186007A8BD
:1043C000099302F0D7F845F6BF522D492D4809F060
:1043D00057FC04F0F7FC01F0B7FD01F0B1FDB0B9F6
:1043E0003B68C8EB03034B450BD204F0EBFC01F038
:1043F000ABFD01F0A5FD50B93B68C8EB03034B458D
:10440000F3D3002013B0BDE8F08F0A9B8BB904F002
:10441000D9FC01F099FD0AA901F0B0FD3B68C8EB99
:1044200003039945F1D8ECE7082320208BF80030EE
:104430002BE7012013B0BDE8F08F044B18680AF099
:10444000D9FC034B18600FE7C4B2002098A50020E8
:1044500094A5002000002020ACA500208CA5002001
:10446000A4A50020A8A50020A0080020B0080020D6
:1044700030620020D4A30020B5490000F0A5002040
:1044800045AC0000105C002090A50020FBB200208D
:10449000064B1B7803F0FF002BB1A0F10100B0FA2E
:1044A00080F0400970470220704700BFFCB2002036
:1044B0000320704710B5044604F084FC04F094FC1B
:1044C000024B60602046236010BD00BF9C060020A8
:1044D00038B50D4604F076FC04466D6804F072FCB5
:1044E00004F08CFC024629462046BDE8384004F022
:1044F00041BC00BF30B4054B0024054D5C601D601D
:10450000044A0549054830BC0DF0D4BE9CA50020E6
:104510009C060020E8540020A9490000105C0020FF
:1045200003689B6B184700BF4969024A41600260FB
:10453000704700BF9C060020008B7047C089704701
:10454000808B80B2704700BF10B582B00468012232
:1045500002AB03F8011D19466368984702B010BD0D
:10456000704700BF38B5064D837F2A789A4205D937
:104570000446184600F08EF92B78A37738BD00BFAB
:10458000FBB20020104B1A7870B504460E460F4D52
:1045900082B100212A78197082773146022000F01A
:1045A0009DF92B78A07783420BD90023E681012067
:1045B000A38370BD807F2B788342EED900F06AF927
:1045C000EBE7002070BD00BF44650020FBB2002077
:1045D000F0B500238BB0154C0D4617460693099392
:1045E0000646029305940894019404F0EBFB04F052
:1045F0000FFC03A9049005A80394FFF77DFD29464D
:1046000005A841F2883301AAFFF77AFD012801D0FD
:104610000BB0F0BD33683A46029D03A99B6A304651
:104620000394049598470BB0F0BD00BF9C06002092
:1046300008B5002304314383807F00F0FFFA08BDF2
:1046400008B50021807F00F035FB08BD08B5807FEC
:1046500000F030FB08BD00BF10B5044693B2807F68
:104660000A46618B00F0B6FA638B0344638310BD86
:10467000838B9BB213B94FF0FF30704710B582B0F7
:1046800004460122807F0DF1070100F035FA002871
:1046900007DDA38B9DF80700013B9BB2A38302B00B
:1046A00010BD4FF0FF30FAE7838B9BB2CBB1838B09
:1046B0009BB2934210B504460CD912B2807F00F031
:1046C0001BFA0246002A0FDDA38B10469B1A9BB2F1
:1046D000A38310BD828B807F12B200F00DFA0246D8
:1046E000F0E74FF0FF3070474FF0FF3010BD00BFD4
:1046F000074A08B5837F12789A4202D9828B92B218
:1047000012B94FF0FF3008BD184600F055FA08BD49
:10471000FBB20020F0B5114D0446807F83B02B78AA
:104720000F461646834215D80D4B32467F686946C0
:1047300082208DE8880000F08DF92B78A0778342E5
:1047400005D900230120E681A38303B0F0BD00203A
:1047500003B0F0BD00F09EF8E6E700BFFBB200201A
:104760009C060020F0B5044687B0807F00F00AFA6E
:10477000A08308B907B0F0BD1B4B0C271B4906AD41
:10478000A27F0DEB0706186800230968DFF864E0D4
:1047900051F8221050F82200DEF8002045F8107D74
:1047A0000096019505F0F0F9114A0023A17F1268E7
:1047B00022F81130421C13D09842DBDDBDF80E30D8
:1047C0009DF814605BBA9DF815509DF816109DF881
:1047D0001720238326756575A175E27507B0F0BDB6
:1047E000184607B0F0BD00BF8CA5002004002020B3
:1047F0001400202090A50020224B1A6852F8203087
:10480000C3B152F82000204910B584B0012403AA96
:104810000DF10B0303940092072205F0B3FA013067
:104820001CD09DF80B30042B15D8DFE803F00508E9
:104830000B0E110018467047002004B010BD1C205C
:1048400004B010BD132004B010BD172004B010BD7B
:10485000142004B010BD012004B010BD02F016FAFF
:1048600004460A2109480CF0C1F80CF0F3F821467F
:10487000074809F037FB064809F0CCFA0CF0EAF8D3
:10488000CFE700BF8CA5002017E503004C170020E0
:104890001C55002070B50E4D04462B681A5C03446D
:1048A00052B986000B4D00242A681C70905905F0FF
:1048B000CBF82B689C5170BD074A03B212689E006A
:1048C00052F8230001F080FE2B682344EAE700BF82
:1048D000ACA500208CA50020A8A500202DE9F0475C
:1048E000564F88B097F80090B9F1000F00F085801E
:1048F000DFF85C810E460546D8F800301C68F4B13C
:104900000433002402E053F8042BC2B10134E4B2B2
:10491000A145F8D14FF0000A534601E0994517D957
:1049200018461C46FFF768FF00F0FB000AF1010A79
:1049300018285FFA8AF3F1D12046FFF7ABFF404B0E
:104940000121022D1B680391029352D0212D03D027
:10495000387808B0BDE8F08700220846D8F800A0F3
:104960000FFA84F905F018FB4AF829004FEA890983
:10497000D8F80030DFF8D88053F80930002BE7D0A2
:104980000C22002105A876BA05F02AFED8F80030DE
:104990004FF0000E05A953F8090001230C22ADF8D1
:1049A0001660ADF81430CDF81CE005F059FB01306D
:1049B000D8F8003023D0042653F80900062202ABB1
:1049C0002049009605F056F9D8F8001002AB0522F0
:1049D00051F809001B49009605F04CF9212D13D020
:1049E000194B002220461B6823F8142008B0BDE8AC
:1049F000F087084600222946B0E74846A9E753F861
:104A0000090005F021F8A3E7D8F8005003AB0F49DF
:104A1000102255F80950086806210096049028468F
:104A200005F028F9D8F8001004AB032251F809006A
:104A30000449009605F01EF9D2E700BFFBB2002042
:104A400090A5002017E50300A4A50020C8030020BE
:104A50008CA500202DE9F047022086B0894611463A
:104A6000FFF73CFF224B05461B7883423BD099F869
:104A70000540002699F804200FFA80F8240499F8DC
:104A8000073099F806C04FF0080E04EB0264194F86
:104A900031460DF118091C443A6804AB4FF0040A82
:104AA00004EB0C2452F828001922CDF800E024BAB7
:104AB0000596049405F0DEF83868FF233146182285
:104AC00050F8280049F80C3D4B46CDF800A005F001
:104AD000D1F83A684B46314652F828001722CDF8F3
:104AE00000A005F0C7F8284606B0BDE8F08700BF73
:104AF000FBB200208CA500202DE9F0411E4E4500A0
:104B00001E4B37681B6837F810E02F449E452FD0A6
:104B100080460EEB02001446834212DD69B1184B49
:104B200008461B6853F82810714405F0D7FC376815
:104B300037F818E02F440EEB040038802046BDE81B
:104B4000F081CEEB0304A4B261B10D4B08462246BE
:104B50001B6853F82810714405F0C0FC33685F19D6
:104B600033F818E004EB0E0120463980BDE8F081EF
:104B70004FF0FF34E2E700BF1400202090A5002092
:104B80000400202010B509490246094C0223096897
:104B90002068084C51F8221050F82200226805F0D5
:104BA0005FF8431C14BF80B2002010BD0400202019
:104BB0008CA5002090A50020044A054B12681B68B4
:104BC00052F8202033F81030D05C704704002020C9
:104BD0001400202070B51D460B440E4604B2B3F5F8
:104BE000006F144B10DA1B6811462A4653F8240054
:104BF000304405F073FC104B28461A6832F8143024
:104C00001D4422F8145070BD1B68C1F500651146A3
:104C100053F824002A46304405F060FC064BA8B245
:104C20001A6832F814309E1B06F5006622F81460EC
:104C300070BD00BF0000202008002020F0B40C78D8
:104C40000CB94B7823B3002A2AD0174D03B2174C66
:104C500000270120266854BA2A6826F8137052F8F3
:104C600023600F78124A37702E684F7856F8236009
:104C700077702E688F7856F82360B7702E68CD78DD
:104C800056F82310CD70126822F81340F0BC70471C
:104C90008B78002BD7D1CB78002BD4D11846F5E7F1
:104CA0001046F0BC704700BF1000202008002020F4
:104CB0000C002020F0B51B4A87B01B4C0123126862
:104CC0000C262468ADF80C300B4654F820700DEB20
:104CD000060532F81020DFF85CC0ADF80E207978B8
:104CE0003C780904FA7897F802E001EB04640F4F6E
:104CF0000F4914443F68DCF8002004EB0E2457F8F9
:104D00002070096824BA32F8102051F82010384673
:104D100005948DE8600004F0C5FE013018BF012045
:104D200007B0F0BD0C002020100020208CA5002032
:104D3000000020200800202040BA80B2704700BF49
:104D400000BA7047002070472DE9F041514D0446EC
:104D5000514BEA6E514E194642F440625048EA66A1
:104D6000C3F8E860C3F8E400D1F8E0304A4A002B09
:104D7000FADA4C4D4FF480334B490527C2F8E8303E
:104D800043F2E9066A684FF4004C484B4FF4804EFA
:104D90001140474803224FF0160841F40031696082
:104DA0004BF2E905C3F87471C3F878713127416893
:104DB00041F440414160C0F884C04FF0020CC0F89B
:104DC00088E00120C3F87C634FF0000EC3F88463D1
:104DD000C3F88053C3F89863C3F88853C3F88C535F
:104DE000C3F89053C3F8947307F16047C3F8902158
:104DF000C3F88C2107F6D377C3F8A481C3F8A821A0
:104E00003D46C3F89421C3F8A021C3F89821C3F804
:104E10009C2102F186422749274E02F5DE12C3F893
:104E2000B8E102F5F452C3F8B4E1C1F830C0486308
:104E30008863C8630864C86238683368A2FB0332B9
:104E4000920C52002B681D491B1A9A42FAD8184836
:104E500012221B4B4FF48045C0F8845008465A6418
:104E6000184A09683368A2FB0332920C02EB8202F3
:104E700003685B1A9A42FBD84FF42072182120462F
:104E800002F070F820468122172102F06BF8002012
:104E9000BDE8F08100C00F4000800D400F10010000
:104EA0000120210000C00A40FFDF7DFF00801F407D
:104EB0000040004200841F40F8540020041000E02D
:104EC00000802D4083DE1B43014B187803F02CB982
:104ED00004ED00E0102832D91A4B1B4A9B68F0B44D
:104EE00053F82040944218BF43F82020A0F110024C
:104EF0005309042B20D89E00144D012402F01F02F8
:104F000035440F2904FA02F2104FD5F8806128BF0A
:104F10000F210F4C1643C1F10F0104440020C5F8C6
:104F20008061090157F82350C9B22A4347F823206A
:104F300084F80013F0BC70470020F0BC70474FF0BD
:104F4000FF30704700ED00E0C556000000E100E0D2
:104F5000F0E000E0E0B103691B78012B18D1C368D1
:104F60001A68AAB1A1B113680020D3F8E43030B4B4
:104F7000CB701D0E1C0C1B0A0D704C708B701368CF
:104F8000D3F8E8301A0E1B0C0A714B7130BC704715
:104F90004FF0FF30704700BF70B103691B78012BE1
:104FA0000AD1C36800201B681B68D3F80422D3F819
:104FB000843281E80C0070474FF0FF30704700BF2B
:104FC000C3681A6813685968890103D44FF0FF3227
:104FD0005A6070474FF00071D1605960704700BF50
:104FE000F0B4C6684FF400078904154D30684FF4DB
:104FF000803301F4F80144686760A768A06820F472
:105000000000A060307AC00500F0786005432943B5
:10501000216401E0013B0BD061680902FAD54FF42D
:10502000000300206360A760236CF0BC138070470E
:105030004FF400034FF0FF306360A760F0BC70478F
:1050400000000260F0B4C7684FF400008904154DF9
:105050003C684FF4803301F4F80164686060A6682E
:10506000A06820F40000A060387AC00500F07860E5
:10507000024315432943216401E0013B09D06268E2
:105080001202FAD54FF4000300206360A660F0BC62
:1050900070474FF400034FF0FF306360A660F0BC30
:1050A000704700BF00000250002835D0F8B50369F2
:1050B0001B78012B2DD1C3681F6857B349B30C4629
:1050C000054606221649204605F09AFA08B306223C
:1050D0001449204605F094FAD8B1237813F001065C
:1050E00017D161781B06E278284643EA0143A57888
:1050F0003968134343EA0523C1F8E4306379227920
:105100001B0443EA0263C1F8E83001F06BFE30464D
:10511000F8BD4FF0FF30F8BD4FF0FF30704700BFD3
:105120006C0D0020640D002038B5C36800224FF0DC
:10513000FF35044619680B6888685A645A629A6099
:105140005D6003F057F82046BDE8384001F03EBEF0
:10515000C3689A692DE9F04F074683B01E6822B1F3
:10516000904710B103B0BDE8F08F3268012353625D
:10517000536A13F00104FBD1306B4FF0FF314FF055
:105180000C09946000F13F0800F18E03ED3051608E
:1051900028F03F0823F03F0320F03F002546C6F8E3
:1051A0001480A246C6F82480B3613362A8F8009048
:1051B000A8F80240FFF7C4FD336BD6F814B0C8F866
:1051C000040003F22A709BF808306FF07F088BF818
:1051D000089020F03F009BF8093040F23D698BF8C1
:1051E00009409BF80A308BF80A409BF80B308BF88B
:1051F0000B40FFF7A5FD0223CBF80C003377306B93
:10520000B36909FB050003EBC50413F8352000F66C
:10521000675003F835800135637820F03F0084F84B
:1052200001A0A37884F802A0E37884F803A0FFF734
:1052300087FD042D6060E2D171692B4675770A897C
:10524000D6F818E042F02002B0680A81BEF8184093
:105250002D4A44F020042D49AEF81840009702F082
:1052600089FF00287FF47EAFB46940F2FE5E716969
:10527000182233684FF047084FF4807CC3F82001B0
:10528000C3F82401C3F81801C3F81C01C3F888E16E
:105290004FF06E0EC3F880410F24C3F884111C49EF
:1052A000C3F884104FF00071C3F8C450C3F8C02194
:1052B0000222C3F8C481C3F844C1C3F89001384640
:1052C0003C627468C4F844E099605A6201F07EFE62
:1052D00000287FF447AF33684FF000424FF08071F1
:1052E000C3F8E400C3F8E8005A66C3F80402C3F840
:1052F00084025A6E22F000425A66B062F06219616E
:1053000003B0BDE8F08F00BFAD5B0000BD570000EB
:105310000401FE05F8B5C3681C68236A1A881506DF
:105320002FD405464FF080761A8811072AD4236AB5
:1053300021681A88083302F0200223F8082C33F879
:10534000082C42F0800223F8082C33F8082C92062F
:1053500048BFA36923620E611A881707E9D51A8826
:1053600002F020021A801A8842F080021A801A88FD
:1053700090064CBFA369083323620E611A88120697
:10538000D2D5F8BD1A8812F47C5F02D0236A216856
:10539000E5E75868FFF7D4FC236A07465888FFF70B
:1053A000CBFC39460246284601F07CFCEEE700BF04
:1053B00038B5C36805461C6802F04AFFE3689A01E5
:1053C00005D523F000732846E360FFF7A3FFBDE88F
:1053D000384002F045BF00BFF8B50D46002933D074
:1053E0004B690D2B30D9C3681E68736A1C8804F0A2
:1053F0008004A4B2002CF9D15868FFF7A1FC214623
:10540000034607464FF0FF32284603F0AFF8AB697A
:1054100099061ED5686980B2746AFFF78DFC736ABD
:1054200060801A8842F080021A80BFF35F8F1A886A
:10543000920632684CBF7369083373625369002B5C
:10544000FCD14FF0807353612846BDE8F84003F06B
:10545000E1B9BB896869082B19D02728DBD94DF63B
:1054600086529342D7D1397D28230029D3D003F126
:105470000E0206293A441ED0112915D00129CAD19D
:1054800004339842C7D300239370D370C3E7132823
:10549000C1D9BB8A23F04003002BBCD1BB7BF97D73
:1054A0009B0003F03C03E0E708339842B3D30023AA
:1054B0009371D371AFE714339842ACD300231374C4
:1054C0005374A8E7C2684FF0FF33F0B4CE181768E2
:1054D000053116F8014F082006E01E4B01384FEA4F
:1054E000540483EA05030AD084EA03025D08D20764
:1054F000F3D401384FEA53034FEA5404F4D18E42F7
:10550000E7D19B0E012203F01F011F2B3B6802FA1B
:1055100001F208D8D3F824110A420FD0BB6A1A430B
:10552000BA62F0BC7047D3F820110A420DD1D3F80B
:1055300020110A43F0BCC3F820217047D3F824118E
:105540000A43F0BCC3F824217047FB6A1A43FA628D
:10555000F0BC70472083B8EDC2684FF0FF33F0B461
:10556000CE181768053116F8014F082006E0184BD1
:1055700001384FEA540483EA05030AD084EA03029F
:105580005D08D207F3D401384FEA53034FEA5404BD
:10559000F4D18E42E7D19B0E0122386803F01F013F
:1055A0001F2B02FA01F209D9F96AD0F8203161EA19
:1055B00002021340F0BCC0F820317047B96AD0F83D
:1055C000243161EA02021340F0BCC0F82431704774
:1055D0002083B8ED38B5DC1C8C420BD81C46054640
:1055E00002701A4602346B700499023004F076FFA0
:1055F000281938BD002038BD70B590E84400531C10
:105600009E4203D89AE0B24200F0D8801478134644
:105610000132002CF7D0FF2C00F0D0805A780232F3
:105620001A44B24200F2CA8002601C785D78013CE4
:105630003A2CE4D80FF2040E5EF824F0AB5F0000C1
:10564000FB5D00009D5F0000FB5D0000FB5D000056
:105650008F5F0000FB5D0000FB5D0000FB5D000054
:10566000FB5D0000FB5D0000FB5D0000FB5D0000DA
:10567000FB5D0000FB5D0000FB5D0000FB5D0000CA
:10568000FB5D0000FB5D0000FB5D0000FB5D0000BA
:10569000FB5D0000FB5D0000FB5D0000FB5D0000AA
:1056A000FB5D0000FB5D0000FB5D0000FB5D00009A
:1056B000FB5D0000FB5D0000FB5D0000FB5D00008A
:1056C000FB5D0000FB5D0000FB5D0000FB5D00007A
:1056D000FB5D0000FB5D0000FB5D0000FB5D00006A
:1056E000FB5D0000FB5D0000FB5D0000FB5D00005A
:1056F000FB5D0000FB5D0000FB5D0000FB5D00004A
:10570000FB5D0000815F0000695F0000575F0000E3
:10571000495F0000FB5D0000FB5D0000FB5D0000D9
:105720003B5F0000255F0000042D7FF468AFD3F8D5
:1057300002308B61531C9E423FF668AF70BD042D52
:105740007FF45DAFD3F802304B6158E7042D7FF44E
:1057500056AFD3F80230CB6051E7012D7FF44FAF45
:105760009B7881F8203090E8440048E7012D7FF4D1
:1057700046AF9B78032B3FF642AF81F8213090E88B
:1057800044003CE7042D7FF43AAFD3F80230CB61FC
:1057900035E7032D7FF633AFD3F802300B612EE7E8
:1057A000032D7FF62CAFD3F802308B6027E7042D52
:1057B0007FF425AFD3F802304B6020E770BD00BF07
:1057C0002DE9F0410C2586B000F13406044606AB05
:1057D0000DEB050200680F4643F8105D314601935A
:1057E000002300924FF40A7204F0CEF9054607F048
:1057F00089F8A3696269C01A904250D2EF2D03DD87
:1058000094F83430022B04D00025284606B0BDE8B9
:10581000F081D4F83880A06AFFF792FA8045F3D17E
:1058200094F83620062AEFD104F1200104F150004B
:1058300004F0E6FE0028E7D104221A4904F590702E
:1058400004F0DEFE0028DFD12421384604F0D0FE2B
:105850006B1E616C04F592721E4404F12C083960D1
:10586000394626634046E262FFF7C6FE97F82130CC
:10587000002BCAD09A07394640464CBF04F160035A
:1058800004F1A003E36297F82130DB074CBF04F278
:105890001F1304F19F032363FFF7AEFEB5E74FF03C
:1058A000FF35B2E7600D00202DE9F04F00F134071D
:1058B000044689B04FF40A7100F12008384604F01C
:1058C00097FE06250123A06A84F8365084F8343008
:1058D00084F83530FFF734FA80232A46A063E38743
:1058E000414604F1500004F5927504F0F7FD04F50B
:1058F00090700422704904F0F1FD2379092B00F225
:105900008A80DFE803F08B88969EB888C3CE88052E
:1059100004F5187204F5177628460423711B0092CB
:105920003222FFF757FE0546002874D003234FF0BC
:10593000FF398DF809300DF10900711B0123352263
:1059400000902846FFF746FE0546002863D09DF8E4
:10595000093003F0FD03012B1CD106F0D3FFD4F86E
:105960006432A0615BB104F51970711B042333220A
:1059700000902846FFF72EFE054600284BD04F48E2
:10598000711B0623372200902846FFF723FE0546A9
:10599000002840D04FF40A70FFF7CEF90DF1200E29
:1059A000711B02232EF8160D39222846CDF800E08F
:1059B000FFF710FE054670B30DF1200B4FF0010A02
:1059C000414606220DF10D000BF814AD04F086FDE2
:1059D000711B2846CDF800B007233D22FFF7FAFDE2
:1059E0000546C0B1FF2305AE0C210370304604F01C
:1059F000FFFD0C23EA1B20684FF4864401930096B8
:105A0000524439460023ADF814A0CDF81C90ADF8EF
:105A1000164004F047F809B0BDE8F08FD4F86C22C6
:105A20000723D4F8789204F5177622648DF80930AC
:105A300081E7012304F517764FF0FF398DF809301F
:105A400079E704F5247204F51776284604230092BA
:105A5000711B3222FFF7BEFD0028DCD004F527754C
:105A6000311A042336220095FFF7B4FD05460028BD
:105A70007FF45CAFCFE7D4F86C22042304F51776EB
:105A80004FF0FF3922648DF8093054E7D4F86C22C6
:105A90000323D4F8789204F5177622648DF8093040
:105AA00049E70322D4F86C3204F517764FF0FF393A
:105AB0008DF8092023643EE7600D00208C620020F1
:105AC00010B504460171092906D8DFE801F0132852
:105AD000383D4A576778280610BDFFF7E5FE0120DC
:105AE000A1694FF4FA524FF47A6320732161A260E6
:105AF000636110BDD0F86C32002B66D1D4F8B402CB
:105B000003F090F9022863D000232068637103F04A
:105B10009BFFD4F8B802BDE8104000F0F3BCD0F809
:105B2000B40203F07FF9012805D00022D4F8B402B2
:105B3000114603F01FF9A36A0133A36210BDFFF7FA
:105B4000B3FEE369636110BDFFF7AEFE0120A169FA
:105B50004FF47A624FF47A53207321616261A3603B
:105B600010BDD0F86C12D0F8B40200F089FF06F036
:105B7000C9FE4FF47A73A061A36010BD8369062249
:105B8000D0F880022361431C227316D0FFF7D8F8A7
:105B90004FF47A7303FB00F0A06010BDFFF784FEA2
:105BA0000723D4F884022373FFF7CAF84FF47A73FB
:105BB0004EF6602203FB00F06261A06010BDFFF7AB
:105BC00073FE0123D4F88802EDE7FFF76DFE95E739
:105BD0000022D4F8B402114603F0CCF894E700BFD9
:105BE00010B50446D0F87022D0F86C12D0F8B40288
:105BF00003F0C0F8D4F87412D4F8B40203F0CAF871
:105C0000D4F87C12D4F8B40203F0D0F8D4F8B4027B
:105C1000022103F013F920460521FFF751FFD4F8C4
:105C2000BC323BB1D4F8C8222046D4F8B412BDE847
:105C30001040184710BD00BF10B5044600F07CFCB2
:105C400000212046FFF73CFFBDE8104000F07ABC81
:105C50000279531EF0B504468DB0082B3ED8DFE81C
:105C600003F04E56056F8805053F0500063A012AE8
:105C700040F2B28006F046FE2369A268C01A904244
:105C800080F09E80204603A9FFF79AFD421C00F099
:105C9000AA80002822DD9DF82C30052B40F095804D
:105CA000039BDBB1069BCBB10A9DBDB1A369236108
:105CB0006B1C40F09C800895099503AD04F51B769C
:105CC00094F868720FCD0FC60FCD2D680FC63560E2
:105CD000002F5AD020460421FFF7F2FE0DB0F0BD90
:105CE0000921FFF7EDFED4F8C032002BF6D0D4F82E
:105CF000C4222046D4F8B41298470DB0F0BD02215A
:105D0000FFF7DEFED4F8C032002BF0D1E6E703A99E
:105D1000FFF756FD411C5AD00028DFDD9DF82C30DE
:105D2000022BDBD103AD04F524760FCD0FC60FCDCA
:105D30002D680FC6204635600321FFF7C1FECDE771
:105D400006F0E0FDA369A268C01A90421DD20022AD
:105D5000D4F86C12D4F8B40200F02CFD01280546EA
:105D6000BCD12046FFF7A0FD29462046FFF7A8FE3C
:105D7000B4E7D0F8B40203F055F850B96379012BB9
:105D8000ACD12046FFF758FFA8E72046FFF728FFD1
:105D9000A4E70C230CAA20680DEB030142F8283D70
:105DA00000238DE806004FF40A7204F1340103F079
:105DB000EBFE06F0A7FD2369A268C01A90428DD9B8
:105DC000217B2046FFF77CFE88E7062B86D1204604
:105DD0000121FFF775FE81E7D0F8B40203F022F845
:105DE0000028CBD046E72046FFF75EFD76E7284641
:105DF000FEF7A6FFB3281FD84FF034430A93089B41
:105E0000C3B1099B0A9813B185423FF456AFFEF720
:105E100097FF4008FEF794FF08900A98FEF790FF5E
:105E200005460A98FEF78CFFA5EBD000FEF788FF29
:105E3000099042E70A98EAE70A98FEF781FF034BC8
:105E40009842DCD9024B0A93D9E700BF9BC42000DB
:105E50000020C49B2DE9F043054685B000F06CFBA3
:105E6000002D5AD02E68002E57D0304603F022F96C
:105E70008146002851D02C4C6779002F4DD10C2140
:105E80004FF0010801A804F0B3FB4FF488433A46F1
:105E9000404602210397CDF80890ADF80480ADF894
:105EA000063004F079F82060002836D001A90C22D1
:105EB00004F0D6F870BB062204F12001304602F04F
:105EC000E3FF38BB2146194800F0FCFAC4F8B802D9
:105ED00000B34FF47A63C4F8B462E3616B68C4F84A
:105EE0006032A868FEF72CFFD4F860222B7B002AD2
:105EF000C4F86402204684F868320CBF01210821EE
:105F0000FFF7DEFD84F8058000F01CFB204605B09D
:105F1000BDE8F083206803F097FD00F013FB00203C
:105F200005B0BDE8F08300BF5CAA00204D6400000E
:105F300010B14379012B00D07047FFF77DBE00BF41
:105F400000B14079704700BF38B590B1054600F008
:105F5000F3FA094B5A79012A04D0002400F0F2FA2E
:105F6000204638BDD3F8B40285420CBF1C4600243D
:105F7000F4E70446F4E700BF5CAA002089B180B1D1
:105F800038B505460C4600F0D7FA05F51B750FCD60
:105F90000FC495E80F0084E80F00BDE8384000F01A
:105FA000D1BA704718B119B94FF47A63C361704719
:105FB000C16170472DE9F843804608460D4604F05C
:105FC00039FB0646404604F035FB2EB1731C98425F
:105FD00005D00020BDE8F8830120BDE8F883013D2D
:105FE000002715F8013F7C1C2E2B20460AD018F8FC
:105FF000040004F04DFB8146287804F049FB8145FC
:10600000204608D1A6422746EBD8301AB0FA80F0D5
:106010004009BDE8F8833846F7E700BF2DE9F04FA7
:106020004FF4007389B00446039300F085FACCB1B5
:106030006369BBB14FF48071E06804F007FB01387D
:10604000FE280FD80C22214605A804F047FA05A81F
:1060500004F058F9012800F09F80DFF8A89199F822
:1060600008302BB100F06EFA002009B0BDE8F08FC7
:106070004FF41C71484604F0BBFA6269A369C9F881
:106080000C20C9F81030228AE368A9F82C20C9F83E
:10609000183004F031FBA9F82800238A012B76D0B0
:1060A000022BDFD14FF4E053A9F82A30002202215D
:1060B000BDF8140003F070FF524EC9F8000000282C
:1060C000D0D004250622504903AB009503F0D2FD41
:1060D000306803AB009505224B4903F0CBFDBDF8BA
:1060E00016301BB94FF45453ADF8163005A90C22E5
:1060F000D9F8000003F0E8FB0130424E72D0358D34
:1061000001224FF48073E1680DF12008002406F1AC
:106110003B003286F58506F13A0B738648F8104D40
:10612000B6F82AA004F0A6FA4246384906F13B0028
:1061300004F0B6FA06E000208CF83A300EF10104C3
:1061400004F0AEFA601C2F4D584405F13A0704F0F4
:1061500071FA06EB040C0346424604EB000E2B4991
:106160000028E8D12744012611342946A7F801A0C8
:10617000FB703E7126486C6200F0A4F9686088B339
:106180002E7200F0DFF9284609B0BDE8F08F4FF419
:106190008073A9F82A3089E7069802F095FF054632
:1061A00028B3002603E002F011FD054620B3BDF838
:1061B00014302846771C0BB1DB0703D502F028FE0C
:1061C0000790D8B9069B30463E46002BEBD005A879
:1061D00004F098F800287FF445AF284602F06AFFE3
:1061E00006903AE7D9F8000003F02EFC3AE702F0F7
:1061F000E9FD05460028D4D10025E8E70123ADF8E4
:106200001430E4E7BCA7002017E50300A44F0020EA
:10621000A96A00002DE9F04F4FF0000A83B017463D
:10622000814688461646554601933C7804F0C000E6
:10623000C0281ED0A8BBB9F1000F30D0B8F1000FB4
:106240002DD0A0452ED9621CC4EB0808484639461B
:10625000934608F1FF3804F041F9D9445A461744EF
:10626000BE4238BF3E46002CDFD1304603B0BDE809
:10627000F08F05B9023624027D780C9B04F47C541F
:1062800025449D420DD20AF1010A019BBAF1040F87
:1062900003EB0507C9D95C5D04F0C000CAE7621CC6
:1062A000DDE7002003B0BDE8F08F00BF037A022BCA
:1062B0002DE9F0430446ADF5037D30D0032B16D015
:1062C000012B03D00DF5037DBDE8F0830023426A66
:1062D00000F12E01006803F04DFC636A984200F063
:1062E000A480032323720DF5037DBDE8F08300F045
:1062F00023F9206803F0A8FB606800F003F900238D
:10630000237200F01FF9216A00297AD10846E56856
:106310002369A269A8470DF5037DBDE8F08300F16C
:106320002E0600234FF400720068314603F098FCFB
:106330000C28054668D9E28D238D9A42C2D1B4F962
:106340003030002BBEDA608EFEF7F6FC0128B9D1A2
:106350000095334604F13A0202A8FF21FFF75AFFE5
:1063600007460028AED0A16902A8FFF723FE012846
:10637000A8D104374FF0000806EB050909E0B3F592
:10638000A06F58D0388908F10108FEF7D5FC0A3013
:106390000744A08EFEF7D0FC80455CD24F455AD210
:1063A0003A4600953346FF2102A8FFF733FF074620
:1063B000002850D0A16902A8FFF7FCFD0128E1D117
:1063C0003B88628D9A42DAD17B88B3F5807FD9D140
:1063D000B2F5807F236A43D103F12302D7F80A1074
:1063E0001201A0522244916004EB03120133796838
:1063F000032BC2F83C122362C4D9002B7FF471AF87
:1064000060E704F50C7082E706F07CFA6369C01A55
:10641000B0F57A7F7FF656AFE3690133052BE36170
:106420003FF65FAF012323724CE706F06BFA0223BD
:106430006061237246E77B88B3F5807FA2D1334643
:10644000009507F10A02FF2142A8FFF7E3FE0DF2D3
:106450000913A36196E7236A002B7FF442AF31E76B
:1064600023330220102207F10A011B01E052E01839
:10647000083004F033F8236AB6E700BFF8B50F4CD4
:1064800001270F4804F1900603F0F4FF02E00C34FA
:10649000B4420ED02368002BF9D02579002DF6D117
:1064A00027710C3454F8040C984704F8085CB44283
:1064B000F0D10348BDE8F84003F0E8BF54AD002038
:1064C000E8AD0020F8B5C8B106460F4603F0EAFF74
:1064D00000220B4D1346AC580C3209493CB1013334
:1064E0000C2BF8D1002403F0EBFF2046F8BD03EBA2
:1064F00043039B00CC18CE50A760F4E70446F4E7B2
:1065000054AD002048B110B5044603F0CBFF002382
:106510002360BDE8104003F0D3BF704708B50448BE
:10652000902104F065F80348BDE8084003F094BFEB
:1065300054AD0020E8AD0020014803F09BBF00BF30
:10654000E8AD0020014803F0A1BF00BFE8AD002086
:1065500010B50446006802F073FD237B834207D028
:1065600020730146236962692068BDE8104018471E
:1065700010BD00BFF8B50546FFF7DEFF35B12B684B
:1065800023B16B6813B10E4C26790EB10020F8BD13
:106590001821204604F02CF82F686A682146AB6861
:1065A0000848276022616361FFF78CFFA060002824
:1065B000ECD0012326732371FFF7C4FF2046F8BDFA
:1065C00030AD00204D6D000068B110B50446FFF7F6
:1065D000B3FF204612F09AFE204612F087FEBDE877
:1065E0001040FFF7AFBF704702F05CBD70B50F4EB3
:1065F00000F1F005044602E01834AC4214D0A36860
:10660000002BF9D006F07EF9E368C01AB042F3D946
:10661000236918460BB102F0FDF820461834182102
:1066200003F0E6FFAC42EAD170BD00BF804F12001C
:106630002DE9F0470023164604460F4680460246E1
:1066400091681832B9424AD001330A2BF8D1234657
:1066500000259A68183312B301350A2DF9D10025A7
:10666000A946AA4606E00AF1010A08F11808BAF19B
:106670000A0F14D006F046F9D8F80C30C01A484575
:10668000F1D955460AF1010A06F03CF9D8F80C3068
:10669000BAF10A0F08F11808C3EB0009EAD14FEA72
:1066A000450909EB050804EBC808D8F8100030B11B
:1066B00002F0B0F80023C8F81030C8F814304D4488
:1066C0003146062204EBC5052846AF6003F006FFFD
:1066D00006F018F92B46E8601846BDE8F08703EB92
:1066E00043033146062204EBC304204603F0F6FEC2
:1066F00006F008F92346E0601846BDE8F08700BFC1
:1067000008B301B3F8B507460E4601F1F0050C4693
:10671000B96520461834182103F06AFFAC42F8D15D
:1067200032460C490C4806F025F9C6F8F00068B16D
:1067300039460A4801F040FDB0FA80F3C6F8F4008B
:106740005B095842F8BD4FF0FF3070474FF0FF3003
:10675000F8BD00BFE96D0000E0930400E56D0000A6
:1067600010B5846D34B1D4F8F00006F023F900239D
:10677000C4F8F03010BD00BF806D0023024610B594
:10678000946818328C4205D001330A2BF8D10024CA
:10679000204610BD03EB43030622054900EBC3046A
:1067A000204603F02DFF0028F1D0204610BD00BF89
:1067B0006C0D002070B5D0B1846D94B104460E46C6
:1067C000154601F045FD31462046FFF7D5FF60B183
:1067D0004DB1014606222846012403F07FFE01F058
:1067E0003FFD204670BD0124F9E70446F7E7044663
:1067F000204670BD2DE9F04385B00B4601914969F3
:106800001B2904D9DC682288B2F5807F05D01846A0
:1068100002F000F805B0BDE8F0832279062AF6D12F
:106820006288082AF3D16279042AF0D11C2905462E
:10683000D0F8589008D10622284602A902F00CFB95
:10684000064638B1019BE2E7C1F11C0101A802F044
:1068500075F8F0E704F10807062202A9384603F0AC
:10686000CFFE0028EED006223449384603F0C8FE99
:106870000028E7D0D4F80E10EB6AD4F818809942BB
:106880004DD0984515D03346AA6D4FF0180E01E053
:106890000A2BD7D00EFB03260133B0688142F7D113
:1068A00006223946304603F019FE06F02BF8F06058
:1068B00005E03A46A86DFFF7BBFE064650B13369C6
:1068C00043B132464FF40061284600F033FA00230A
:1068D00033617361E388B3F5807FB3D1EB6A984588
:1068E000B0D1022304F1120600210622E3713046E2
:1068F000A171394603F0F2FD02A93846062203F0E1
:10690000EDFDD4F80E10EB6A3246A1612846C4F8BA
:106910000E3040F60601019B00F00CFA7AE721B92F
:10692000AB6DD3F8F8309845D4D10123D9F8F400F1
:1069300085F8543001F0BEFCCCE700BF640D0020A8
:10694000002849D02DE9F043D0F8588083B0B8F141
:10695000000F22D00546894601F07AFC01211C2057
:1069600001F0A8FD0646B0B1C46800230821042246
:106970004FF0010E0627A1702846627169463A461B
:106980002370E370A37184F801E084F807E02771B5
:1069900002F062FA20B101F063FC03B0BDE8F083BD
:1069A0003A460E4904F1120003F098FD3A46694652
:1069B00004F1080003F092FDEB6AC4F81890C4F8E3
:1069C0000E300BB9C8F8F89033462846044A40F612
:1069D000060100F0AFF9DEE7704700BF6C0D002044
:1069E000640D00202DE9F047D0F8588007460D4689
:1069F0009146002401F02CFC43469A681833AA42C1
:106A000019D001340A2CF8D11C4A2946B86DFFF779
:106A10000FFE0646006908B101F0FCFEC6F81090B2
:106A200005F070FF294670613846FFF789FFBDE821
:106A3000F04701F015BC04EB440608EBC6063369C9
:106A400006F1100A9BB105F05DFF7369C01AB0F53D
:106A50007A7FDAF8000008D848B101F0DBFEC6F80A
:106A60001090BDE8F04701F0FBBB0028D4D11823FB
:106A700003FB0484C4F81090D2E700BF6C0D002023
:106A800038B504460D4603F00DFD29462046FFF7B4
:106A900057FFBDE8384003F013BD00BF70B5846DEB
:106AA000002501F0D5FB04F1F006236918461BB15F
:106AB00001F0B0FE256165611834B442F5D1BDE83E
:106AC000704001F0CDBB00BFB1F1200C2DE9F04FBB
:106AD0003ED402F12003E64633F8204CBEF1200EEE
:106AE00033F81E1C03F1200333F83C5C214433F8D7
:106AF0003A4C33F8387C294433F8366C33F8345C3C
:106B0000214433F8324C33F830BC394433F82EACDE
:106B100033F82C9C314433F82A8C33F8287C2944F0
:106B200033F8266C33F8245C214433F8224C594462
:106B3000514449444144394431442944214408449E
:106B4000CAD54FEA5C114B1CACEB411102EB43126E
:106B5000B1F1080718D402F108033E4633F8084C97
:106B6000083E33F8061C03F1080333F80C5C21449B
:106B700033F80A4C294421440844EFD5F9084B1C4A
:106B8000A7EBC10102EBC3028D1E0CD42B461146AC
:106B900031F8024B023B2044FAD569084B1CA5EBA7
:106BA000410102EB430209B113781844BDE8F08FAC
:106BB000F0B5056983B007460C468D424FF00006DC
:106BC000C26828BF0D462946304624B1641BFFF732
:106BD0007BFF064614B9304603B0F0BD3F6815F0A0
:106BE0000105FA682B4605D139692546A14298BFAF
:106BF000CD18E8E712F8010B013C00920192FEF774
:106C00009BF84FF0FF330644009AEDE708B5FFF715
:106C1000CFFF4FF6FF7303441A0C03D012FA83F32D
:106C20001A0CFBD1D84380B208BD00BF70B5154621
:106C30000E461146FFF7BCFF04462846FEF77CF8D7
:106C40004FF6FF7333441C442044030C03D013FA63
:106C500080F0030CFBD180B270BD00BF38B51C467C
:106C600015460A461946FFF72FFF2A462146FFF729
:106C70002BFF4FF6FF7303441A0C03D012FA83F371
:106C80001A0CFBD1D84380B238BD00BF014B93F939
:106C900000007047F9B20020014B1870704700BF28
:106CA000F9B20020002818BF0E2A0CD959B170B5CE
:106CB00082B00D46144606226946064602F0CCF81C
:106CC00010B102B070BD704706226946A81803F0E3
:106CD00097FC0028F5D0A4F10E01012205F10E0069
:106CE00001F034FC0028ECD02B78FF2B0ED0012BC8
:106CF00003D1836943F004038361AB89B3F5C16FAA
:106D00000DD0082B10D001F085FDDAE76B78FF2B52
:106D1000F3D1836943F0020383612B78E7E7034BE8
:106D2000014630469847CCE7014BF9E7F16F000088
:106D3000FD7E00002DE9F04705460F4690461C46B3
:106D400043B15A6983689A4204D92046BDE8F047A6
:106D500001F060BD01210E20D5F80CA001F0AAFBC6
:106D600006460028F1D0D0F80C900622284609EB00
:106D7000020102F071F80028E7D141460622484698
:106D800003F0ACFB3846FDF7D7FFA9F80C0024B19F
:106D90003046214601F086FE0646DAF80C303146D0
:106DA0002846BDE8F0471847C16851B1203108B501
:106DB000FFF7A6FC20B9044A13680133136008BD2D
:106DC00008BD4FF0FF30704728AD002008B5FFF731
:106DD000C7FC024A1368013B136008BD28AD0020C0
:106DE000FFF75CBEC16A10B582B039B906226946A8
:106DF000044602F031F828B102B010BDFFF7A0FD43
:106E000002B010BD03466A4620464FF6FF71FFF7F9
:106E100091FF02B010BD00BFF0B50C4683B005462F
:106E200001462046174600F0EBFC98B904F0F0024A
:106E3000E02A1DD0214628466A466E46FFF7BAFC76
:106E400078B13B46324628464FF40061FFF772FFA7
:106E500003B0F0BD0622154968466E4603F03EFBBE
:106E6000EFE73A4621462846FFF7BCFD03B0F0BDE8
:106E7000034601215E2220468DF800106E468DF8F3
:106E800002208DF80130FDF75BFFC0F3064320467A
:106E90008DF80330FDF754FF030A20468DF80430C7
:106EA000FDF74EFF8DF80500CBE700BF640D002015
:106EB000C368F0B55A6985B00191CAB19DF8053033
:106EC0004FF0010E00275E2603F07F039DF8065069
:106ED0009DF8074002A98DF80B308DF808E08DF879
:106EE00009708DF80A608DF80C508DF80D409047B0
:106EF00005B0F0BDC368F0B51A6985B00191CAB19B
:106F00009DF805304FF0010E00275E2603F07F0349
:106F10009DF806509DF8074002A98DF80B308DF8BA
:106F200008E08DF809708DF80A608DF80C508DF826
:106F30000D40904705B0F0BD80B1036910B41C78D6
:106F4000012C06D15B6B23B11B6813B15DF8044BB8
:106F500018474FF0FF305DF8044B70474FF0FF309B
:106F6000704700BF80B1036910B41C78012C06D1B2
:106F70005B6B23B15B6813B15DF8044B18474FF0AE
:106F8000FF305DF8044B70474FF0FF30704700BF93
:106F900010B5044682B018B103691978012903D0ED
:106FA00094F8240002B010BD5B6B002BF8D01B6876
:106FB000002BF5D00DF1060298470028F0D1BDF85E
:106FC0000600C0F3800002B010BD00BFF0B583B072
:106FD00000234FF40042054602AE194642F21074F7
:106FE000C76826F8023DFFF7BDFF01E0013C40D035
:106FF000324600212846FFF79FFFBDF90630002BDF
:10700000F4DBFB6923B12846984708B103B0F0BD13
:10701000324600212846FFF78FFFBDF806200021E9
:10702000284622F4B0521204120C42F49052FFF798
:1070300099FF05F067FC04462B691978012902D0F5
:10704000002003B0F0BD5B6B32462846002BF7D022
:107050001B68002BF4D098470130F1D0BDF8063002
:107060009B06EDD405F04EFC001BB0F5FA6FE3D3A0
:10707000E6E7FB69ABB1284698470028C6D13246FF
:1070800021462846FFF758FFBDF80620214628462E
:1070900022F4B0521204120C42F49052FFF762FF35
:1070A000CEE7324621462846FFF746FFBDF80620C8
:1070B0002846214622F4B0521204120C42F4905297
:1070C000FFF750FF2046A1E72DE9F0431C460023BF
:1070D00087B08846E56891460646AB70EB7010B104
:1070E000036A9B0715D461692046FFF78FFD68800E
:1070F000002540274A464146012302943046059523
:10710000049503958DE8A00000F02AFE07B0BDE8C5
:10711000F083616900F0CEFA0028E4D1A36943F05E
:107120002003A361E4E700BF2DE9F0410E46516959
:1071300088B013462329019227D92429074601AC98
:1071400029D1204601F088FB0130019B1DD0D3F8E6
:107150000C800021012098F8112002F02DF805463E
:1071600090B1836983B105AB02AA08F108013846E2
:1071700000F0A8FA20461C2101F0E0FB05AA02A9B4
:10718000AC693046019BA047019B184601F042FBC9
:1071900008B0BDE8F081C1F12401204601F0CEFB2A
:1071A000019B2046596901F057FB0130019BCED16C
:1071B000EBE700BFF0B583B004460E4615460898CD
:1071C000019301F027FB01989CB190B104210DEBD4
:1071D000010001F041FB013001980AD08369AF68DA
:1071E0009B06B668C56808D44169FFF70FFD20B15A
:1071F000019801F00FFB03B0F0BD2146304600F0CE
:10720000FFFA0028F4D106F0F003E02BF0D02B7841
:10721000033B092BECD801A252F823F09D7A000021
:10722000957A0000ED790000ED790000ED7900001D
:10723000697A0000ED790000ED790000537A0000D2
:10724000417A00006B78012BD2D82046019A09219F
:10725000FFF76AFFCFE76B78002B39D0012BC7D13E
:1072600008212046019AFFF75FFFC4E701984369B0
:10727000072BBED92146384600F0C2FA0028B7D104
:1072800007F0F003E02BB3D0287032463946204691
:10729000019BFFF719FFAEE769780029A8D1E0E765
:1072A0006B780C2BA4D8DFE803F00907110F0D0B46
:1072B00009070709070907000221D2E70621D0E7DD
:1072C0000521CEE70121CCE70421CAE70321C8E765
:1072D0000721C6E72DE9F04F83B00193BBB1DC680D
:1072E0001746E28822F0E00272B9627A05460E463D
:1072F000012A63D0D4F80C802946D4F81090404677
:1073000000F07EFA30B1019B184601F083FA03B019
:10731000BDE8F08F08F0E003E02BF4D029464846A2
:1073200000F06EFA0028EED109F0F003E02BEAD06D
:10733000019B9A6912F0060AE6D15146082001F035
:10734000B9F802460028DED0D0F80CB00C2E8BF82D
:1073500004A08BF805A08BF806A08BF807A039D104
:10736000042F37D1002D37D000902889FDF7E4FC99
:10737000ABF80400009A8BF800608BF8017023785A
:1073800001999B00486903F03C0303F1080484421F
:1073900008D2C0F1080101A80092194401F0CEFA08
:1073A0000199009A104601F07DFB044603464246CF
:1073B000494628460194FFF787FEA8E72278920005
:1073C00002F03C02A15C12299ED8084ACA40D207AA
:1073D0009AD58FE70C2ECED138460092FDF7ACFC43
:1073E000ABF804000027009AC5E700BF01E70700DB
:1073F0002DE9F04182B000238C460A270DF1080EDA
:107400001E461A4698460EF8043D714610F8014B88
:10741000ACB1A4F13003DDB2092D1BD80C7817FBF9
:10742000043304B93ABBFF2B25D80B7012B90136CF
:10743000042E20D810F8014B0122002CE9D1032E94
:1074400019D960467146042203F048F8204602B07C
:10745000BDE8F081A6F104032E2C14BF002402F035
:107460000104B3FA83F35B09A34204D281F80180DB
:1074700000220131CAE74FF0FF3002B0BDE8F081D1
:10748000FFF7B6BFF8B5044615460E4600F0E0FE1D
:107490006A6963681344B3F5804F14D8002104204F
:1074A00001F008F878B1676829466B69C6603B440B
:1074B000636001F0F7FA0146204601F00FFB00F08F
:1074C000CFFE0020F8BD00F0CBFE4FF0FF30F8BD3E
:1074D00070B50568A5B1EB6804462E680B6000F036
:1074E000B7FE1EB1636872699B1A63600023204671
:1074F00029462B6001F0FEFA00F0B2FE304670BD66
:107500002E46FBE770B5049C16461A460546231C1A
:1075100018BF0123002918BF002353B14AB14369A2
:107520009B88DB0705D52346314600F091FD10B955
:1075300070BD6FF0050085F88400FFF7ADFB4FF0DC
:10754000FF3070BD70B5049C05467BB174B1164622
:107550001A46236853B149B943699B88DB0705D5AF
:107560002346314600F040FD10B970BD6FF00500B4
:1075700085F88400FFF790FB4FF0FF3070BD00BF2F
:1075800038B543690446BBB100250BE0D968D1602A
:10759000D9680A6162699A4208BF616101F03AF9EB
:1075A00063694BB11A6998689A42EFD1656101F03D
:1075B00031F96369002BF5D163685BB122681A6009
:1075C000226802B15360204601F0BEFABDE838409F
:1075D00000F046BE226801490A60F2E764AE00206E
:1075E00038B500F035FE0B4B1C686CB1237A013BBB
:1075F000DBB2237263B9256800F02AFE20462C46D0
:10760000FFF7BEFF002CF1D1BDE8384000F028BEE6
:107610002468EAE764AE002010B500240E4B0F4941
:107620004FF4FA7022461C6005F0A4F90C4B186068
:1076300070B178210B4802F0DBFF21460A4800F0C8
:10764000BBFDB0FA80F3094A5B091060584210BDD7
:107650004FF0FF3010BD00BF64AE0020DD7D0000A4
:1076600070AE002080B300206580000060AE002076
:1076700038B5044601F0B2FB0D4B1D6865B12B46D1
:10768000DA6B1AB1D96A6140114206D05B69002BEE
:10769000F6D138B1836C2BB10346184638BD6D69FD
:1076A000002DF9D0AB6C002BF9D02B46F5E700BFCD
:1076B000F8B3002080681431814294BF002001207B
:1076C000704700BF2DE9F04180460E4610460C2160
:1076D0001C461546012702F08BFFD8F81C302046C7
:1076E0002F800C216B60F368AB6002F081FFD8F84B
:1076F0001C30278063603369A360BDE8F08100BF60
:1077000070B169B110B50C46014608482246FFF732
:10771000B9FE30B9064BBDE81040186800F0CABD8C
:1077200070472046BDE8104001F074B868AE0020F4
:1077300060AE002038B50E4D00F08AFD2C683CB1DB
:1077400000F086FD2046FFF71BFF2C68002CF7D1C8
:10775000084C216829B1074801F0CCF921680029BB
:10776000F9D100236360BDE8384000F079BD00BF67
:1077700064AE002068AE002010B5044CFFF7DAFFBD
:10778000206805F017F90023236010BD70AE0020BB
:1077900070B5154E002533462A4606E01C68844223
:1077A00013D001320C330A2A07D09C68002CF5D183
:1077B00001321D460C330A2AF7D125B1AB680133DB
:1077C000012BAB6009D0284670BD5C688C42E8D1C3
:1077D00002EB420206EB8205F0E785E8030001F0C8
:1077E000F9FB284670BD00BF80B3002018B1836844
:1077F000013B836003B1704703C801F0F1BB00BFD8
:10780000431E033310D86FF4AB7398420CD069B1A8
:107810000B6C984208D04B6C984205D08B6B181AB1
:10782000B0FA80F0400970470120704710B582B06F
:10783000044602F037FE0B4B186840B90BE0436C6E
:107840009C4207D0836B9C4204D0406918B1036C02
:107850009C42F4D10120019002F032FE019802B066
:1078600010BD00BFF8B300202DE9F0470026AE4F51
:107870008CB000F0EDFC03A9AC48FFF729FE0490A2
:1078800008B34660142104A800F0E6FF013016D0CA
:10789000049BDC686088D4F81090FDF74DFA05462B
:1078A00004984369132B07D99D4205D894F80080AA
:1078B0004FEA1812042A0BD000F0ACFFDBE7049863
:1078C00000F0A8FFD7E700F0CBFC0CB0BDE8F087D4
:1078D0004FEA880808F03C08B8F1130FECD9454589
:1078E000EAD30399CA6A914507D04846FFF788FF53
:1078F000002800F0BB80049843699D42C0F0AF802F
:10790000E28822F04002002A3BD1039A126A110752
:1079100006D5627A02F0EF0101292DD0062A2BD07C
:10792000B3F5004FC8D8002308F10802194600F04B
:10793000C7FE4146054604A801F000F809AB06AAB7
:1079400021460398FFF7BEFE039809AA06A9049BE7
:10795000009501F077FD627A0021012001F02CFCF6
:10796000002800F09881039C09AA009506A94569A2
:107970002046049BA8477EE7826942F0200282618C
:10798000CEE70DF13009194649F81C0D484600F0C4
:1079900063FF013000F07C81059B3C68D3F80C80CC
:1079A000002C75D0B8F8042002E02468002C6FD0B9
:1079B00063899342F9D1617A98F809309942F4D1F8
:1079C000E168D8F80C309942EFD12169D8F810302D
:1079D0009942EAD198F800504846AD0005F03C05C0
:1079E000294600F0ABFFB8F80200FDF7A5F9B8F89A
:1079F0000630401B9A06A8F8020005D598F8012029
:107A000042F0010288F801201846FDF795F9DDF8EB
:107A100014E0C000C8F808E082B2A8F80620636944
:107A20001D4603E0ED68AB4200F01A81E9889142FF
:107A3000F8D9AB4200F014812869B0F806C041883B
:107A40006144B1EB020A00F0E280B8F802309A45D6
:107A5000C0F03481704600F0DDFE04960BE7E91AB1
:107A600004A800F06BFF0498436949E7039B04985E
:107A7000DA6A002A00F0BD8009F0F009B9F1E00FE0
:107A800004D01B691B78032B7FF416AF436934E7DE
:107A900098F800404846A40004F03C04214600F059
:107AA0004DFFB8F80200FDF747F9041B1820A8F8AD
:107AB000024001F059F80446002800F0E9803B68D4
:107AC000236003B15C60142326716671A671E671B0
:107AD00023723C60B8F80430638198F8093063720F
:107AE000D8F80C30E360D8F810302361B8F80600FD
:107AF000850605D598F8013043F0010388F8013078
:107B0000FDF71AF9059BC1004046C8F80C8089B200
:107B1000C8F81080C8F80830A8F80610C4F8148017
:107B20000346002205E000BF64AE002068AE0020DE
:107B3000D9888A4291D15988DB680A44834292B23B
:107B4000F6D11A695278D00787D49A680592D3F88B
:107B50000C80984500F0C7801046D8F8081000F057
:107B6000A1FF0590D8F80C8002466569A845F3D1BD
:107B700095F800E050694FEA8E0E1369D1680EF057
:107B80003C0E7044506180B295F800E04FEA8E0ED2
:107B90000EF03C0E734413612B789B0003F03C0302
:107BA000CB1AD360FDF7C8F86880E2686B78EA60AA
:107BB000226923F001032A61627A6B706A7262683B
:107BC0002368002A00F08D801360236803B15A6097
:107BD000204600F0B9FF0598049000283FF44BAE12
:107BE000C468436994F800804FEA880808F03C08AC
:107BF00096E6826992073FF549AF3DE7D168D960C3
:107C0000D1680B6163699A421BD0B8F806209D4287
:107C100026D0B8F80230B5F806E013447345CEEB31
:107C200003011DDD6B8899420ED3ED682B699868BE
:107C300000F0F0FD2A6913699A42DFD166610023E2
:107C4000E3E70B466161E0E78AB205F108009B1AA1
:107C500096446B80A5F806E000F070FEB8F80620A8
:107C60002B6913B3616901B3D968C8F81030C8F83B
:107C70000C10D968C1F81080C3F80C806069C18805
:107C800091427FF64DAFC4F814801146404647E755
:107C9000DDF814E0DEE6049800F0BCFD2B4602227D
:107CA00003210398FFF716FBE5E5C8F80C801146A1
:107CB000C8F810804046C4F8148031E75146484661
:107CC00000F03CFEB8F806201FFA8AF1B8F802303E
:107CD0000A44591A92B2A8F80210A8F8062063695B
:107CE00095E73B6072E71D4642E700BF2DE9F04192
:107CF00015469846036A0022EF680446DB070E46E5
:107D0000BA72FA7223D5AB6943F01003AB61214616
:107D10003046FFF775FD90B906F0F003E02B0ED06A
:107D2000B8F1000F0BD1E36AE26B7340134206D047
:107D30004FF6A9631A463340934200D0A66C2369DC
:107D40002A46314620461B69BDE8F041184739787C
:107D50002846890001F03C01FEF758FF7881D6E7FC
:107D60002DE9F04F87B01F46059104929DF84050D1
:107D70009DF844809DF84C609DF85090002800F0DC
:107D8000DE800446059B73B1129A53691433B3F530
:107D9000004F0BD96FF00704104600F03BFD204662
:107DA00007B0BDE8F08FE36A0593EDE701211420E9
:107DB00000F080FB8246002800F0BD80159B43B197
:107DC0001598042304AA05A90088FEF747FF159B10
:107DD0001880DAF80CB0814A9BF80030108803F064
:107DE0000F03411C43F0400311808BF80030FCF777
:107DF000A3FF8BF801509BF80030129A23F00F0379
:107E0000ABF80400556943F0050314358BF80030D6
:107E1000ADB2002E40F088808BF806608BF80760CA
:107E2000059A2846049BCBF80C20CBF810308BF831
:107E300008808BF80970FCF77FFF1299ABF80200FD
:107E4000504600F02FFEA66802461290B54240F25E
:107E500081809BF80070BBF80630BF005B0607F01E
:107E60003C07A6EB070626F0070693D4072E91D908
:107E70000090394612A800F0EFFC0130009A5AD069
:107E8000BB19DDF848A09D42DAF80C10019300916F
:107E90006AD9131DCDF80C90DDF80480DDF800B030
:107EA000994602941EE0C8EB0506E0804146002397
:107EB00032465046B04400F003FC002800F08680B3
:107EC0000146129800F0EEFD0346808A1293FCF7FB
:107ED00033FF129B45456080C9F80030129B03F1C7
:107EE00004093ED90021384600F0E4FA3A465946E2
:107EF0001290002865D0C06802F0F0FA129BC7EB20
:107F00000800DC68C0F3CF00237823F00F0343F0B0
:107F100005032370FCF710FF08EB060340F0200276
:107F20009D42C0D9E280C1E7002240238BF80720A0
:107F30008BF8063074E7129A6FF002042CE71046B3
:107F4000FFF796FB044600287FF41CAF129A6FF0EF
:107F50000F0421E74B4620460499FFF7C7FE002097
:107F60001EE7029CDDF80C90009D0027CDF848A08C
:107F70006888FCF7E1FE019B191A12A800F0DEFCEC
:107F8000129B988AFCF7D8FEEB88688043F02003A8
:107F9000EB800026CDF848A006E00499FFF7A6FE86
:107FA0001295AA46002DDAD0DAF804504B46524614
:107FB0002046CAF80460002FEFD0504600F02AFC9B
:107FC000EEE7029C0127DDF80C90E2E7129801270A
:107FD000029CDDF80C9000F01DFCDAE7E8B200200E
:107FE00047F6C470704700BF172910B420D0182975
:107FF00012D0162904D06FF008005DF8044B7047CA
:108000001968032920D990F86D40042100201460DC
:1080100019605DF8044B70471968032914D990F86A
:108020006E4004210020146019605DF8044B704715
:108030001968032908D990F86C40042100201460C5
:1080400019605DF8044B70476FF00500D5E700BF7D
:10805000F8B5A1F11604042C62D8DFE804F03A3236
:1080600025030300054650681F4614460E460028A7
:108070003AD001F043F8082F32D188B3216801F0DB
:10808000F003E02B2CD16B6953B39B79022B27D1E2
:10809000D5F890405CB32368984231D0192E1FD197
:1080A0006FF00D042046F8BD032B19D94369BBB10D
:1080B0009B79022B14D11368002480F86E3020467F
:1080C000F8BD032B0CD91368002480F86C302046CF
:1080D000F8BD032B04D91368002480F86D3001E04B
:1080E0006FF005042046F8BD00F078FEC3E7192EB6
:1080F000F6D1FFF74DFBC5F890000028F2D1CFE78D
:1081000063689942CAD1192ECAD0A368013BA36003
:108110001BB10024C5F89040E4E700F061FFF8E7E8
:108120006FF00804DEE700BF104B10B51C684CB1BF
:108130006368984203D106E06368834203D02468F1
:10814000002CF9D110BDA3680BB160699847084BAA
:108150001B683BB9E2682374002AF3D06069BDE86C
:10816000104010470123237410BD00BF2CAD002028
:1081700048AD00202DE9F047054618208946904675
:108180009A46089F00F0F0FC80B10A4E0446456014
:10819000514633682846C4F80890C4F80C806761DB
:1081A00023603460BDE8F047FCF794BE4FF0FF3029
:1081B000BDE8F0872CAD00200C4B70B51C6806465E
:1081C00018200D46621C1A6000F0CEFC50B1084B1E
:1081D000002244601968C6604561016018608260D1
:1081E000204670BD0446204670BD00BF946200204A
:1081F0002CAD002010B4154C216851B14B68984249
:1082000020D00B4602E05A68824205D01B68002B42
:10821000F9D15DF8044B7047994204D112E05468DB
:10822000A04208D011460A68002AF8D118465DF825
:10823000044B00F089BC126818465DF8044B0A60D4
:1082400000F082BC0A680B462260EFE72CAD0020EC
:10825000024A136801331360704700BF48AD002025
:108260002DE9F041114E3368012B04D03368013BF6
:108270003360BDE8F081DFF838800027D8F800408F
:10828000002CF3D0002201E0246864B1257C012D8C
:10829000FAD1E3682774002BF6D060699847246808
:1082A0002A46002CF2D1002AE8D1DFE748AD0020B1
:1082B0002CAD002038B5124D124A2B6814680133DA
:1082C0002B6014B90DE024685CB163689842FAD160
:1082D000A3680BB1606998472B68012B05D0012377
:1082E0002374BDE83840FFF7BBBF0022E368227467
:1082F000002BF6D060699847BDE83840FFF7B0BF63
:1083000048AD00202CAD002000230249024A0B603A
:108310001360704748AD00202CAD0020072A98BF9D
:108320000822A8B102F10B038B4212D2014430B4EF
:10833000C51C544225F00305EB1D6A602846134412
:108340002340C91A5B60B1FBF2F21A602B6030BCAB
:1083500070470020704700BF00230360704700BFD4
:1083600039B370B505460C46FFF772FF68682B6895
:10837000211A5A688B4207D2914209D3934207D2FD
:1083800013468B425A68F7D39342F9D39142F7D2FE
:108390000C6804FB0016964216D04A601C6804FB69
:1083A0000030814206D059602B60BDE87040FFF775
:1083B00057BF70470A6814441C604A685A602B60B3
:1083C000BDE87040FFF74CBF166834440C6052683B
:1083D0004A605A689342E1D10B46E0E72DE9F0414B
:1083E00080460D46FFF734FF0024D8F80400D8F883
:1083F0000060411E7368B64629443546B1FBF0F172
:10840000013100E05B681A68914205D814B1276811
:10841000BA4201D2AE461C46B3421D46F2D17CB1EF
:10842000DEF8043062689A42236811D099420CD079
:108430005B1A236003FB004421600444C8F800E099
:10844000FFF70EFF2046BDE8F081CEF80420F4E7E8
:108450009942EDD10024F3E738B50546FFF7F8FE61
:108460002968F9B10C680B46013C06E0994207D037
:108470001A68944238BF02F1FF345B68002BF5D1D3
:108480004B68994205D0FFF7EBFE686800FB04F0EB
:1084900038BD002CF7D0013CFFF7E2FE686800FB16
:1084A00004F038BD0C46FFF7DBFE686800FB04F003
:1084B00038BD00BF2DE9F0470E46DFF88C80074637
:1084C0001C210036D8F8000018BF0126FFF786FFF0
:1084D000044600B9DEB964B307F10409D8F8000016
:1084E000DFF864A04946FFF779FF054600B9BEB939
:1084F00015B3002301212A1D2046236063602960F3
:10850000A361A560E26027616761BDE8F08700F0C4
:1085100075FE1C21D8F80000FFF760FF0446DAE77B
:1085200000F06CFE4946DAF80000FFF757FF0546F9
:10853000DEE72046BDE8F087D8F800002146FFF7C7
:108540000FFF2846BDE8F0874CAD002070B50D4602
:10855000064611462846FFF7ADFF044620B12A46DD
:108560003146C06801F0BAFF204670BD82B3F8B54D
:10857000054616461F460246002013691268184435
:10858000002AFAD1731C24D07318984217D388425A
:1085900015D32B69994213D21C4601E000212C69A6
:1085A000641AEB683846B442194428BF3446361B77
:1085B000224601F093FF27442D68002EEED1F8BD2E
:1085C0002D682C6923449942FAD22144C91AE7E75D
:1085D0007047461ADDE700BFA0B181680B68012B28
:1085E00070B5044609D0013B074E0B602568214653
:1085F0003068FFF7B5FE284670BD034E3068FFF7C0
:10860000AFFEF3E7704700BF4CAD00202DE9F04707
:1086100004687CB381EAE17AD4F81490AAEBE17A99
:10862000D14527D300290E468046256924DDA76958
:10863000204674B1B5420CD82368C8F80030FFF763
:10864000CBFF04460028F3D0036920461D44002CCC
:10865000F0D1E4B12369AA1BA7611E44E36822613B
:10866000751B1D44E560CAEB09036361C8F800404F
:10867000BDE8F087BDE8F08709EB0102274601E07D
:108680003B691D44954204DA3F68002FF8D100246D
:10869000ECE73B6938684B441E44751B3D6128B1CB
:1086A000FFF79AFF38600028FAD13D69002DDAD132
:1086B0003846FFF791FF04460028D4D1E7E700BF12
:1086C0002DE9F84F04460D469146014600200A69FF
:1086D000096810440029FAD1B9F1FF3F00F08D80FC
:1086E00009EB050282427DD885427BD8484E13F1C2
:1086F00000084FF01C01306818BF4FF00108FFF769
:108700006DFE074610B9B8F1000F6ED1002F69D089
:1087100022690021A3699542C7F814907960BB6172
:1087200038D2A368E1681A682944BB600132F96055
:108730001A602369C3EB090BAB44BBF1000F5FDD8B
:108740005B1BDFF8CCA03D464FF000093B611C21CC
:108750003068FFF743FE0246286010B9B8F1000FF9
:1087600026D1002A2FD024681546C2F80490A368A9
:10877000A1691868936001309161E168186023690C
:10878000D160C3EB0B0100290BDB8B461361DED1FB
:1087900009E01A462468236913449D42F9D2AD1AB0
:1087A000BFE7C2F810B0002338461360BDE8F88F69
:1087B00000F024FD1C21DAF80000FFF70FFE02464E
:1087C0002860002ACFD13846FFF706FF2B68014604
:1087D000984207D030680C68FFF7C2FD2B6821462D
:1087E000A342F7D10020BDE8F88F00F007FD1C215F
:1087F0003068FFF7F3FD074688E7C5EB000975E72A
:108800003A460023C7F8109038461360BDE8F88F49
:108810004CAD0020E0B170B504460E4E06E00B6092
:10882000214630682C46FFF79BFD85B1A16825687D
:108830000B68012B03F1FF33F1D13068FFF790FD96
:10884000214630682C46FFF78BFD002DEED170BD20
:10885000704700BF4CAD00202DE9F047076882B09B
:10886000002F58D0B1FA81F35B09002B53D13A693C
:10887000914250D97C69A1424DD83E4601E026B1D3
:108880003269134436689942F9D82B4C88468146A0
:1088900004312068FFF7A2FD8246002849D0034634
:1088A0000122F96843F8042B18463A69019301F054
:1088B00015FEB9683D690A68019B012A34D0013A66
:1088C0000A603C68C7F808A0FB600AE02269E1681A
:1088D00001F004FE236920461D44FFF77DFEFB687E
:1088E0000446A64203EB0500F0D1C5EB0806E1689B
:1088F000324601F0F3FD23699B1B23617BB1E368E2
:108900001E44E66000203C60C7F81080C9F8007083
:1089100002B0BDE8F087002002B0BDE8F087204635
:10892000FFF75AFE0446EDE72068FFF719FD019BAB
:10893000C7E74FF0FF30EFE74CAD002009B1FFF77C
:1089400065BE7047002A00F086802DE9F043D0F81C
:10895000009083B0CDF80490B9F1000F1AD0D9F887
:1089600014E053189E4515D317460D468046A9B10D
:10897000D9F810404E464846002204E019690C44DC
:10898000A54228BF1846A54212D3336801221E46CD
:10899000002BF3D1002003B0BDE8F08301A81146FD
:1089A000FFF734FE0198C8F8000003B0BDE8F0837B
:1089B000002A74D13369E21A95423DD0621B974276
:1089C00028D2B168C7EB0E00C9F814000968012964
:1089D00043D0C7EB020900214846FFF76BFD06466E
:1089E000002856D001994A46C0680B69C9682B44D3
:1089F0001F443F1B394401F071FD019A136911684E
:108A00001D4431602C1B16601461D8F8000003B0BF
:108A1000BDE8F08335D02C1B32682344391933610B
:108A2000C2F814E027D14846D9F81430DF1BC9F842
:108A3000147003B0BDE8F0833946C6F814E0FFF7C0
:108A4000E5FDD9F81430D8F80000DF1BC9F8147020
:108A500003B0BDE8F083002070472B44F168D21BBF
:108A6000181B3B180844194401F038FD019A13699A
:108A7000DB1B1361C9E73046FFF7C8FDD8F80000DB
:108A8000D2E7DB1BC7EB0E0748463361C9F8147009
:108A900081E7D8F8002053693B4453617BE7019696
:108AA00088E700BFF0B498B1B1B1024600E01A46C1
:108AB0001368002BFBD18C6905464B6987694669B1
:108AC0003C4311603344846143612846F0BC7047E5
:108AD0000D462846F0BC70470546F6E702680AB91D
:108AE00005E01A465368002BFBD1516070470160C6
:108AF000704700BF90B170B504684CB18C42054618
:108B000008460CD06368984203D01C46002BF9D16C
:108B100070BD4568FFF77EFE656070BD7047666892
:108B20002046FFF777FE2E6070BD00BF08B5082213
:108B3000FFF7F4FBB0FA80F3024A5B091060584279
:108B400008BD00BF4CAD0020024B01461868FFF77E
:108B500007BC00BF4CAD0020024B01461868FFF770
:108B60003DBC00BF4CAD002038B5064B0146044665
:108B70001868FFF733FC054610B1214601F038FDB7
:108B8000284638BD4CAD0020014B1868FFF764BC87
:108B90004CAD0020FFF7F8BF014B1868FFF7DCBBB6
:108BA0004CAD002010B5FFF753FB074B1C683CB1E0
:108BB000236920469B6903B198476469002CF7D16B
:108BC000BDE81040FFF74CBBF8B3002038B50546B0
:108BD00001F068FC054B1C6824B11DB16469013DBE
:108BE000002CFAD101F06CFC204638BDF8B300200F
:108BF00090B10388012B0ED1084B8268186858B1D8
:108C0000C36A9A4203D108E0C36A9A4204D0406919
:108C10000028F9D17047002070477047F8B3002052
:108C2000F0B138B5104D2B6813B914E05B699BB1F6
:108C30009842FBD103690446DB680BB12046984794
:108C4000A36962696BB15A61626902B19361074BB2
:108C50001A68944201D038BD38BD2A681A6038BD00
:108C600070472A60F1E700BFF8B30020FCB3002092
:108C700010B5044601F016FC084B1B6813B908E058
:108C80005B6933B19C42FBD1012401F019FC204601
:108C900010BD1C4601F014FC204610BDF8B30020A6
:108CA000002837D070B504460D461646FFF7D0FAB7
:108CB0000023E56284F8503084F85430BDB1B6B971
:108CC0002B0628D505F0C003802B32D005F0E00339
:108CD000C02B3CD0636BE26BD943D0432B402A407E
:108CE000294328432363A2632164606406E005EA04
:108CF000060265EA0603E663A2636364284601F0A0
:108D00000DFD23695B690BB120469847BDE87040B3
:108D1000FFF7A6BA7047E26B2AB1D043FF236FF08A
:108D2000FF016363DAE7FF236FF0FF001A46E36396
:108D3000F4E7E26B2AB1D0434FF6FF730C4963634B
:108D4000CCE74FF6FF730A481A46E363F4E7E26B99
:108D50003AB1D0436FF07F464FF07F4133466663B0
:108D6000BCE76FF07F434FF07F401A46E363F1E7C3
:108D70000000FFFF70B504460D46164601F092FB59
:108D8000294620463246FFF78BFFBDE8704001F0D0
:108D900097BB00BF48B138B504460D4601F082FBD1
:108DA000A564BDE8384001F08BBB704748B138B5C9
:108DB00004460D4601F076FBE564BDE8384001F05D
:108DC0007FBB704710B501F06DFB034B1C6801F0D1
:108DD00077FB204610BD00BFFCB30020014B186894
:108DE000704700BFFCB3002010B5044620B101F06D
:108DF00059FBE46A01F064FB204610BD10B504463F
:108E000020B101F04FFBE46B01F05AFB204610BD8E
:108E100010B5044620B101F045FBE46C01F050FBB5
:108E2000204610BD10B5044628B101F03BFB94F874
:108E3000504001F045FB204610BD00BF50B138B591
:108E400004460D4601F02EFB84F85050BDE8384032
:108E500001F036BB704700BF002918BF002A10D0B0
:108E600078B103696BB110B45C68A24204D3DB69CA
:108E700013B15DF8044B18474FF0FF305DF8044B19
:108E800070474FF0FF30704770B504460D461646E8
:108E900001F008FB294620463246FFF7DDFF044675
:108EA00001F00EFB204670BD032A70B5154682B056
:108EB00004460DD8DCB1D1B12369C3B15A689542DB
:108EC00015D11B6A9BB1204602B0BDE8704018471F
:108ED0004A780B781204CE78887842EA03630191CD
:108EE000334343EA002001F019FC0199E2E74FF017
:108EF000FF3002B070BD00BF2DE9F04158B10369E9
:108F00004BB1DFF8AC80D8F8003013B908E05B69EA
:108F100033B19842FBD14FF0FF342046BDE8F081D9
:108F2000054617460E46FFF793F9D8F800306B61F7
:108F300003B19D6100230124C8F80050AB612B46AA
:108F4000D869A04217D05B69002BF9D12869EC6180
:108F500084682B628CB12846A047044678B906B1D4
:108F6000AFB92B691B78013B012B19D90F4B1A683C
:108F700042B91D6006E00134E1E74FF0FF342846B6
:108F8000FFF74EFEFFF76CF92046BDE8F0813A4648
:108F900031462846FFF788FF0028E2D00446EEE776
:108FA0002846FDF701FF0028E0D0F7E7FCB30020DA
:108FB000F8B3002070B504460D46164601F072FA6B
:108FC000294620463246FFF797FF044601F078FA1B
:108FD000204670BD18B10369DB6A03B118477047BA
:108FE00018B103691B6B03B118477047F8B518B384
:108FF00003695B6A03B3044603F084FC0646A36A74
:10900000C31AC82B03D894F824502846F8BD236906
:10901000204694F824705B6A984787420546A6620A
:1090200084F82400F1D0002FEFD123695B69002B75
:10903000EBD020469847E8E701252846F8BD00BF59
:1090400010B5044601F02EFA2046FFF7CFFF044684
:1090500001F036FA204610BD10B5044601F022FAA0
:10906000FFF7F6F8034B1C60FFF7FAF8BDE8104075
:1090700001F026BA50AD002038B5084D0020FFF7AA
:10908000EBFF2C682CB12046FFF7CAFD6469002C69
:10909000F9D10023024A2B60136038BDF8B30020D9
:1090A000FCB30020024B1B6803B11847704700BF98
:1090B00050AD002010B5044620B101F0F3F9E46989
:1090C00001F0FEF9204610BD38B5054601F0EAF979
:1090D00065B1094B1C6814B904E0646914B1E36913
:1090E0009D42FAD101F0ECF9204638BD2C4601F042
:1090F000E7F9204638BD00BFF8B3002050B1074B58
:109100001B6813B904E05B6913B1DA699042FAD1C4
:109110001846704703461846704700BFF8B3002052
:1091200070B5FFF795F8134B134C0025DA6804F17E
:109130000C061D6012B19047431C0AD0B4420DD0FA
:1091400054F8043FDA681D60002AF7D09047431CAA
:10915000F4D10446FFF784F8204670BDFEF75CFAB0
:1091600001304FF0FF3418BF0024FFF779F8204694
:1091700070BD00BFCC620020B40D002038B5FFF7F1
:1091800067F80B4B0B4C1B6904F10C0503B19847B6
:10919000AC4206D054F8043F1B69002BF7D1AC4217
:1091A000F8D1FEF7E9FABDE83840FFF759B800BF3B
:1091B000CC620020B40D002070B40E4C0E4B04F1B4
:1091C0000C069D88284206D09D798D4208D011B9A1
:1091D0009D68954209D0B44209D054F8043FF0E7A5
:1091E0001AB19D680DB1AA42F1D1184600E00020E5
:1091F00070BC7047B40D0020CC62002038B50B4B1A
:109200000B4CDB6904F10C0503B19847AC4206D066
:1092100054F8043FDB69002BF7D1AC42F8D1FEF7DC
:1092200089FABDE83840FFF7BDBC00BFCC62002022
:10923000B40D002003464FF40062402100209A64E0
:1092400083F86C1083F86D009A63704738B50C464C
:109250000546FEF7FDFFE20708D4A30702D5012368
:1092600085F85030FEF7FCFF002038BD012305F1E2
:10927000340085F8403000F063FEEEE72DE9F0475A
:10928000044686B015461E4688460E9FFEF7E0FF50
:10929000A36CAB4267D3002F60D040460022294622
:1092A000FFF754F98046002860D016F0040611D16B
:1092B0007868D4F81090FFF721FF3B88012B49D044
:1092C00094F98530002B4CD1FEF7CAFF284606B032
:1092D000BDE8F087012394F88C90786884F88C308E
:1092E000D4F810A0FFF70AFF3B88012B0FD0002015
:1092F00084F88C900028E3D00146204600F0AAF9BB
:10930000FEF7AEFF4FF0FF3006B0BDE8F0875FFA22
:109310008AF3BA68A16E02F0F00794F86DC0E02FEE
:109320004FF000070CBF94F86EA094F86CA0CDF835
:10933000088094F88CE0CDF804A0CDF800C0059723
:109340000397CDF810E0FEF70BFD002ED0D10028DA
:10935000B6D0D1E75FFA89F3B146DAE704F15407F2
:109360009BE70020C8E76FF00700C5E76FF0020039
:10937000C2E700BF2DE9F0411C4686B005460F4606
:1093800084F00204904603A80C21C4F340040C9E10
:1093900001F02EF903AB4246394605F13400009442
:1093A00000F05AFF431C13D095F985304BB90446A1
:1093B00026B103A8314600F0B7FF204606B0BDE84D
:1093C000F0810021284600F045F94FF0FF30F5E725
:1093D0006FF00701F6E700BF38B504460D46FEF70B
:1093E00037FF0C22294604F1540001F077F80025DC
:1093F000032304F13400A4F862502373A4F85650F8
:1094000000F09EFDFEF72CFF284638BD10B504463F
:10941000FEF71EFF0348214600F0A6FDFEF720FFE1
:10942000002010BD0C64002010B5054C216829B146
:10943000034800F099FD21680029F9D110BD00BF53
:109440000C6400202DE9F84F0A9C002B18BF002C5B
:1094500043D0002841D05D69002D3ED00D88012DFC
:1094600000F0AD8000278A468146014610469846A6
:10947000164600F03DFF002878D0534B1C68002CA6
:1094800000F0A0804FF0000B01E02468FCB12569DA
:10949000BD42FAD1304600F01BFF00284CD0338883
:1094A000012BF2D1D4F890100029EED04A68B368AD
:1094B0009A42EAD10B689945E7D1BBF1000F02D07F
:1094C0009BF8403013B3A3462468002CDFD1BBF1D6
:1094D000000F02D09BF840300BB1BDE8F88F234657
:1094E000214640464FF0FF32FFF7EAF804460028D5
:1094F000F3D052460BF13400214600F059FE013002
:10950000EBD12046BDE8F84FFFF784B919464FF07C
:10951000FF324046FFF7D4F805460028D3D00BF1C0
:1095200034005246294600F043FE0130CBD1284694
:10953000A346FFF76FF9A8E704F16005284600F09D
:10954000E1FE28B92846314600F0E8FE00289CD00C
:1095500004F15405284600F0D5FE0028ADD1284678
:10956000514600F0DBFE00288FD0A6E7304600F021
:10957000AFFE002881D114483B4631465246006870
:1095800000F0DAF804460028A7D090F84030002B0D
:10959000A3D1404619464FF0FF32FFF791F8054638
:1095A00000289AD0524604F13400294600F000FE0B
:1095B000013092D12846BDE8F84FFFF72BB9E46897
:1095C000677A50E7BDE8F88F0C64002038B50D4C81
:1095D000FEF73EFE0023224652F8041B39B1013348
:1095E0000C2BF9D10025FEF73BFE284638BD4FF085
:1095F000FF3204EB830544F82320FEF731FE2846B2
:1096000038BD00BFECAD002002880B88934201D02A
:109610000020704713F0010306D083688868181A89
:10962000B0FA80F0400970471846704703880A4630
:10963000DB0700D47047014610460C2200F04EBFF5
:1096400008B53021024800F0D3FF002008BD00BF5C
:10965000ECAD002090F985301BB11946002380F84D
:10966000853080F884100846FDF716BB38B50546EE
:109670000C46FEF7EDFD2B68236003B15C60002310
:1096800063602C60BDE83840FEF7EABD38B50C4693
:109690000546FEF7DDFD63684BB122681A6023685A
:1096A0000BB162685A60BDE83840FEF7D9BD236847
:1096B0002B60F4E72DE9F0410446002839D00E462E
:1096C000174698464D8802E02468002C31D0B4F843
:1096D0006230AB42F8D13388DB070FD5B3686BB18A
:1096E000314604F16000FFF78FFF0028ECD07FB90E
:1096F000B8F1000F0CD00120BDE8F081B8F1000FE7
:10970000F5D1314604F16000FFF77EFF0028DBD081
:1097100004F15400002FD7D03946FFF775FF002819
:10972000D2D0B4F856207B889A42E4D02468002C2A
:10973000CDD12046BDE8F0812DE9F0470446002850
:1097400074D00E4690461D464FF0030A4FF00009B4
:1097500002E02468002C47D02169A942F9D1B4F86D
:10976000621073889942F4D1636E13B172689342A8
:10977000EFD1B4F86030DF074AD5A36E002B47D095
:109780003388D8074ED5B368002B47D0314604F153
:109790006000FFF739FF0028DBD004F154000027F8
:1097A000B4F85430D90722D5E36D03B3B8F1000FF4
:1097B00028D0B8F80030DA0724D5D8F808300BB331
:1097C0004146FFF721FF0028C3D0B4F85620B8F86F
:1097D00002309A42BDD1BA4501D9A14627B12468C9
:1097E0004FF0010A002CB7D14846BDE8F087B8F128
:1097F000000FF0D0B8F80030DB07ECD5D8F808300F
:10980000002BE8D00137BA45A3D9BA46A146A0E754
:10981000378817F0010706D0B76827B104F1540064
:109820000127BDE7012704F15400B9E78146DBE7D2
:10983000F0B585B0144F05460C2201A843F6FE761C
:109840003C8800F04BFEFEF703FD44F20103621C6E
:10985000234494B29BB2B34288BF4FF440442046A5
:10986000FBF76AFA0123ADF80600002201A9284699
:10987000FFF720FF0028E8D13C80FEF7F1FCBDF89F
:10988000060005B0F0BD00BF3E65002038B50546B6
:109890009420FFF761F90446A0B12946942200F014
:1098A0001DFE002323606360A3602373A361236311
:1098B000E36163626363E3636364E36484F8843055
:1098C00084F88530204638BDF0B587B004460E4692
:1098D000154600F0E7FD5B4B1B78002B00F09880ED
:1098E000002C00F095802468002C00F09180237BF0
:1098F000042B00F0998067693A6A12782AB1032B29
:1099000000F09D80022B00F08C802DB126B13388B1
:10991000D90778D50B2D14D86FF0050594F985007B
:10992000F0B1002384F8853084F88400FDF7B4F9A1
:109930002846FDF7B1F900F0C3FD4FF0FF3007B046
:10994000F0BD96E807008DE80700BDF800306D46D1
:10995000DB0707D494F985006FF006050028E0D1F5
:109960002846E1E7029B002BF4D0BDF8023013B982
:10997000BB79032B52D10C2204F160060DEB0200DF
:10998000314600F0ABFDBDF80C20BDF800301340AF
:10999000DA07ADF80C3027D40198FFF7AFFBBDF81C
:1099A0000C30012B2FD1002841D0C36A0593BDF89C
:1099B0000E3003B3606901232A4603A90068FFF74C
:1099C00079FE40BB03A930460C2200F087FD636995
:1099D0001B6ADB68D3B1204629469847044600F04D
:1099E0006FFD204607B0F0BD059B002BD4D0BDF81D
:1099F0000E30002BDED1636903A91868FFF718FF4A
:109A0000ADF80E00D6E76FF00B0587E71C46E6E7DA
:109A10006FF01B058CE76FF00D057FE76FF00E050B
:109A20007CE76FF0150579E76FF00A0576E7029895
:109A3000FDF71EFE0028B8D16FF00F056EE76FF03E
:109A400012056BE700B3002038B5054600F02AFD8B
:109A5000134B1B78D3B1CDB12C68BCB1D4F89000B6
:109A600008B1FDF7C3FE63691B6A9B683BB12046E2
:109A70009847044618B100F023FD204638BD002069
:109A80000446286000F01CFD204638BD6FF01B0026
:109A9000FDF702F900F014FD4FF0FF3038BD00BFB4
:109AA00000B300202DE9F04182B00D46064617466E
:109AB0009846089C00F0F6FC2D490978002951D001
:109AC000002E4FD0306800284CD054B1099B43B1D0
:109AD0002388DB0727D5099B0B2B1ED86FF00503C6
:109AE00023E0B0F85430DA072ED5C36D63B30024F9
:109AF000002DF3D090F8503073BB43691B6A9E6908
:109B00006EB3009443463A462946B047044600F0F7
:109B1000D7FC204602B0BDE8F081A368002BE7D156
:109B20006FF0060301E06FF00B0390F9852072B926
:109B300080F884301846FDF7AFF800F0C1FC4FF014
:109B4000FF3002B0BDE8F0816FF01303EDE713467C
:109B5000002280F88520EBE76FF01403E5E76FF053
:109B60000A03E2E76FF01B00FDF796F8E5E700BF98
:109B700000B3002010B5002482B001940094FFF7D8
:109B800091FF02B010BD00BF2DE9F04383B00E4637
:109B90009946074690460A9C0B9D00F083FC2F4B8C
:109BA0001978002954D0002F52D0386800284FD09F
:109BB00066B3B0F862301BB943699B79032B3ED181
:109BC000002C18BF002D14BF0122002216D190F8DE
:109BD0004030002B36D143691B6A5D69ADB3002A62
:109BE0004B464246314608BF00240094A84704462D
:109BF00000F066FC204603B0BDE8F0832B682BB173
:109C0000B0F86010C90712D50B2BE0D86FF0050330
:109C100090F9852072B980F884301846FDF73CF839
:109C200000F04EFC4FF0FF3003B0BDE8F0836FF062
:109C30000B03EDE71346002280F88520EBE76FF079
:109C40000403E5E76FF01403E2E76FF00A03DFE7D0
:109C50006FF01B00FDF720F8E2E700BF00B3002023
:109C600010B5002482B001940094FFF78DFF02B07C
:109C700010BD00BF2DE9F04182B01C4607460E46DC
:109C80009046089D00F00EFC3C4B1B78002B6FD0DB
:109C9000002F6DD0386800286AD0002C50D0002DDD
:109CA0004ED0374B9E4212D04369002B48D01B6ADE
:109CB0001F6A002F44D02346009542463146B847DC
:109CC000044600F0FDFB204602B0BDE8F08108F13B
:109CD000FF33052B49D8DFE803F0291F0E480303A3
:109CE000032D2DD92368B8F1050F4FF000040CBFE8
:109CF00083648363E5E7032D22D961884FF47A7288
:109D00002378002402FB01F21B1BC0F8882018BF37
:109D1000012380F88E30D4E7032D11D92368002465
:109D20001B1B18BF012380F88C30CAE7032D07D90D
:109D3000236800241B1B18BF012380F88D30C0E767
:109D40006FF0050390F985201AB11346002280F8C0
:109D5000852080F884301846FCF79EFF00F0B0FBA9
:109D60004FF0FF3002B0BDE8F0816FF00803E9E783
:109D70006FF01B00FCF790FFF0E700BF00B300207E
:109D800017E503002DE9F04182B01E4607460C4658
:109D90009046089D00F086FB664B1B78002B00F078
:109DA000C480002F00F0C1803868002800F0BD801A
:109DB0000EB305B3604B9C4210D04369DBB11B6A04
:109DC0005F6AC7B12146009533464246B84704460C
:109DD00000F076FB204602B0BDE8F081B8F10D0F2F
:109DE00000F2A080DFE808F01B28323C9E4D4D5B5E
:109DF00064717C7C8A946FF0050390F985204AB9E0
:109E000080F884301846FCF747FF00F059FB4FF00C
:109E1000FF30E0E71346002280F88520F0E72B684A
:109E2000032BE8D9037B042200249B1A2A60B3FA8F
:109E300083F35B093360CBE72B68032BDBD990F806
:109E40008D30042200242A603360C1E72B68032B85
:109E5000D1D990F88C30042200242A603360B7E70F
:109E60002B68032BC7D9042390F88E10334A0024A3
:109E70002B60D0F888303170A2FB03239B097380DC
:109E8000A6E72B68032BB6D90423B8F1050F4FF0D2
:109E900000042B600CBF836C836B336098E72B68E6
:109EA000002BA8D0037B012200242A6033708FE7A7
:109EB0002B68002B9FD090F98420002301211C46A1
:109EC0002960327080F8843082E72B68002B92D0B2
:109ED000436901222A6003B19B793370002477E73C
:109EE0002B68032B87D90423B8F10A0F4FF0000425
:109EF0002B600CBF436B436C336069E72B68032B0B
:109F00007FF679AF042300242B60C36A33605FE7D8
:109F10002B68032B7FF66FAF042300242B60836A2A
:109F2000336055E76FF0080367E76FF01B00FCF73D
:109F3000B3FE6AE700B3002017E50300D34D6210BB
:109F400038B50546FEF784F94DB1A86838B14468C4
:109F5000FEF760FC2046002CF9D1AC602C60BDE817
:109F60003840FEF77DB900BF38B50C460546FEF710
:109F70006FF921462846FFF789FB04F13400FFF70B
:109F8000DFFF04F14400FFF7DBFF2046FEF7DCFDB6
:109F9000BDE83840FEF764B92DE9F04107460C46AC
:109FA000904600F07FFA2D4B1B78002B3AD0FFF73C
:109FB0000DFB054600283ED0214642463846FFF7B5
:109FC000FBF80646002839D09420FEF7CDFD044664
:109FD000002838D00023286085604661A0F86070B2
:109FE000C0F810800373B8F1000F18D0A4F85470B3
:109FF000FEF72EF93368236003B15C6000236360D1
:10A000003460FEF72DF9336A5B681BB12046984730
:10A0100001301BD000F054FA2846BDE8F081B36847
:10A020000361E3E76FF01800FCF736FE00F048FA32
:10A030000020BDE8F0816FF00100F5E76FF0090046
:10A0400000232B60F0E76FF00200F9E7214660691A
:10A05000FFF78AFFFCF71AFEF2E700BF00B300200B
:10A0600070B504460D46164600F01CFA404B1B78AE
:10A07000002B77D0002C75D02468002C72D046B30A
:10A080003DB32A88D1074AD50B2E22D9B4F86230C5
:10A09000FBB9B4F8603013F0010001D0A16EC1B972
:10A0A000A96801F0F006E02E2DD16E88934239D0D8
:10A0B0006B686366DEB1A4F8626004F13400FFF7F8
:10A0C0003FFF04F14400FFF73BFF00F0F9F90020E7
:10A0D00070BD6FF0050094F9853043BB84F88400AF
:10A0E000FCF7DAFD00F0ECF94FF0FF3070BD63696A
:10A0F0009A79032ADFD0186804F16001FFF798FB12
:10A10000A4F86200D9E721B1B0B92846FEF770FD86
:10A1100028B36E88BEB9B4F860302A88C6E76FF0FD
:10A120000B00D8E7DB07C3D5AB68A366C0E71846CA
:10A13000002384F88530D1E70021A06EFDF760FB95
:10A140000028E6D1E1E762690023294610681A4633
:10A15000FFF7B0FA0028DED06FF00D00BBE76FF01C
:10A160000E00B8E76FF01B00FCF796FDBAE700BFE2
:10A1700000B3002038B504460D46FEF769F869695A
:10A18000236862680B4493420CD82946A068FEF706
:10A1900089FC6B692268A06013442360FEF760F8B5
:10A1A000002038BDFEF75CF84FF0FF3038BD00BF2F
:10A1B000F8B504460D461746FEF74AF86969236864
:10A1C00062680B4493421CD800210C20FEF772F900
:10A1D0000646B0B139460C22C068274600F07EF929
:10A1E00022686B6929463046134447F8083BFEF75E
:10A1F00059FC01463846FEF771FCFEF731F80020A5
:10A20000F8BDFEF72DF84FF0FF30F8BDF8B58568C2
:10A21000F5B16C691E4607460B46944228464FF03E
:10A22000000128BF14462246FEF7A0F9012E01D0F6
:10A230002046F8BDFEF70CF807F108002146FEF7AE
:10A240007DFB3B681B1B3B60FEF70AF82046F8BD10
:10A250002C462046F8BD00BF2DE9F84385689DF8DF
:10A2600020908DB32F68984606460B4657B37C69FD
:10A2700000213846944228BF14462246FEF776F95C
:10A2800040460C22E96800F029F96B690C3B9C42BE
:10A2900038BF4FF0FF34B9F1000F02D12046BDE8BE
:10A2A000F883FDF7D5FF1FB17A6933689B1A3360D5
:10A2B00006F108002946FEF71DFCFDF7D1FF2046F8
:10A2C000BDE8F8833C46DBE72C462046BDE8F88332
:10A2D00068B1038813F0010308D0806800F0F00033
:10A2E000A0F1E000B0FA80F04009704718467047CE
:10A2F00010B10388DB0701D4002070478068FDF7A8
:10A300007FBA00BF38B10388DB0704D58068B0FA94
:10A3100080F0400970470120704700BF10B109B1BB
:10A32000FFF772B90020704710B109B1FFF77EB98D
:10A33000704700BF48B10388012B07D110B5044610
:10A340004068FEF7DBFE18B110BD70470020704773
:10A35000A068BDE81040FDF78BB900BFF8B5002834
:10A3600030D0416800292DD083680446304D314AF1
:10A37000C0682B601060002B4AD01B6813B32E4EB0
:10A3800030469847F0B92B68CBB19A682B4F8AB109
:10A39000316879B1304690473B78BBB14FF0FF341C
:10A3A0002B682BB1DB681BB12348026802B19847C8
:10A3B0002046F8BD3A784AB14FF0FF34F2E71F4F1C
:10A3C0003B781BB14FF0FF342046F8BD6168206830
:10A3D000FEF7ACFB04460028E2D1FCF79FF80446E8
:10A3E0000028DDD1FDF790FF154A164B0A201460B6
:10A3F0001C6002F06BFA01300FD0FEF791FE0130C5
:10A400000BD0FFF71DF9013007D001233B70C7E7E0
:10A410000A4F3B78002BD5D1D9E7FEF72DFE4FF040
:10A42000FF34FEF7ABFE02F05FFAFEF7B5FBB7E7CD
:10A4300028A6002030A600201CAE002000B300207B
:10A44000F8B30020FCB3002008B502F089FABDE89B
:10A450000840FCF713B800BF054B1B681BB11B6815
:10A460001BB110B11847184670474FF0FF307047C6
:10A4700028A60020044B1B682BB19B681BB110B1B0
:10A48000026802B11847704728A60020044B1B68D9
:10A490002BB1DB681BB110B1026802B118477047DD
:10A4A00028A60020044B1B682BB19B681BB10348F6
:10A4B000026802B11847704728A600201CAE002091
:10A4C000044B1B682BB1DB681BB10348026802B167
:10A4D0001847704728A600201CAE0020032AF0B4BD
:10A4E00070D9CE070B4606D50B780131013A013001
:10A4F00000F8013C0B469D0705D50B88023A023156
:10A50000023020F8023C97094DD000F1400401F1DF
:10A5100040033D4653F8406C013D03F1400304F114
:10A52000400444F8806C53F87C6C44F87C6C53F81D
:10A53000786C44F8786C53F8746C44F8746C53F885
:10A54000706C44F8706C53F86C6C44F86C6C53F895
:10A55000686C44F8686C53F8646C44F8646C53F8A5
:10A56000606C44F8606C53F85C6C44F85C6C53F8B5
:10A57000586C44F8586C53F8546C44F8546C53F8C5
:10A58000506C44F8506C53F84C6C44F84C6C53F8D5
:10A59000486C44F8486C53F8446C44F8446CB9D1A6
:10A5A000BF0138443944C2F383075FB1051F3B46FE
:10A5B0000C4654F8046B013B45F8046FF9D1BF0019
:10A5C00038443944940704D50B880230023120F80E
:10A5D000023CD30701D50B780370F0BC704700BF75
:10A5E00022B1024400F8011B8242FBD1704700BF38
:10A5F00029B10144002300F8013B8142FBD170479F
:10A60000AAB130B4044603780878181A0AD1224453
:10A61000013405E014F8013B11F8015F5B1B03D125
:10A620009442F7D130BC7047184630BC7047104692
:10A63000704700BF014640B100784B1C28B1581A42
:10A6400013F8012B002AFAD17047704770B10278D5
:10A65000431C6AB1B1FA81F0400910B108E08142AF
:10A6600005D013F8012B0130002AF8D1704770474C
:10A670000020FBE750B149B10B782BB100F8013B4A
:10A6800011F8013F002BF9D100230370704700BF80
:10A69000A0F14103192B01D82030C0B2704700BF90
:10A6A000F0B408B307460C4617F8015B01E09D4281
:10A6B00014D014F8013B002BF9D1CDB13D460C4626
:10A6C00015F8016B00E05BB114F8013B9E42FAD132
:10A6D00046B100233B701560F0BC70473846E1E797
:10A6E0002F46EBE73546F6E710680028DAD1F3E7A6
:10A6F00028461560F0BC704710B5074C44F2A7110E
:10A700006FF0004200232068A0FB010107F0D8FD94
:10A710002260104610BD00BFE4AD0020024A13685D
:10A7200018441060704700BFE4AD0020F8B515462E
:10A73000876900220E462A70BB8BA3B1144643F0F2
:10A740000170FAF7FDFA30512C780D480434E4B268
:10A750002C70BB7F1B021843FAF7F2FA30512B78AA
:10A7600003332B70F8BDC06DFCF782FF28B18368FE
:10A77000283B9BB2BB832C78E1E72C78BB8BDEE7D0
:10A780000000030338B58469054688212046FFF799
:10A790002FFFA96B1A4A4FF406702B6F9142A087C6
:10A7A000A38323D89BB2A160994200D2A183A37F47
:10A7B0004FF4405000FA03F28A4206D20133DBB272
:10A7C00000FA03F28A42F9D3A377696B4FF0FF33A3
:10A7D0000C220B482367E3666366E3676367A3663F
:10A7E000A367A264E264A06319B938BDA2601146F0
:10A7F000DDE705F13400BDE83840FFF7A1BB00BF3D
:10A800000000FF0F88B138B50546006828B14468DC
:10A81000FEF700F82046002CF9D1002328466B6093
:10A820002B60BDE83840FEF78FB9704706292DE947
:10A83000F041069D04D00695BDE8F041FCF782BECC
:10A84000A2F10E041F46072C28D8DFE804F02027C9
:10A850001C13270F0B04C36F3B60042300202B60E5
:10A86000BDE8F081836F5B083B60F6E7436F5B08F0
:10A870003B60F2E78369D3F8843013F0080307D014
:10A8800001233B60E9E790F880303B60E5E7036F28
:10A890003B60042300202B60BDE8F0816FF00801CD
:10A8A000FEF7D8FE4FF0FF30BDE8F08138B5456ABD
:10A8B000A5B10446FDF7CCFC656A00E025462C688E
:10A8C000002CFBD12B6B29469A6A03F12400013A34
:10A8D0009A62FEF7DBFE2C63FDF7C2FC284638BD0A
:10A8E000F8B504468820FEF73FF9F8B10246002388
:10A8F00001214FF4615E96270826A26140254FF49E
:10A9000000421846236784F88C3084F88E3084F82F
:10A910006D3084F8801084F88D10C4F874E0A76757
:10A92000E66784F86C50A264A263F8BD20466FF01D
:10A930000201FEF78FFE4FF0FF30F8BDF8B5064676
:10A940000D46FDF785FC344B1C68002C56D00027C3
:10A9500001E02468A4B1B4F862206B889A42F8D16F
:10A96000237B042B33D1002FF3D104F16007384649
:10A97000FFF7C8FC002846D027462468002CEAD1FF
:10A98000002F3BD0FC696CB1314604F15400FFF755
:10A99000C5FC20B1B4F8562073889A4213D02468BD
:10A9A000002CF1D17C6A6CB1314604F15400FFF700
:10A9B000B5FC20B1B4F8562073889A4203D02468BD
:10A9C000002CF1D13C46FDF74BFC2046F8BD294652
:10A9D00004F16000FFF7A2FC0028BAD0237B002B13
:10A9E000B7D0314604F15400FFF798FC0028B0D0EE
:10A9F000B4F8562073889A42ABD1E4E70024FDF7FF
:10AA00002FFC2046F8BD38462946FFF787FC002872
:10AA10000CBF002727469CE73064002091F8803067
:10AA2000042B17D015D3062B1AD8052B1CD0CB6EB0
:10AA30000A22013B81F88020033312D84FF0FF3205
:10AA400001238A660370D1F8843043F00803C1F80B
:10AA5000843070470722012381F880200370F2E7D9
:10AA600070473023CB66E9E70B6A9342DFD00823B7
:10AA700081F88030E7E700BF002944D0CA682DE99B
:10AA8000F84F177B8B46824614244FF00C083F0981
:10AA9000BD00AC4229D2A35CA11833B3012B26D050
:10AAA00004F10109A94520D24878661E0644B54242
:10AAB0001BD9022B1DD0032B11D18B780C2B98BFE7
:10AAC0008AF83E30DAF8843088BF8AF83E8043F056
:10AAD0002003DBF80C20CAF88430177B3F0912F8FA
:10AAE0000930BD001C44AC42D5D3BDE8F88F013419
:10AAF000CEE74888FAF720F9DBF80C20AAF83C00EA
:10AB0000177B3F09EBE7704770B5056B0446E5B16D
:10AB1000037B022B0CD0AB6A8069013BAB62FFF771
:10AB200071FE214605F12400BDE87040FFF71CBA14
:10AB30002B6A8069013B2B62FFF764FE214605F119
:10AB40001C00BDE87040FFF70FBA8669D6F8843064
:10AB5000DB0716D4306828B14568FDF75BFE284650
:10AB6000002DF9D1002504F1440075603560FFF730
:10AB7000E7F9257304F154000C21BDE87040FFF79C
:10AB800037BD3046FFF73EFE21460248BDE8704023
:10AB9000FFF7EAB93064002006292DE9F041069E4E
:10ABA00014D1152A054614461F4606D801239340A2
:10ABB00013F4651F01D0042E3CD10E3C072C2CD879
:10ABC000DFE804F0092B0F2B2B171E250696BDE896
:10ABD000F041FCF797BC3B6863B32B670020BDE8EE
:10ABE000F081386810B30123002085F88030BDE87B
:10ABF000F0813B68F3B15B0000206B67BDE8F0813A
:10AC00003B68BBB15B000020AB67BDE8F0813B68EF
:10AC100083B1EB670020BDE8F0816FF008012846A2
:10AC2000FEF718FD4FF0FF30BDE8F08185F8800099
:10AC3000BDE8F0816FF00501F1E700BF002A18BF01
:10AC4000002B2FD0F8B5E1B1DB68054610469F78A0
:10AC500093F803E01E785B7847EA0E2746EA032361
:10AC600057804B80FFF76AFE58B1092D09D8DFE8FD
:10AC700005F015110D05050D0D080809027B042AC4
:10AC800011D1F8BDF72280F88520F8BDE82280F8C0
:10AC90008520F8BDF82280F88520F8BD83699A8F59
:10ACA0001A63F8BD7047EE22BDE8F84080F88520B1
:10ACB000FFF72ABF38B5144D00221449C82001F00F
:10ACC00059FE2860A8B1002211494FF4FA7001F032
:10ACD00051FE104B0446186070B1FFF70DFD0E4A8F
:10ACE0000021136803F57A4353FA80F01060084698
:10ACF00038BD4FF0FF31FAE7286801F05BFE2C60A9
:10AD00004FF0FF31F3E700BF20AE002065BA00002E
:10AD10001DD0000024AE00202CA600202DE9F04715
:10AD2000044688B04069FEF7E9F90021074614207F
:10AD3000FDF7C0FB00286ED005461421C068FFF760
:10AD400057FCE66A26B194F83080B8F1000F6BD159
:10AD5000EB6850221A73EE68E388E0693380638AF7
:10AD60007380F9F7EDFFD5F80C807060206AF9F771
:10AD7000E7FFEB68C8F8080094F824205A73EE68DF
:10AD8000E08CF9F7D9FF616BF0812846FDF78AFE68
:10AD90000546208DEE68F9F7CFFFEB680022708240
:10ADA0001A8203F11006238A012B0FD0AA8A4FF4CE
:10ADB000C0612846FBF73AFFEB6830801033228AE7
:10ADC000012A0CD0002008B0BDE8F087002F6CD01D
:10ADD0003B6A9B0759D4EB6803F11006E6E720684D
:10ADE000E168A26900285CD0447890F800E090F80F
:10ADF0002000002605930623049002953846CDF8DE
:10AE000004E000940396FCF7ABFF08B0BDE8F087C0
:10AE10002846FDF7FFFC606B08B1FDF7FBFC6FF007
:10AE2000020008B0BDE8F087002128200795C14640
:10AE3000FDF740FB82460028EAD02821C068FFF7D2
:10AE4000D7FB51460798FDF72DFE0023721E0668BA
:10AE5000079012F8010FF168C85401339845F8D1F2
:10AE600018F0030F05D028F0030808F104085FFA72
:10AE700088F9A9F1280107A8FDF760FD3369079A51
:10AE80001433D2689B00137365E769693846FCF791
:10AE900011FC00289FD1AA69034642F02002AA6152
:10AEA0008DE704464FF0400EA3E7A069FCF7E0FBF6
:10AEB000074600288CD18EE72DE9F04784698EB0D3
:10AEC000426C0546266AE368C06DF31AC3EB0208BC
:10AED0008845474628BF0F46FDF782F807F114035F
:10AEE000984238BFA0F11407C7EB0803B3FA83F305
:10AEF0005B09002F61D0002B5FD04FF0180995F847
:10AF000050200AB1002B69D1A9696B6B8A68D31AEA
:10AF100062D48869984204D2B1F81CE0191A7145CC
:10AF200053D3A361002F46D0696C00233A46E86CE6
:10AF3000C8EB0101FDF7C4FB804600285ED005F197
:10AF40006C030DF1380A05F160010C2201A84AF8E2
:10AF5000383DFFF7C3FA05F154010C2204A8FFF7AE
:10AF6000BDFA226A636A4FF0FF318DF82490002504
:10AF700008935046A3690792A27FA167D340CDF8FA
:10AF80003480ADF82850ADF826300B958DF8305050
:10AF9000FFF7C4FE2369B91925645A1C03F1005355
:10AFA00021629A420CD9914201D2994200D8216182
:10AFB0000EB0BDE8F087B846C1E74FF010099EE734
:10AFC0009142F2D20EB0BDE8F087B1EB520FA8D299
:10AFD000002818BF0346A4E70023A2E794F88030B6
:10AFE00049F001090136042B0DD0072B0FD0D4F8FE
:10AFF000843043F00403C4F8843085E7B9196FF056
:10B0000002002162D4E7052384F88030EFE70923AA
:10B0100084F88030EBE700BF2DE9F0410C6805466D
:10B020008EB01E46607B00F01000002837D100F083
:10B03000FF030F46904607936068F9F781FE3B686F
:10B04000D8F800104FF0140E5A7B1B7B02F001075A
:10B05000C2F340041B098DF824E07A182244A2EBC5
:10B060008302104408900EAC314601A80C2244F82B
:10B07000385DFFF733FA0C22149904A8FFF72EFA73
:10B0800000232046ADF82630ADF828300B938DF81C
:10B0900030300D93FFF742FE0EB0BDE8F081A0689E
:10B0A000F9F74EFE00220423079008928DF8243011
:10B0B000D9E700BF2DE9F04F846991B09946064663
:10B0C00001920F46426BA368256A9A1A74D4A1694B
:10B0D000914204D2501AB4F81CE0704562D3B9070B
:10B0E000A26157D4A37FDA401FFA82F8FB070CD580
:10B0F00094F880200135042A69D0072A6BD0D4F84F
:10B10000842042F00402C4F8842007F0100202F008
:10B11000FF0B0AB1D4F824B00C2206F16C030DF138
:10B12000400A06F160010DEB02004AF8383DFFF7D6
:10B13000D5F906F154010C2206A80026FFF7CEF936
:10B140004FF0FF31226A5046019BA16709920D938F
:10B15000CDF828B08DF82C70ADF82E808DF8389091
:10B16000ADF830600F96FFF7D9FD236926645A1CAD
:10B1700003F1005325629A4206D8954201D39D42BD
:10B1800004D911B0BDE8F08F9542F8D3256111B014
:10B19000BDE8F08FB2F5405F05F10105A4D94FF489
:10B1A0004058A3E7B0EB530F99D2002918BF0A46C5
:10B1B000B907A26196D5EDE7002301F00201A36172
:10B1C00001F0FF0200298DD0013598468EE7052257
:10B1D00084F8802093E7092284F880208FE700BF5D
:10B1E00030B5846985B0054694F88030052B21D0B0
:10B1F000092B1FD0022B09D0002310211A46FFF77C
:10B2000059FF4FF0FF33A36705B030BD236A0DF13E
:10B21000070202A9013B2362FFF788FA9DF8073075
:10B2200002AA28461221FFF745FF4FF0FF33A3671C
:10B2300005B030BD226A002328461121551E1A464A
:10B240002562FFF737FF4FF0FF33A36705B030BD2E
:10B25000027B32B18269936F591C02D0013B936724
:10B2600003B17047FFF7BCBF38B5FCF7F1FF0A4BDD
:10B270001D686DB12846FFF7EBFF6C6A2CB12046C4
:10B28000FFF7E6FF2468002CF9D12D68002DF1D1DD
:10B29000BDE83840FCF7E4BF306400202DE9F843F6
:10B2A00005461446894603F002078669DDF82080CA
:10B2B000FCF7CEFF2846B7FA87F3494650F8342FFB
:10B2C0005B09A24228BF2246FEF7A0FF044607BB47
:10B2D000336CB28B0344B3EB420F336422D32B7B2A
:10B2E000032B13D054B3B8F1000F0AD040460C2200
:10B2F00005F15401FFF7F2F81CB9D6F884301B07AA
:10B3000028D4FCF7ADFF2046BDE8F8832846FFF7B8
:10B3100067FF002CE7D12B7B032B0FD1B8F1000F77
:10B32000EBD0E3E7B268B3EB520FD8D2B269002A90
:10B33000EFD1002BD3D1002CEDD0D4E76FF0130464
:10B34000FCF78EFF28462146FEF784F94FF0FF30C8
:10B35000BDE8F8836FF01904F2E700BF2DE9F84368
:10B36000856907468946EC682A6AD5F88400AB6A85
:10B37000C4EB020820F04001B3EB0804C5F88410C8
:10B3800068D42B6BA98FC8EB03037A6CB3FBF1F382
:10B39000C8EB020803FB01F34445A8BF44469C42A6
:10B3A000A8BF1C46002C49DD0026A1423ADDEB6A0D
:10B3B000B4EB530F2EDCD5F88430DA062AD4E968D2
:10B3C0002A6A914202D097F8802072B1A219904562
:10B3D00063D0696FAA6C481C01D0914201D92A65DB
:10B3E0006A6743F04003C5F8843086B395F860304F
:10B3F000002B37D12B6A002101226B61E96785F8A8
:10B4000060204FF0FF322B6F93426A6740D00120DB
:10B41000BDE8F883264438462146FFF74DFD002E4F
:10B42000E4D114E03846FFF747FDA98F641A0E44B3
:10B43000002CDADDB9F1000FB7D0D6E797F850301D
:10B440002BB1B8F1000F02D110F0040318D0002086
:10B45000BDE8F88322449846022300242A6285F836
:10B4600060308EE7022BCCD16A692B6A511C02F145
:10B470000052914217D99942BDD99A42C1D3BAE735
:10B480001A4638461121FFF715FE2B6F0133BED146
:10B49000AB6C01202B67BDE8F88321463846FFF7E7
:10B4A0000BFD4646A1E79942E7D9AAE738B5037BE9
:10B4B000032B25D10D460446FCF7CAFEAA0702D588
:10B4C00094F8503043B1EB0702D594F8403063B1A3
:10B4D000FCF7C6FE002038BD0121204684F850103C
:10B4E000FFF73CFFEB07F3D5EFE704F13400FEF77D
:10B4F00027FD012384F84030FCF7B2FE002038BD60
:10B500006FF01301FEF7A6F84FF0FF3038BD00BF13
:10B51000CB682DE9F04F0546846985B098681746D9
:10B520008846F9F70DFC95F88D20D8F80C30814647
:10B53000012A93F80DA00CBF6A6F4FF0FF32A2668C
:10B540003A68500701D50122A267E1684FF0FF3247
:10B550008945626600F0DE800023C1EB09016E6C54
:10B5600063648E42236BA84A28BF0E46934215D8C7
:10B57000A26B934200F2EB8099198A4280F0E1813C
:10B58000616B2263194413468A1A324462639A42F9
:10B5900004D3A18FD21A0B4462632363314605F1B1
:10B5A0004C00FDF7CBF9236A696C5A1C03F1005378
:10B5B000891B9A426964C4F80C9045D9914501D21F
:10B5C000994501D8C4F82090636913F1005259D20B
:10B5D000994506D3914504D894F86030012B00F0CA
:10B5E0009981D8F80C30D8F8142003F10C00D4F865
:10B5F0008410090749D503784FF001091B09B2EB04
:10B60000830F3B6802D943F002033B601B0702D45F
:10B610001AF0080F02D02846FFF7E2FDD4F8841094
:10B620002846C1F3C011FFF799FE3B6810B143F003
:10B6300001033B60A26A52B96A6C42B1626F013287
:10B6400000F09580226D08E09145B9D2BCE7D4F8AE
:10B650008420560602D44FF0FF326267226AE16806
:10B6600091420CBF4FF0FF32A26C13F0090F22671A
:10B6700004D1980702D52846FFF7B2FD484605B029
:10B68000BDE8F08F9945A5D3A6E7CDF808800178ED
:10B6900093F80D8009094FEA810991455BD0AE69A5
:10B6A0005868F9F74DFB736A9842706862D0029B44
:10B6B000B1685A6902448A427FD83A68316842F0D8
:10B6C00002023A60002900F06A814FF000090391FC
:10B6D000DB685868F9F734FB029B00F10108DB686E
:10B6E0005868F9F72DFB039B00F1005BDB68586895
:10B6F000F9F726FBD8456CD8804501D883456AD236
:10B70000DDF80C90D9F80430002B00F0FF80039393
:10B71000029BDDE7266AB14524D06A6C12B3197B1F
:10B7200003F10C00D8F814200909B2EB810F7FF463
:10B730005EAF1AF0030F7FF45AAF616C01F1010E96
:10B74000BEF1030F00F04381C4F844E04FE7626BA1
:10B75000324462631BE718F0210FA0D13B684FF021
:10B76000010953E703F10C00D8F814203FE7A26C5D
:10B77000226572E700289AD118F0010F40F0148179
:10B78000494602A8FDF7DAF8029B002B00F0098178
:10B79000726A19465B694FF00009E86B13447362E3
:10B7A000FDF780F9029B6A6B59693B680A44E863BC
:10B7B00043F004036A633B6028E7DB685868F9F7E5
:10B7C000BFFA736A9842029B3FF477AF4FF00109CA
:10B7D00010E0804592D8B9F1000F00F09480029BF0
:10B7E000C9F80430039A5A6071684FF000095A6929
:10B7F0000A447260DB685868F9F7A2FAD6F824B0F8
:10B8000058453ED03B6801E7FFFFFE0F834565D8F2
:10B810004868F9F795FA32680190D2685068F9F7EC
:10B820008FFA32687168D2F814E0D368CEEB010C5D
:10B83000516893F80C8003924FEA181886E80210BA
:10B840000021AEEB880851608044597BC9077CD445
:10B85000D268042303A8117B090913FB01B1019BE2
:10B86000C91AFDF76BF8039A42B16B6B1146526926
:10B87000E86B13446B63FDF715F9E863C346C6F83C
:10B8800024803268002ABDD0D2685068F9F758FA8F
:10B8900032688046D2685068F9F752FA00F10050D9
:10B8A00080452DD8D845ADD85845ABD332680BF17B
:10B8B0000058D2685068F9F743FAD6F800E0C3455B
:10B8C000DEF80C10DEF8142091F80CC04FEA1C1CB6
:10B8D000A2EB8C02104499D8834501D8804597D2B9
:10B8E000DEF80430704672685969CDF80CE0521ADF
:10B8F00033607260FCF78EFF3268002AC4D181E7A2
:10B90000D845D1D8D2E7029B33606BE7029BC9F8D8
:10B91000043069E7A26D4AB3E06FA0EBD2000244A5
:10B92000002A39DDD108A26580EAE072E36DA2EB5E
:10B93000E072A2EB93021A44002A1DDC0122E265A8
:10B940001BE00B46626B216321E6986808F1010851
:10B95000F9F7F6F9A969024605F10C00FFF75EF860
:10B960003968039A41F00801396071E7E26F0132EA
:10B97000D3005200D908A365E265D8F80C300A4418
:10B9800000264FF0FF31A26403F10C00D8F8142018
:10B9900084F86060E1672AE60021A365C4E73360AC
:10B9A00022E799463B6831E6029BDB689868F9F725
:10B9B000C7F9A969024605F10C00FFF72FF8726A72
:10B9C0003B68013243F0080372623B60D8E6236BA8
:10B9D0000231A26A61649342A18F8CBF53085B0855
:10B9E0004A00A3639A4201D91346A26323632846FF
:10B9F000C4F82090FFF760FA3B684FF0FF3E022149
:10BA000043F00102D8F80C30266203F10C003A60D2
:10BA1000C4F87CE084F86010D8F81420E7E500BF93
:10BA20002DE9F0471446564A0646944200F29980A2
:10BA3000027B032A62D114B92046BDE8F0879946FB
:10BA400088468769FCF704FCB56CD6F844A0FDF77E
:10BA5000A1F840F6C90398425FD9CAEB05028242B9
:10BA600056D8944233D819F0040F35D096F88C305C
:10BA700093BB012386F88C30D7F88430944240463B
:10BA800028BF144643F0800301222146C7F88430C2
:10BA9000FCF75CFD0546002866D04FF0010806F172
:10BAA000440929464846FEF765FB002852D1BB6A87
:10BAB000E3BB7B6F013349D0B8F1000F02D0002304
:10BAC00086F88C30FCF7CCFB2046BDE8F08722B32B
:10BAD00019F0040F4AD11446D7F8843094424046F6
:10BAE00028BF144643F0800301222146C7F8843062
:10BAF000FCF72CFD054630BB0446E3E76FF013016D
:10BB00004FF0FF343046FDF7A5FD2046BDE8F08735
:10BB10008442024628BF0446A5E7FCF7A1FB0024A7
:10BB20008AE701213046FFF719FC28B1337B032B4C
:10BB3000F7D04846FEF704FAD7F8843023F08003A4
:10BB4000C7F88430B8E74FF00008A8E7BB6C3B6546
:10BB50007B67B1E728460024FCF73EFDFCF780FB3D
:10BB60006AE76FF00501CBE70446A8E796F88C304A
:10BB7000002BB0D10123144686F88C307CE700BF3F
:10BB80000000FF0FF0B5054685B008460C46FEF7ED
:10BB9000D1FB00284DD001462046FEF7A9FB002826
:10BBA0003AD12046FEF794FB002835D12846224F93
:10BBB000AE69FEF7E7FD02A90DF107022846FEF780
:10BBC000B5FD3A6805F15403511C3262316194E8C5
:10BBD000070083E80700FCF73BFB02AA9DF807304B
:10BBE00002212846FFF766FA0446F8B9012202232B
:10BBF00086F880202B73FEF77FFD3B68B16C1E2218
:10BC000003F57A43316753FA80F0F2663860FCF747
:10BC100027FB204605B0F0BD6FF00E0428462146F4
:10BC2000FDF718FD4FF0FF3005B0F0BDFCF718FB35
:10BC3000F4E76FF00F04F1E72CA600202DE9F04F98
:10BC40008BB0DC6807460E460AAD1498904645F85E
:10BC50001C3D247BFCF7DEFD28462409A400214678
:10BC6000FCF7FAFD013008D0039883699B060BD5D9
:10BC700039463046FEF73CFBD0B103990846FCF745
:10BC8000C9FD0BB0BDE8F08F828A4FF4C061FAF7AE
:10BC9000CDFFB8F8003008F1080206F10801012BC9
:10BCA00014BF10230423FAF7D9FF0028E5D1DFE7FA
:10BCB0003046FEF70DFB03990028DFD14B699C420B
:10BCC000DCD8CB68404639461A8872805B88A8F871
:10BCD0000230FEF70DFB18B94046FEF7F9FA50B1F5
:10BCE000039943460096002001F114020C31FFF73E
:10BCF00093F90399C2E741463046FEF71FFE054619
:10BD0000002800F00181037B042B00F0F380039BEB
:10BD10000022AC69D9685A60486807920693F9F71F
:10BD20000FF8069B0746DB68986893F80CB0F9F7A4
:10BD300007F88146069894F88020C368012A5B7B47
:10BD400003F03F0A62D0032A60D0022A72D0616AEF
:10BD500007F1010E07F100524FEA1B1B96454FEA0F
:10BD60008B0B00F2B9808E4528D88A4226D34269CF
:10BD700001F1005E481CCBEB020270453A4400F230
:10BD8000BF80904227D8964525D3CF1B06A8594699
:10BD900002933A46FCF7D6FD029B9A0600F1C28058
:10BDA000069B676ADA6838460292F8F7C9FF079B74
:10BDB000029A43F002035060616A0793A369194431
:10BDC000481C01F10052904209D8B84200F2888024
:10BDD000BA42C0F085802846FFF702FA4DE7B84224
:10BDE000F9D9BA42F7D2069B5B69CBEB03033B441C
:10BDF000984201D99A427AD3C91A06A8FCF79EFD47
:10BE0000079B94F8802043F0020307930AF0140381
:10BE1000142B36D01AF0040F1AD0012A3FF42DAF9C
:10BE2000032A3FF42AAFEE23284685F88530FEF733
:10BE30006BFE22E794F88110012988D113F0020FDC
:10BE4000616A85D001F1FF3E774581D15B07EAD475
:10BE50000AF0020303F0FF0BABB3022A72D0032AED
:10BE600016D0012A14D0069905F16C0043460096BD
:10BE700001F114020C31FFF7CFF82846FEF744FE1B
:10BE8000FBE6012AC6D1236A99457FF4F6AECAE7DC
:10BE90000AF0100303F0FF0A002B00F08280002A52
:10BEA00000F0A580022A40F29180032A40F09F8092
:10BEB00006994346009605F16C0001F114020C311D
:10BEC000FFF7AAF8D9E6012A01D0032AE0D11AF037
:10BED000100F3FF4D2AEEBE78E453FF646AF46E794
:10BEE000069B5B69CBEB03033B44984282D994F8F1
:10BEF00080208BE70C2231465430FEF7EFFA06E73C
:10BF000090423FF640AF40E70399CB685B7B5C070C
:10BF10003FF5B4AE01F11402009643460C31FFF731
:10BF20007BF8AAE6069A0293D268508AF8F704FFD3
:10BF30008742029B4ED9069A03F01F0AD36883F802
:10BF40000DA02DE794F88130012B8CD1636A013B61
:10BF50009F4288D10AF0100303F0FF0A002B3FF440
:10BF60003AAF236A9945A3D1069BDB68D889F8F7D5
:10BF7000E3FEA062A36AE26A9A4238BFE36294F8E1
:10BF80008030013B092B00F2C181DFE813F06A0128
:10BF9000BC00AD009E007B009E009E006E0066000F
:10BFA0004700022A3FF417AF032A02D0012A7FF488
:10BFB00064AEBBF1000FD7D1069BDB68D889F8F7D8
:10BFC000BBFE94F83E309840A062D3E7236A9945BF
:10BFD000EFD06DE7069BDB68588A0293F8F7ACFE5A
:10BFE000C01B80B2F8F7A8FE029B5882D8E6E26830
:10BFF00023699A420FD8914501D39945D9D95A1C42
:10C0000003F100539A4225D89145FFF436AE994585
:10C010003FF633AEDFE69145EFD3CAE706994346D4
:10C02000009605F16C0001F114020C31FEF7F4FFEB
:10C0300095F84030002B3FF420AE6B6B002B3FF4A3
:10C040001CAE012605F13400FDF77AFF012E7FF4C6
:10C0500018AE12E69145DAD3BDE6236A99457FF41E
:10C060000CAE2846FEF750FD07E6236A9945DFD15E
:10C070004FF0FF330A21302284F88010E2662367F4
:10C08000A366D5E707AA06992846FFF741FA226A70
:10C09000E36806469A421FD095F84030002BD5D071
:10C0A0006B6B002BD2D0CDE72C6B2946226A04F1B2
:10C0B0001C00A36A013A01332262A362FDF7E6FA8B
:10C0C000294604F12400FDF7D1FA07AA069928466B
:10C0D000FFF71EFA0646DFE794F88030052BDBD128
:10C0E000062384F88030D7E7296AAB6AEA6A0B44F2
:10C0F000934222D30C2105F15400FEF779FA002374
:10C10000A362E36294E7032194F881204FF0FF33A8
:10C1100004208A4284F880002973C4F80C90E366F6
:10C120002367C1D0BBF1000FCFD095F88D30012B24
:10C130007FF47EAF6B6FA3667AE72846FDF7A6FB18
:10C1400082460C2105F15400FEF752FABAF1000FB5
:10C1500000F082800C2241460AF16000FEF7BEF931
:10C160008820FCF701FD8146002850D0CAF818004D
:10C170005046FEF707FB2B6AA26A0020E16A0133F2
:10C18000C9F828200137C9F82C105146A062E06296
:10C1900005F11C00614C2B62CAF83050FDF766FABD
:10C1A00022680223C9F82470511CC9F820200322F8
:10C1B000DAF81800C9F810108AF80C30069989F8D6
:10C1C000803089F88120FEF757FCDAF81830D3F870
:10C1D000842012F0200207D199689A77B1F5405F68
:10C1E00002D94FF440529A60998FB9F83C201963F4
:10C1F000AAB9069905F16C004346009601F11402B4
:10C200000C31FEF709FF5046FEF77EFC10E7504662
:10C21000FCF79AFCC4F82890C4F82C9008E70DF1BC
:10C220001702504608A9FEF781FA08AA9DF81730B0
:10C2300012215046FEF73EFFFEF75EFA23681E21EC
:10C24000D9F8482003F57A43C9F86C1053FA80F006
:10C25000C9F870202060EBE6C4F828A0C4F82CA030
:10C26000E6E601376762BAF1000F2BD0C4F80C90F4
:10C270000699A869FEF700FCAB69D3F8842012F098
:10C28000200207D199689A77B1F5405F02D94FF43F
:10C2900040529A60998FA28F1963002A3FF4E3AD50
:10C2A0004FF0FF3328462367E366FEF799FF95F8C2
:10C2B0008D3004210322012B84F880102A737FF42F
:10C2C000B7AE37E7A36C06992367A869FEF7D4FBDE
:10C2D000AB69D3F88420970608D49A6883F81EA027
:10C2E000B2F5405F02D94FF440529A60998FA28F05
:10C2F0001963002A3FF4B7AD02220123284684F8CF
:10C30000802084F88130FEF76BFF91E695F840308D
:10C310000126002B7FF4C4AEAFE400BF2CA60020A2
:10C32000037B8BB3826992F880300A2B2CD0012BCF
:10C330002AD0022B30B58FB027D0D1680423002239
:10C34000079108928DF8243000F16C0304460EAD7D
:10C3500000F160010C2201A845F8383DFEF7BEF857
:10C3600004F154010C2204A8FEF7B8F80023284673
:10C37000ADF82630ADF828300B938DF830300D93A2
:10C38000FEF7CCFC0FB030BD7047516A1423002279
:10C39000089107928DF82430D6E700BF037B042B69
:10C3A00010B504460BD0FFF7BBFF2046BDE8104098
:10C3B000FEF7AABBFFF7B4FFE069FEF7A5FBE06953
:10C3C0000028F7D1606A0028EFD0FFF7A9FF606A64
:10C3D000FEF79AFB606A0028F7D12046BDE81040BE
:10C3E000FEF792BB037B042B70B504460D460ED0BE
:10C3F0008669FEF7C7F9002303210422E562E3659D
:10C400000020A4F8563086F88010227370BDFBF728
:10C410001FFF03E03BB1E069FFF7C0FF236AA26A98
:10C4200099188D42F6D3954205D2606AFFF7B6FFA0
:10C43000A36A9D42F9D3E562FBF712FF002070BDAD
:10C44000F8B5FBF705FF154B1C68B4B10027A569CB
:10C450002668D5F88430DB0713D4237B042B14D053
:10C46000286828B14468FCF7D5F92046002CF9D19A
:10C470006F602F603446002EE9D1BDE8F840FBF72D
:10C48000EFBE2046FEF740FBF4E7E0690028F1D05C
:10C49000FFF784FFE0690028FAD1EBE73064002061
:10C4A00038B5037B8569002B40D090F88E30044668
:10C4B000012B28D0FBF7CCFE237B032B29D194F84A
:10C4C0005030002B4AD0FBF7CBFEFBF7C1FED5F86E
:10C4D0008430227B43F00103C5F88430002A39D030
:10C4E00095F880300A2B08D094F88E30012B27D095
:10C4F0003023EB66012384F84030636BABBBFBF762
:10C50000AFFE002038BDD0F88830002BD2D1FBF729
:10C510009FFED5F88430204643F00103C5F88430EF
:10C52000FFF73CFFFBF79CFE002038BDD5F88430B8
:10C5300043F00103C5F88430FEF7E6FA002038BD69
:10C54000D4F88830002BD3D00A4AA2FB03235B091E
:10C55000EB66CFE72046FEF7D7FAD0E70121204669
:10C5600084F85010FEF7FAFEADE704F13400FDF751
:10C57000E7FCC4E7D34D6210037BF3B12DE9F04330
:10C58000856991B004466B6E5E1C02D0013B30D0D1
:10C590006B66EB6E581C12D0013B0FD1D5F884307E
:10C5A0004FF0FF32D907EA6633D595F880300A2B71
:10C5B00029D02046FFF7F2FE18E07047EB662B6F9C
:10C5C0005A1C02D0013B2FD02B67A96E4F1C02D002
:10C5D0004E1E72D0AE66696F481C02D001394FD032
:10C5E0006967EB6F5A1C01D00133EB6711B0BDE8EE
:10C5F000F08390F985304FF0FF3218336A6602D02D
:10C60000EF2380F885302046FEF77EFA11B0BDE8B2
:10C61000F08394F9853013F1180FF4D00933F2D078
:10C62000E92384F88530EEE795F880304FF0FF324B
:10C63000012B2A6700F0A880022B40F0B6802B6AFD
:10C640000DF10702204602A9013B2B62FEF76EF8AE
:10C6500002AA9DF8073012212046FEF72BFDEA685A
:10C66000696DAB6C9142E86C00F0CE80EB646A655A
:10C67000782BA9D05B00782B88BF7823EB64A3E7E5
:10C68000A6694FF0FF32B36A6A67002B6CD120466F
:10C690000121FEF711FC326A336D013A782B3262C8
:10C6A00004D05B00782B88BF78233365726E736784
:10C6B000013296D13023736693E74FF0FF33A769B9
:10C6C00031460120AB66FBF7F5FE8046002882D09C
:10C6D000A169636B8A68D31A00F19C8088699842CB
:10C6E00009D28E8B191AB14205D2B1EB520F02D288
:10C6F000002818BF0346B97F0C2204F16C060DF127
:10C700004009CB400DEB020004F1600149F8386D9F
:10C710009EB2FDF7E3FE0C2204F1540106A8FDF7DA
:10C72000DDFEFB687A6A4FF0100E591E0023484662
:10C73000ADF82E600A92ADF830300D938DF8383098
:10C740000991CDF83C808DF82CE0FEF7E7FA7A6E7F
:10C75000A36F561CBB6659D0E16F01FB03F39A42ED
:10C760007FF639AF7B6636E7D6F88430204643F053
:10C770001003C6F88430FEF7F1FDD6F8843023F0BC
:10C780001003C6F884302CE72B6A0DF1070220460F
:10C7900002A9013B2B62FDF7C9FF02AA9DF80730F1
:10C7A00002212046FEF786FC59E7D5F884306A6EF0
:10C7B00023F004030132C5F884302DD02A6B43F0F6
:10C7C0001003A96AE8688A42C5F88430286288BFE5
:10C7D0004A08A98F98BF520848002963AA6300211C
:10C7E00090424FF0020288BFA8634FF0FF3085F8F7
:10C7F0006020E8672046FEF7B1FDD5F8843023F0CD
:10C800001003C5F884302AE7034631E7E26F02FBE4
:10C8100003F3A7E733466EE730226A66CEE700BF30
:10C8200038B5FBF715FD134B1D68B5B1E86928B1A4
:10C830000468FFF7A1FE2046002CF9D1686A28B1F0
:10C840000468FFF799FE2046002CF9D12C68284691
:10C85000FFF792FE0CB12546E8E7FDF74DFF064ACB
:10C86000136803F57A4353FA80F0BDE8384010604E
:10C87000FBF7F6BC306400202CA6002038B5104C25
:10C88000FBF7E6FC206858B18269D2F8843043F0A7
:10C890000103C2F88430FFF781FD20680028F3D13E
:10C8A000084D094C286800F085F8206800F082F8EF
:10C8B00000232B602360BDE83840FBF7D1BC00BFEC
:10C8C0003064002020AE002024AE0020054B1B6801
:10C8D0002BB11868B0FA80F04009404270474FF021
:10C8E000FF30704730A6002038B5054D286830B1BC
:10C8F0000468FCF729F92C602046002CF8D138BDDB
:10C9000034A60020014B1B681B68184730A6002086
:10C9100070B5FBF79DFC104B1C68C4B10F4D2E4643
:10C9200001E024689CB12B681B6898476368A26883
:10C93000C01A9042F5D333681B689847E36860607B
:10C94000002BEED0206998472468002CEBD1BDE87D
:10C950007040FBF785BC00BF34A6002030A6002045
:10C9600008B5FDF79FFDFFF7D3FFBDE80840FDF7D1
:10C97000A7BD00BFF8B5B0B1A9B105461420174650
:10C980000E46FCF7F1F8044658B1084B084A1968FE
:10C9900012680160126818609047A5606060E660E8
:10C9A00027612046F8BD00242046F8BD34A60020AB
:10C9B00030A6002080B1094B1A68904201D107E0EF
:10C9C0001A4613689842FBD103681360FCF7BCB8A1
:10C9D00002681A60FCF7B8B8704700BF34A60020A0
:10C9E00010B403464024012000214FF4006283F874
:10C9F0006C4083F86E00084683F86D109A649A6361
:10CA00005DF8044B704700BF38B50C460546FBF790
:10CA10001FFCE20708D4A30702D5012385F8503094
:10CA2000FBF71EFC002038BD012305F1340085F81A
:10CA30004030FDF785FAEEE72DE9F04F044687B068
:10CA4000174698460D46109EFBF702FCA36CBB42AE
:10CA5000C0F0AE80002E00F08E80284600223946BD
:10CA6000FBF774FD8146002800F0A580B4F8623021
:10CA7000002B77D018F0040841D1C346706800B984
:10CA8000606EFCF73BFB012182460820FBF712FD9C
:10CA9000002800F09380C5684946B4F86220738886
:10CAA0002A806B80FBF7FEFF8146808AF8F744F905
:10CAB00032880023A880012AAB71EB7106D1BAF14C
:10CAC000000F6ED0DAF820309B0757D4B9F8142045
:10CAD0004FF488514846FAF7A9F825F8060F33882D
:10CAE000012B12D0B8F1000F57D194F98530002BEB
:10CAF00055D1FBF7B5FB384607B0BDE8F08F0123F1
:10CB000094F88CB084F88C30B8E7B268002694F8BA
:10CB10006D3002F0F00094F88CE0A16EE0280CBFBC
:10CB200094F86E0094F86C00009311230190504625
:10CB30000595CDF80890CDF810E00396FBF710F9B5
:10CB4000B8F1000F01D084F88CB00028CDD0014698
:10CB50002046FCF77FFDFBF783FB4FF0FF3007B06B
:10CB6000BDE8F08F636904F160011868FCF760FEAE
:10CB7000A4F862007EE704F154066EE7D9F81410B9
:10CB80005046FAF797FD0028A0D1D9F8183005468D
:10CB900043F02003C9F81830A1E70020D3E70020B4
:10CBA000D5E7B068FAF764FD824600288AD18DE7A0
:10CBB0006FF00700CBE76FF00200C8E74846FBF7CD
:10CBC00029FEB8F1000FF6D06FF00200BBE700BFFE
:10CBD0002DE9F0410F4686B00C21054690461C46D3
:10CBE0000DEB01000C9EFDF703FD95F98510C9B909
:10CBF00084F002044246394603ABC4F3400405F115
:10CC000034000094FDF728FB04461EB1314603A80A
:10CC1000FDF78AFB631C03D0204606B0BDE8F08117
:10CC20006FF007012846FCF715FD4FF0FF30F4E7E1
:10CC300038B504460D46FBF70BFB0C22294604F1E0
:10CC40005400FDF74BFC032304F134002373FDF77C
:10CC500077F9FBF705FB002038BD00BF10B504468F
:10CC6000FBF7F6FA03482146FDF77EF9FBF7F8FAE1
:10CC7000002010BD5464002010B5054C216829B176
:10CC80000348FDF771F921680029F9D110BD00BFF3
:10CC9000546400202DE9F04383B00193002B60D051
:10CCA000064600285DD00F4601A808211546FBF76F
:10CCB000D3FD013055D0019BDC68A088F8F73CF823
:10CCC000019B8046596988424BD8C0F09480E38824
:10CCD00023B1019883699B0640F1AC80A27801A83A
:10CCE00094F803E008212378647842EA0E2243EAAC
:10CCF00004236A807B80FBF721FE31462846FDF73E
:10CD0000F7FA00287CD05B4B1C6854B34FF0000846
:10CD100001E02468FCB1B4F862206B889A42F8D133
:10CD20002846FDF7D5FA002846D02B88012BF0D1F4
:10CD3000D4F890100029ECD04A68AB689A42E8D148
:10CD40000B689E42E5D1B8F1000F02D098F8403050
:10CD5000E3B1A046DDE7B8F1000F02D098F840300B
:10CD600043B10A98FBF756FD0198FBF753FD03B05A
:10CD7000BDE8F0833A4608F134000199FDF718FA4E
:10CD80000130EED00A98FBF745FDF0E719464FF069
:10CD9000FF320198FBF794FC81460028D9D008F1B6
:10CDA00034003A464946FDF703FA0130D1D14846EE
:10CDB000A046FBF72FFDACE704F160094846FDF7FC
:10CDC000A1FA28B948462946FDF7A8FA0028A0D0BC
:10CDD00004F154094846FDF795FA0028B3D14846B6
:10CDE0003946FDF79BFA002893D0B4F856207B888B
:10CDF0009A428ED1A7E7411A01A8FBF79FFD66E78B
:10CE00002846FDF765FA00287FF47DAF1948112305
:10CE10003A4629460068FCF78FFCF0B190F84030A4
:10CE2000002B9ED13A4634300199FDF7C1F901300B
:10CE300097D0A7E742464FF48851F9F7F7FE2B88C1
:10CE400005F1080207F10801012B0CBF0423102390
:10CE5000F9F704FF002884D140E70198FBF7DAFCDA
:10CE60002B88012B83D1032230460A9B1146FAF707
:10CE700031FA7CE754640020002A18BF002B41D00F
:10CE800000293FD001382DE9F041082806D8DFE815
:10CE900000F007303333303005053600BDE8F0814F
:10CEA0006FF0070718480468002CF7D0154688462D
:10CEB000DE6802E02468002CF0D0294604F154001A
:10CEC000FDF72CFA0028F5D0B4F8562073889A4262
:10CED000F0D1B4F8622033889A42EBD1414604F194
:10CEE0006000FDF71BFA0028E4D084F88570BDE8E7
:10CEF000F0816FF01707D5E76FF01107D2E76FF0F9
:10CF00000807CFE7704700BF5464002090F8A230B4
:10CF100090F8A3209A4202D90344987E70474FF0BC
:10CF2000FF307047704700BFB0F8303193B190F8D0
:10CF30002F31882B0BD8C21810B45C1C012380F849
:10CF40002F41184682F8A5105DF8044B7047012266
:10CF5000002302711846704738B50546B0F8300115
:10CF600090B195F82F311446C3F1890294420CD840
:10CF700005F1A5002246184401F0A2FE95F82F31D4
:10CF800020461C4485F82F4138BD144601222A71E1
:10CF9000EEE700BF704700BF2DE9F04F83464048E1
:10CFA00083B01525DBF814A09BF818609BF81930A6
:10CFB0000AEB06163B490AEB0313DFF8ECE0367A7E
:10CFC0000C4693F828303601DFF8E0901B018719F2
:10CFD00050F8068000EB030CC658F8687B68DCF854
:10CFE0000C7000931D60C8F88400D8F80430DCF899
:10CFF000042003430192C8F804301560C6F8847019
:10D0000073683B4373600968DEF80030A9FB0332A4
:10D01000920C02EB8202520023685B1A9A42FBD800
:10D02000204A0925DFF884C09146D8F80830184214
:10D0300002D0B3681F4231D1C6F888701468DEF898
:10D040000010ACFB0131890C01EB810113681B1B43
:10D050009942FBD8C6F88470D9F80040DEF8001079
:10D06000ACFB0131890C01EB810113681B1B994258
:10D07000FBD8013DD9D128469BF81830009A0AEB1D
:10D080000313DB6813609BF81930019A0AEB031A4B
:10D09000DAF82C30136003B0BDE8F08F0120EBE725
:10D0A000F0090020041000E0F854002083DE1B4348
:10D0B0000D49026910B50C6805E0DB0107D40B6867
:10D0C0001B1B102B08D8536913F0007FF5D14FF4C8
:10D0D000FE430120536110BD0446FFF75DFF0028A9
:10D0E000F9D02269F3E700BFC4B200202DE9F04770
:10D0F00090F82FA1BAF1000F02D10420BDE8F0870B
:10D1000005460E46FFF7D4FF0028F6D02E4F002428
:10D110004FF40079D7F80080544529691AD8CB6DAF
:10D1200003F00703032B09D914E095F8A520013378
:10D13000012442F48062042B0A660BD02A19002CC9
:10D14000F3D0A24527D9013392F8A5200134042B4E
:10D150000A66F3D14B69180522D45A0527D49804DE
:10D1600004D43A68C8EB0202322A09D90B694FF499
:10D170000072042043F440730B610A66BDE8F08737
:10D18000544505D9CA6D520702D19B0519D4C6B1C1
:10D1900003F0B2FCC0E70EB1C1F860900134D9E7EA
:10D1A0000B69042043F440730B61BDE8F0870B6901
:10D1B0004FF40072022043F440730B610A66BDE82D
:10D1C000F0870020BDE8F087C4B200202DE9F84FB9
:10D1D0000C46154698468146FFF76AFF10B90420B1
:10D1E000BDE8F88F00226300002D40F2014A14468A
:10D1F000DBB23D4E08BF0125022C43EA0A0AD6F8ED
:10D2000000B089F8A22089F8A32048D9D9F81030B5
:10D2100099F8A320872A12D8D96DC1F3024111B918
:10D220000DE0882A0BD002F1010E09EB0200013952
:10D230005FFA8EF289F8A3201F6F8776F1D15A69C1
:10D2400010054CD412F4105F04D13168CBEB01010E
:10D25000322912D91A694FF4007142F440721A61EE
:10D260001966DA6D12F4E02F03D01A6942F40072E5
:10D270001A6199F8A300BDE8F88F99F8A310A942A4
:10D2800009D3022C07D9D96D490704D19205E8D4F6
:10D29000B8F1000FE5D003F02FFC022CB6D8D9F876
:10D2A0001020D36D03F00703032B0DD8691E4FF434
:10D2B000007041F480714CB9C2F860A0013B0134A8
:10D2C000032B01D8022CF6D91346A1E7012C04D078
:10D2D000B8F1000FF2D01066F0E71166EEE71A69B8
:10D2E00042F440721A61BCE7C4B20020036970B511
:10D2F000D3F81451044615F4706201D0C3F8142118
:10D30000AE070BD5D3F87011080442D500220120D6
:10D3100084F8A220224484F8A3009176EA0710D56D
:10D3200094F8306116B394F82E6194F82F21B2422C
:10D330002BD9721C264484F82E2196F8A520C3F818
:10D340006021AB0511D594F8A30018B1D4F83C3195
:10D3500003B19847002384F8A23084F8A33084F8FE
:10D360002E3184F82F3184F8303170BDD4F8382153
:10D370000AB1904723690122002184F8302194F8F2
:10D380002F2184F82E11B242D3D80022C3F8602195
:10D39000D7E794F8A320872AC0D8501CC0B2B9E7B9
:10D3A0000148FFF7A3BF00BFB85600200148FFF7B0
:10D3B0009DBF00BFF85700200148FFF797BF00BF8F
:10D3C00038590020036900221348814210B41A61C1
:10D3D00018D91248814212D9114C124812499C6442
:10D3E0005A629862D9629C6C00204FF001110122B0
:10D3F0001C6518625DF8044B99651A6170470B4C07
:10D400000B48EBE70B4C01200B494FF430329C6486
:10D4100058629962DA62E6E77F1A06003F420F001F
:10D420000A09070460090101007F05001C1A120C9B
:10D43000100E02023B372819B80B050570B5EFF343
:10D44000108172B60C4C23688BB10C4E00255A69C2
:10D4500022607AB1956101B962B65D7718469B6822
:10D460009847EFF3108172B62368002BEFD101B912
:10D4700062B670BD3260EEE7B8A50020B4A500200A
:10D48000FFF7DCBF044A054B1168054A19601368B1
:10D4900001331360704700BF041000E0C0B20020E9
:10D4A000C4B20020B0F84630B0F848209BB292B227
:10D4B000934202D2501EC01A7047406B013810448C
:10D4C000C01A704772B6B0F84A30B0F84C2099B222
:10D4D00093B2994201D2826B11440269CB1AD06A8D
:10D4E000C0F30260184462B6704700BFB0F84A202B
:10D4F000B0F84C3092B29BB29A4270B428D001334B
:10D50000846BA34217D2016B9EB28B4218D2016A80
:10D51000C95CC9B2856DA0F84C60B5B19A4238BFFC
:10D520001219D31AC26B93420FD8C36D0846C5F8BF
:10D53000883070BC70470026016B33468B42E6D3BF
:10D54000591A456A695CC9B2E4E7084670BC70477D
:10D5500072B6B0F84A1089B28A4202D062B60A4660
:10D56000CDE70369DA6A12F0E06F04D0D869C0F33E
:10D57000090062B6DDE74FF0FF30FAE790F844307B
:10D5800043B110B5044603F0B7FA94F84430002BC9
:10D59000F9D110BD704700BFB0F84A20B0F84C3048
:10D5A00092B29BB29A4210D00133816B026B8B42D4
:10D5B00028BF0023934204D39B1A426AD05CC0B2B6
:10D5C0007047026AD05CC0B2704772B6B0F84A10B9
:10D5D00089B28A4201D062B6E6E70369DA6A12F0DC
:10D5E000E06F11D0DB690021026AC3F3090310B4B4
:10D5F0000124A0F84A40A0F84C10D9B2517062B68C
:10D6000018465DF8044B70474FF0FF3362B618467A
:10D61000704700BFEFF31380B8B9EFF310834BB935
:10D62000EFF305823AB94FF48073EFF3118050B1F4
:10D63000984208D270470F2AF7D9054BD35CEFF315
:10D6400011800028F4D1184670474FF0FF30F1E701
:10D65000F0E300E007EE901A9FEDA47A0421B6EE05
:10D66000005AF8EE677A9FEDA26A2DE9F043C7EE03
:10D67000275A0E46012541F6FF741DE0A342A8BFBC
:10D68000234607EE903AF8EEE76A76EEC76AC6EEF2
:10D69000877AF5EEC07AF1EE10FA48BFF1EE677ABC
:10D6A000F4EEC67AF1EE10FA03D8B0EE676A0E46D1
:10D6B0001D460131212911D007EE901AF8EEE77AC4
:10D6C00085EEA77A77EE057AFDEEE77A17EE903AC7
:10D6D000002BD3DCF7EE006A0123D6E70021436973
:10D6E00002F40074D0F83890B3F85C70B3F85E8040
:10D6F0008C42A0F84A10C7EB0907A0F84C1008BFED
:10D700008C46A0F8461018BF4FF0010CA0F8481046
:10D7100080F84410D3F810E05969DEF80040C76380
:10D7200044EA0104C8EB09010164CEF8004080F826
:10D730001AC040F0CE80047E6E4903EB04146E4F95
:10D74000247E01EB0414A4682760047E03EB041418
:10D75000277ED4F81CE001EB07146468C4F800E0ED
:10D76000047E03EB0414276A0FB1646A3C60447EB4
:10D77000D92703EB041494F8384001EB0414A4688F
:10D780002760447E03EB041494F83870E46B01EBDB
:10D79000071149680C60417E03EB01110C6C0CB160
:10D7A000496C2160711E5C785F68082E4FEA016148
:10D7B0004FF00006D8BF4FF4003E04F1100401F012
:10D7C000F853C8BFB64601691D434C4B4EEA0505E8
:10D7D0000D61CE6043F824704369012448495D78A7
:10D7E00093F85A30474E6B54456901696B7803F0E2
:10D7F0001F075B11BC4046F823408B6A9B0803F06F
:10D800001C030F2B60D85B1003F00303DCB28B6AA0
:10D810009B0003F01C030F2B53D8DB0303F44033AE
:10D82000234302F00304CB628B6A43F088038B62CC
:10D8300053074BD444F4701302F00F04042C847E7D
:10D8400008BF43F08043970648BF43F080530CB1B4
:10D8500043F0A00316078B6103D50B6943F0005317
:10D860000B614B69D40623F0805348BF43F08053CB
:10D870004B61D30503D50B6943F400530B61EB688F
:10D880001B78E3B9204E357865B3204C236883427A
:10D8900026D0691E2346C9B204EB810103E053F888
:10D8A000042F90421AD08B42F9D16B1CDBB2184A7C
:10D8B0003370137844F8250043F002031370BDE879
:10D8C000F0834FF44033ABE70324A0E7114B23432D
:10D8D000B2E7447E4FF2D90706494AE7BDE8F08334
:10D8E000BDE8F0830123094CE1E700BF001BB74B03
:10D8F000EC78AD60F009002038F0010000680020ED
:10D9000000E400E000E100E0FEB20020C0A500203D
:10D910004C65002010003C0010B4416299B1036BCB
:10D920001A44826344690021B4F85C30B4F85E4064
:10D93000D31AA0F84A10121BA0F84C10C36302645B
:10D940005DF8044B7047026B8263EBE78162C36A48
:10D9500039B11A4400234263A0F84630A0F8483099
:10D96000704743630023A0F84630A0F84830704762
:10D97000F8B5036D04460E4613B1426DC3F884201A
:10D98000A37E33B172B62269936943F00053936169
:10D9900062B6B4F84650636BADB201359D4249D2D0
:10D9A000AFB2B4F848309BB2AB4220D1FFF732FEA1
:10D9B0006369B3F85A3098422DDC21694B691B0228
:10D9C000EFD5B4F84830626B9BB20133934227D253
:10D9D000E26A98B2934228D2E269D35CDBB2CB61AF
:10D9E000A4F84800B4F848309BB2AB42DED0E36AFA
:10D9F0009D4222D3ED1AF6B2A36A5E5572B601209B
:10DA0000226984F84400A4F84670936943F4000343
:10DA1000936162B6F8BDFF28C3DD03F06DF8C0E77F
:10DA20000020E26A03469342D6D39B1AA26AD35CD3
:10DA3000DBB2D4E700273D46B3E7F6B2E3695E55B3
:10DA4000DCE700BFFFF794BF0269536913F4401F7E
:10DA5000F0B542D0D36AC3F30265002D3AD0B0F8D6
:10DA60004A70B0F84CE0BFB21FFA8EFE06E0026AC0
:10DA7000D65402696B1E13F0FF051AD0D1697B1CC6
:10DA8000866BB0F84C40C1F30901B34228BF0023B4
:10DA9000A4B2A342EED0026BCEB21F469342A3EBD8
:10DAA0000204E4D3436A1E556B1E026913F0FF059E
:10DAB000E4D1BBB2816DA0F84A3059B1774573D239
:10DAC000836BCEEB03031F44036C9F4202D3C36DF1
:10DAD000C1F884305369DC0255D4D2F818E01EF442
:10DAE000000F02D0536919021CD41EF4800F48D0D5
:10DAF00053695B0246D50021036D80F8441013B1D1
:10DB0000416DC3F88810837E3BB172B60269936998
:10DB100023F00053936162B60269936923F4800392
:10DB20009361F0BDB0F84650B0F84830ADB29BB24A
:10DB30009D422DD0466BC46A0AE0C169C95CC9B276
:10DB4000D161D16AC1F30221032912D8AB421FD09F
:10DB500001339E4298BF0023A342A3EB0401ECD300
:10DB6000876A795CC9B2D161D16AC1F30221032904
:10DB7000ECD999B2AB42A0F848100CD01EF4800F3B
:10DB8000B6D1F0BDF0BD536943F480135361A4E7EF
:10DB9000ADB2A0F84850936923F4000393619369F0
:10DBA00043F480039361A0E7CEEB07078CE700BF47
:10DBB0000148FFF749BF00BF2C5500200148FFF77F
:10DBC00043BF00BF8C5500200148FFF73DBF00BF99
:10DBD000EC5500200148FFF737BF00BF4C5600202E
:10DBE00070B504460D46C61D002308460A2214F8E7
:10DBF000041F00F037F92B682E2128461B68984730
:10DC000014F8011F00230A22284600F02BF9B44221
:10DC1000F1D1042070BD00BF10B5144C236813B1BE
:10DC2000134AD168E9B9636813B1124AD168A1B93E
:10DC3000A36813B1104AD16859B9E3683BB10F4AE0
:10DC4000D16829B10121BDE81040D160184710BD4D
:10DC500010BD0121D1609847EFE70121D1609847BD
:10DC6000E6E70121D1609847DDE700BFE0900020A2
:10DC70000041084010410840204108403041084020
:10DC80000368F0B55BB3002501249D60DC60214D85
:10DC900003241A601D449C601F4C03792D111F4FF3
:10DCA000635523786078FF2BA278E47828BFFF23A0
:10DCB0001B4E47F82510834228BF0346194893425C
:10DCC000C0F8286228BF1346A34228BF2346164C3B
:10DCD0004FF08061154A012023701160F0BD144F90
:10DCE0004FF0010C134EFC6EDFF850E0334644F465
:10DCF0004054114DFC66CEF800C006609C68002CB4
:10DD0000C5D01033AB420360F8D10023036018463E
:10DD1000F0BD00BF00BFF7BF185C0020E0900020FE
:10DD200015E40000006800207AE400E00CE100E067
:10DD300000C00F40004108404041084000400840FA
:10DD400002680AB3114B12491344F0B51B11FF25A9
:10DD50000024DFF844E0CD540E784D78FF2E946017
:10DD60004EF8234028BFFF268A78C978AE42334652
:10DD7000084F28BF2B46934228BF13468B4228BF2B
:10DD80000B463B700460F0BD704700BF00BFF7BF9B
:10DD9000185C00207AE400E0E0900020F8B50E4620
:10DDA00071B17AB10746144600253B68384616F82B
:10DDB000011B1B689847013C0544F6D12846F8BD75
:10DDC0000846F8BD1046F8BD2DE9F0438C688BB0CD
:10DDD000ECB10025064689462F462B46212201A993
:10DDE000484600F095FA202C2346306828BF2023AF
:10DDF00001A9D0F804803046E41A1A461D44C047F1
:10DE00000744002CE9D138460BB0BDE8F083274623
:10DE1000F9E700BF10B5064C82B0036802222488DF
:10DE200001A95B68ADF80440984702B010BD00BF7F
:10DE300054050020036810B514465B6898472046D7
:10DE400010BD00BF0EB400B582B003AB53F8041B85
:10DE50001A46019307F0C6FB02B05DF804EB03B06D
:10DE6000704700BFF0B506468BB0002A33D0012AB8
:10DE700008BF0A2251B3212500E0FDB26F1EB1FB9D
:10DE8000F2F402FB1411C8B2092900F1370100F1C4
:10DE9000300088BFC8B221460AAC98BFC0B22C443B
:10DEA00004F8240C0029E8D133B1013D0AAB2D223E
:10DEB000EDB22B4403F8242C336801A9C5F12202EA
:10DEC000304629445B6898470BB0F0BD30222125CD
:10DED0008DF82520E8E70368C9B21B6898470BB0A6
:10DEE000F0BD00BF002903DB00230A22FFF7BABF01
:10DEF00049422D230A22FFF7B5BF00BF38B5224C97
:10DF0000224A23685BB12249013B12680968C2F8C2
:10DF10008C105A1D08BF6FF00203236038BD1C4BE4
:10DF20001C4D196812682B68C2F8881093B11A4A00
:10DF3000D2ED007AF5EEC07AF1EE10FA06D99FED37
:10DF4000177AF4EEC77AF1EE10FA0ADD00222360A8
:10DF50002A6038BD1248FFF7F3FE124BFF221A70F9
:10DF600038BDF3EE086ABEEE007AA7EEA67AFCEEA4
:10DF7000C77A17EE902A102AE8D90B490848FFF70C
:10DF80007FFE2B68E2E700BF7CA5002080A5002073
:10DF900084A5002078A5002088A50020ABAA2A4DE2
:10DFA000785A002043650020F9E60000362853D84F
:10DFB000F8B5002A49D002FB01F23D4BA3FB022336
:10DFC0009B095B000133002943D007EE901ADFED77
:10DFD000396AF8EE677A86EEA77A374902018C181B
:10DFE000676872B6DFF8F0E09EF80050854234D0E2
:10DFF000362DDFF8E8C0314D04D82E68DCF800403B
:10E00000C6F888408E18B5EEC07A8A5805248EF876
:10E010000000F068F1EE10FA294EC2F8880051684D
:10E02000CCF8000041EA000126482A6051603360C4
:10E030003C6080ED007A06D9DFED237AB4EEE77A12
:10E04000F1EE10FA19DD62B6F8BD6FF00203002997
:10E05000BBD19FED187AC0E770471A4AD2ED007A1B
:10E06000F4EE477AF1EE10FA18D115490A6802F079
:10E070000102013A13440B60E5E7F3EE086AFEEE95
:10E08000007AE7EE267AFCEEE77A17EE902A102A5D
:10E09000D9D90E490E48FFF7F3FDD4E708480D4CD7
:10E0A000016882ED007A01F0010123600160CAE796
:10E0B000D34D62100024F448F009002080A5002010
:10E0C0007CA5002088A50020ABAA2A4DF9E6000017
:10E0D000785A002078A500204365002084A5002000
:10E0E000362807D810B572B6094C2378834202D07F
:10E0F00062B610BD70470748FFF722FE064B074A7D
:10E10000FF211B6812682170C3F88820F0E700BF68
:10E1100043650020785A002080A5002084A50020B7
:10E12000024A0349034804F0C5B800BFE854002080
:10E13000A9490000785A002010B50446006804F090
:10E1400029FB204610BD00BF38B543688B4201D380
:10E15000012038BD0D4604460131006804F052FF2D
:10E160000028F6D0A36884E82100002BF0D10370CA
:10E17000EEE700BFF8B50446154632B9036803B1AF
:10E180001A700023A3602046F8BD0E461146FFF723
:10E19000DBFF074648B9206810B104F0FBFA27609E
:10E1A000002320466360A360F8BDA5603146206867
:10E1B00005F086FBE7E700BF38B50023044603609F
:10E1C00043608360037341B10D46084605F0DAFBF6
:10E1D000024629462046FFF7CDFF204638BD00BF46
:10E1E0000023884210B504460360436083600373D4
:10E1F00003D08A680968FFF7BDFF204610BD00BF45
:10E2000038B50C460546084605F0BCFB21460246DB
:10E210002846BDE83840FFF7ADBF00BF10B500236A
:10E22000044682B00A2223600846636001A9A36005
:10E23000237307F0AFF901A92046FFF7E1FF20465D
:10E2400002B010BD10B5002304468AB0881C2360BC
:10E250006A466360A360237300F0F6FD30B10146A7
:10E260002046FFF7CDFF20460AB010BDA060204633
:10E270000AB010BD2DE9F8430F4603680446154661
:10E28000BB4281680AD85A18974207D2C3EB0709E4
:10E290004FF0010835B92046BDE8F8834FF000087B
:10E2A000002DF8D04E1920463146FFF74DFF0028CB
:10E2B000F1D0B8F1000F0ED023682A46A06803EB16
:10E2C0000901184400F0FCFC236800229A55A6605E
:10E2D0002046BDE8F88320683946A368184405F055
:10E2E000EFFAF4E710B504468A680968FFF7C2FF41
:10E2F000204610BD38B5054641B10C46084605F02C
:10E3000041FB024621462846FFF7B4FF284638BDA8
:10E31000BAB170B5B1FA81F464097CB986689E42DD
:10E320000DD9F61A013A0D4601689642284619445D
:10E3300028BF1646324605F093FBAC5570BD0C70F5
:10E3400070BD70472A2817D8F8B51D4F05463B7891
:10E35000A3B91C4B5B5DFF2B21D01C0621D41A4CAA
:10E360002360236AD80704D402F0C6FB236AD907C6
:10E37000FAD5154B586AF8BD00207047124C134E61
:10E3800001E002F0B9FBA36C1B06FAD4B36C13F0E6
:10E390008003F6D13B700B4B5B5DFF2BDDD1002082
:10E3A000F8BD03F07F03094C2360236ADA0704D425
:10E3B00002F0A2FB236ADB07FAD5044B586AF8BDCA
:10E3C00005B300205C0E002000400C4000800C4093
:10E3D000964A974B90422DE9F043964CD3F814E0BF
:10E3E0009969E6681CD9944B984240F21581934B89
:10E3F00040F22765924F0344924C1A0AA7FB02325F
:10E40000D30903EB830303EB830202F2E243AB4243
:10E4100028BF2B46A3F54873A4FB0335ED0804E0A1
:10E42000894DA84294BF06250E25814A06F01F0794
:10E43000D2F88030AF4243F0C003C2F880300AD235
:10E440007C4B26F01F061A462E43DE601368002B15
:10E45000FCDA06F01F071EF0007331D17B4C7C4ABA
:10E46000D4F810C014460CEA0202A2420ABF4FF0D0
:10E47000C0534FF4805200228EEA030414F0605F10
:10E4800008D02EF0605E03F06053694C43EA0E0E34
:10E49000C4F814E081EA020313F4405F08D0644B2F
:10E4A00021F4405111431A469961936C1C07FCD426
:10E4B0004EF0007E5E4AC2F814E0936C9906FCD4DC
:10E4C0000121644C0A4601FB02F300FB03F3A34263
:10E4D00009D8072A00F29580013201FB02F300FB04
:10E4E00003F3A342F5D95C485C4C1844A4FB000339
:10E4F0001B0D6C2B00F28B80352B00F28F80DFF828
:10E50000888136235648DFF844C1564CDCF8009029
:10E51000B0FBF2F009EA04044445B0FBF1F00BD083
:10E5200043F400534FF480586446CCF80080CCF894
:10E5300000302368002BFCDADFF8F4C0013ADCF885
:10E54000103003F00703934207D002F0070264463D
:10E55000CCF81020A36CDB03FCD4013989028EEACD
:10E56000010313F4E05F0CD0314B2EF4E05E01F4B4
:10E57000E0511A4641EA0E0EC3F814E0936C990775
:10E58000FCD4394B39490344DB09A1FB0331090BA6
:10E59000042928BF04214B1E1B028EEA030212F439
:10E5A000407F07D02EF4407E03F44073204A43EAB4
:10E5B0000E0353611E4B5C691A4624F000745C61C3
:10E5C000936C9B06FCD42A4B4FF0FF32294CBD4282
:10E5D000A3FB00E320604FEA9343274CB2FBF3F325
:10E5E000B0FBF1F1254A2160136008D2114B26F0EF
:10E5F0001F061A462E43DE601368002BFCDABDE8C6
:10E60000F08304293FF66FAF013101225BE7DFF8A9
:10E610007C806C231A4876E7122506E71948DFF854
:10E62000708000FB03F043EA08086CE700A4781F41
:10E6300000C00F40000008400046C32300BA3CDC85
:10E6400023B24C001F85EB5100366E0100800D4057
:10E6500040300080FFB19F26808D5B00819F5E1659
:10E6600000B29F267F3001807FD1F0089F10E50027
:10E6700083DE1B43F8540020F454002004B0002033
:10E6800000643F4D001BB700362000806C200080E6
:10E6900000200080002857D001222DE9F04F85B0DE
:10E6A00083462A4C2A4D2B4EDDE9028954E8003F6F
:10E6B0002868336844E800210029F7D1264FCDE9C6
:10E6C00002893A68D31A254A4FF47A7E0197126874
:10E6D0000127A3FB02234FF47A72984600238B4252
:10E6E00008BF42452CBFC246F2460EFB00AA54E8C2
:10E6F000003F2A68316844E80073002BF7D1019885
:10E700000068411A15484FF47A7E00680EFB02F249
:10E71000A1FB00014FF47A70CAEB02028846002187
:10E72000994208BF40452CBF434673461A44724580
:10E7300007D3BBF1010B0AF57A7AD8D105B0BDE851
:10E74000F08F02F0D9F9D2E7704700BFACB40020D7
:10E75000C4B20020C0B20020041000E004B00020C9
:10E760002DE9F003124A0126124D134C52E8003FE6
:10E770002968206842E80063002BF7D10F4A166829
:10E780000F4F321A4FF000094FF47A783E684FF479
:10E790007A709945A2FB066708BFB8453C462CBF76
:10E7A0003C46044600FB0140BDE8F003704700BF53
:10E7B000ACB40020C4B20020C0B20020041000E0BD
:10E7C00004B0002000010F4B1A181B5810B4D06879
:10E7D0005C68044205D059B1C3F884005DF8044B6D
:10E7E0007047936849B9084A5DF8044B1A6070474E
:10E7F000C3F888005DF8044B7047044A5DF8044B89
:10E800001A607047F00900203830010038F001002C
:10E810000001054B1A5819189268CB681A4214BFA8
:10E8200001200020704700BFF0090020362801D8E1
:10E83000FFF7C8BF704700BF362801D8FFF7E8BF11
:10E840000020704736281CD800011A4A012902EB23
:10E850000003105810B415D0042913D0DC684268A6
:10E8600022EA040242609A68E9B102291ED0032913
:10E870005B685DF8044B0CBF0F491049116015220D
:10E880001A607047DA680129446842EA040242606B
:10E890009A6808D040F6380111605B6815225DF86F
:10E8A000044B1A60704738211160F6E70449116083
:10E8B000F3E700BFF0090020383001003800010004
:10E8C00038F00100F0B4144B0021144C01201A461A
:10E8D0000F46C3F8F0421D46114E124CC3F8F41215
:10E8E000C2F8B800C2F8A070C2F8A460C2F8B000C4
:10E8F00053690949DB07FBD568612378DB07EFD44F
:10E900000B680A4643F001030B601368DB07FCD475
:10E9100062B6F0BC704700BF00802A4005040124A5
:10E9200001000F0000812A4070B40E4E4FF6FF75B3
:10E930000D4CA4F58053002202E09C4282B204D91F
:10E9400033F8021B501CA942F7D104F5805426F875
:10E95000022FB4F1C14FECD1044B01221A7070BCEC
:10E96000704700BF06B0002000107C600FB300208D
:10E97000F8B541F2BB03984201D9FF20F8BD184B0E
:10E9800005461B7843B3AC081649174B05F0030046
:10E99000A4FB0167154EA1FB0421E21B651A07EBDE
:10E9A000520201EB550552096D09C2EB821240EA91
:10E9B0008505A21A134436F812401B0303EB4404E6
:10E9C000A342DAD2FF2033F8022BD1B28D4208BF26
:10E9D000100A9C42F7D8F8BDFFF7A6FFD3E700BFA7
:10E9E0000FB3002005411004C007060008B0002046
:10E9F000F8B50E46154672B6314A0024314F02234F
:10EA000040F206414FF4702E97610127D36120F048
:10EA10001F03C2F8A040C2F8F0124119C2F8F44234
:10EA2000C2F8F842C2F8FC42C2F8A4E0C2F8B070E2
:10EA3000BFF34F8F244A136020339942FBD8BFF3B2
:10EA40004F8FBFF36F8F1E494B691D4ADC07FBD503
:10EA5000ABB201211D4C20F07F4043F4702342F201
:10EA600001275161C2F8F0421446C2F8F472C2F8AC
:10EA7000BC10C2F8A000C2F8A430C2F8B01001E087
:10EA80005B060AD463690E4A13F00101F8D04123F2
:10EA90005361BDE8F840FFF715BF082D4FF008029D
:10EAA00006D9083D31460A48164400F009F900E04D
:10EAB00015B940236361E5E72A460D46F2E700BF3A
:10EAC00000802A40F05AF05A5CEF00E03204180847
:10EAD00080812A40F0B472B6224A0024224D0221DD
:10EAE000224B40F2064795614FF470260340012502
:10EAF000D161C2F8F07203F58051C2F8F442C2F855
:10EB0000F842C2F8FC42C2F8A040C2F8A460C2F8C1
:10EB1000B050BFF34F8F164A136020339942FBD891
:10EB2000BFF34F8FBFF36F8F0E494B690D4ADC0760
:10EB3000FBD5104B0124104E4FF4702503401146B5
:10EB40005461C2F8F062C2F8A030C2F8A450C2F812
:10EB5000B0404B69034ADB07FBD50123F0BC53618E
:10EB6000FFF7B0BE00802A40F05AF05A00F0FFFFD5
:10EB70005CEF00E000F0FF002004180841F2BB0346
:10EB8000984268D83E4B2DE9F04F1B78C3B08A46B7
:10EB90008146002B6ED04FEA99023A4B09F00300F0
:10EBA000394DA3FB0213DFF8E480D71A03EB5707B4
:10EBB0007F09C7EB8713B946D71A40EA89093D4454
:10EBC00038F817402D0305EB4400854255D22B46FB
:10EBD000FF2633F8022BD1B2894508BF160A9842A6
:10EBE000F7D8B24534D0B4F5006F35D302AE4FF448
:10EBF0008072FF21304604F039F905F580502A462D
:10EC000032F8023BD9B290424FEA13237354F7D83B
:10EC10000024284606F809A00DF1070B2646FFF749
:10EC200059FF1BF8013F05EB460002220DF10601DA
:10EC3000FF2B44EA032304F1010404D00136ADF8AC
:10EC40000630FFF7D5FEB4F5807FEAD128F81760CB
:10EC500043B0BDE8F08F704749EA0A29022202A9B1
:10EC60000134ADF80890FFF7C3FE28F8174043B011
:10EC7000BDE8F08FFFF758FE8DE7FF26B1E700BF34
:10EC80000FB3002005411004C007060008B00020A3
:10EC900062B170B505461446084615F8011B461CBE
:10ECA000FFF76CFF013C3046F7D170BD704700BFE5
:10ECB00008B5F3F77DF9F3F7FBFB01F01DFFFAE769
:10ECC000844641EA000313F003036DD1403A41D377
:10ECD00051F8043B40F8043B51F8043B40F8043B36
:10ECE00051F8043B40F8043B51F8043B40F8043B26
:10ECF00051F8043B40F8043B51F8043B40F8043B16
:10ED000051F8043B40F8043B51F8043B40F8043B05
:10ED100051F8043B40F8043B51F8043B40F8043BF5
:10ED200051F8043B40F8043B51F8043B40F8043BE5
:10ED300051F8043B40F8043B51F8043B40F8043BD5
:10ED400051F8043B40F8043B51F8043B40F8043BC5
:10ED5000403ABDD2303211D351F8043B40F8043B65
:10ED600051F8043B40F8043B51F8043B40F8043BA5
:10ED700051F8043B40F8043B103AEDD20C3205D375
:10ED800051F8043B40F8043B043AF9D2043208D06D
:10ED9000D2071CBF11F8013B00F8013B01D30B88DF
:10EDA00003806046704700BF082A13D38B078DD0BD
:10EDB00010F003038AD0C3F10403D21ADB071CBF8F
:10EDC00011F8013B00F8013B80D331F8023B20F8F9
:10EDD000023B7BE7043AD9D3013A11F8013B00F832
:10EDE000013BF9D20B7803704B7843708B788370BA
:10EDF0006046704703F0C6BCF0B44E1E002537468F
:10EE000000E00135B0FBF2F302FB130000F1370420
:10EE1000092800F13000E4B298BFC4B2184607F8E0
:10EE2000014F002BEDD14A1953704DB1013316F843
:10EE3000014F1778E81A3770834202F80149F5DB71
:10EE40000846F0BC704700BFB4EE400A80EAE073A9
:10EE50002DE9F047F1EE10FA05461446A3EBE073F6
:10EE60002DED028BB0EE408A84B080F12381F0EE6C
:10EE7000C07A9FEDC67AF4EE477AF1EE10FA42DDE1
:10EE8000B5EEC00AF1EE10FA4CBF042203229A42FA
:10EE900021DB0028C0F270810022B5EEC08AF1EEBD
:10EEA00010FA00F14A8149254E204621E31C2570C5
:10EEB0006070A170002A00F067811A44202103F8D5
:10EEC000011B9A42FBD100231046137004B0BDEC25
:10EED000028BBDE8F0870028A3EB0202DDDA002AEE
:10EEE00000F04A81A318202204F8012B9C42FBD198
:10EEF000B5EEC08AF1EE10FA40F1178100222D2103
:10EF00005C1C1970CFE70F4602AA01A93846BA4621
:10EF100003F0A0FBDDF804908046002F00F087800E
:10EF2000C9F10003BB4200F3BC80404604F02AFD57
:10EF30000646B145B8BF0136B9F1000F00F0AF8009
:10EF4000B9F1000F22DA0FB309EB0703BE1C8342AD
:10EF50001CD2002F06DDF2EE047ABAF1010A28EE87
:10EF6000278AFAD102AA5046B0EE480A03A903F054
:10EF700071FBDDF80490039A7B1C8046C9EB02020A
:10EF80009A4203D109F10109CDF80490DDF808E0B7
:10EF9000BEF1000F5ED00136A81BA11900285EDC6F
:10EFA00022462D20531C1070B9F1000F6DD087B18F
:10EFB000B9F1000F0DDA1A4630202E2702F8020BA5
:10EFC0005F70C9EB020302F8010B9A42FBD10022E9
:10EFD00001928B4220D25F1C98F8002008F10108B2
:10EFE0008F421A7019D0019A4FF02E0E0BE083F861
:10EFF00001E002338B4203F101070DD218F8010B37
:10F000008F42187009D0013A0192002AEFD03B4696
:10F010008B4203F10107F1D31946002D71DB002368
:10F0200020460B7004B0BDEC028BBDE8F087B9F14F
:10F03000000F7FF475AF012390F800805449554AC2
:10F04000994601934FF0FF33B8F1340F8CBF8846D7
:10F05000904667E7A81BA119002840F3938001445C
:10F06000224601384FF0200C02F801CBC2F1010317
:10F0700003442344002BF7DC20EAE07301332344EC
:10F08000BEF1000F90D01A468BE7002FA1D01A4690
:10F0900030272E2002F8027B5870134699E701367C
:10F0A00074E70126C7F10009DFF8E8803046CDF8A3
:10F0B00004903EE7B5EEC00AF1EE10FA4CBF042210
:10F0C00003229A423BDA0028A3EB020340DB18EE4E
:10F0D000102A002A37DB4E214120E21C2170A1704A
:10F0E0006070002B4CD01344202102F8011B9A427F
:10F0F000FBD1002218461A7004B0BDEC028BBDE8AB
:10F10000F087A8194342C043002B88DD0A4620251A
:10F1100002F8015BC2F1010303440B44002BF7DC4E
:10F1200020EAE0730133194479E749244E2046214F
:10F13000DA1C1C7058709970C5E62346DFE600287B
:10F1400018DB0023C3E722462D21541C1170C2E7AF
:10F1500083B1E218202304F8013B9442FBD118EE5E
:10F16000103A002B0ADB4E214120D31C1170917004
:10F170005070BEE72246F2E72346B9E60023E3E7F4
:10F180001346B6E723460FE71A469CE6FFFF7F7F4C
:10F190006424002050150020F0B501EB4106294CF5
:10F1A000012500EB461694F800C005FA01F1F48938
:10F1B0001FFA81FEB0F88851A4B24FEA0E1704FB83
:10F1C0000333ADB207F0F00723FA0CF33D43A3423B
:10F1D000A0F8885128BF2346012A22D015D3022A3D
:10F1E00008D001F00F01B0F888319BB21943A0F8A4
:10F1F0008811F0BD9BB201F00F01F383B0F88031AC
:10F200009BB21F43A0F88071EDE7E31A01F00F01F4
:10F210009BB27381B0F880319BB20B43A0F8803170
:10F22000E1E79BB201F00F014FEA0E2EF382B0F836
:10F2300080310EF4706E9BB24EEA030EA0F880E1AE
:10F24000D1E700BF466500202DE9F0414FEA410EAD
:10F25000384AB6EE007A4FF0010C0EEB01030CFABF
:10F2600001F700EB4313BEB2DB89D2ED007A9DB209
:10F27000F8EE677A87EE800A30EE070AFCEEC07A75
:10F2800017EE903AB3F5803F4ED300224FF6FF744D
:10F2900001E0062A03D85B080132A342F9D8B3F58E
:10F2A000803F4FEA021237D242F4806292B203F1F9
:10F2B000FF3C1FFA8CFCB0F88881360107F00F0480
:10F2C0007144F6B21FFA88F700EB41113E43A0F8F3
:10F2D0008861CA80A1F80EC04A8992B203FB02F28B
:10F2E000B2FBF5F292B24A81CA8A92B203FB02F2F1
:10F2F000B2FBF5F292B2CA82CA8B92B203FB02F35E
:10F30000B3FBF5F39BB2CB83B0F888319BB21C43BF
:10F31000A0F88841BDE8F08142F480624FF6FE7C9F
:10F320004FF6FF7392B2C6E7012B4FF48062BED84E
:10F330000223C0E7F4540020224BB6EE007AD3ED4E
:10F34000007AF8EE677A30B487EE800A4FF6FE74E2
:10F3500030EE070AFCEEC07A17EE903AA3422AD9A3
:10F36000002201E0062A03D85B080132A342F9D843
:10F3700008324FF6FE7542F226045202AB4202F406
:10F38000F05288BF2B46144300EB41110D8ACA8806
:10F39000ADB292B205FB03F0C2F101122A44B0FBF8
:10F3A000F2F29B1A92B2C3F101039BB2CB800A82A4
:10F3B0008C8130BC7047012B43F2260498BF022396
:10F3C000E2E700BFF454002036280CD8294AF8B5EB
:10F3D000044600B212F8206002EB8005012E03D033
:10F3E000022E16D0F8BD70476A78C2F30113032BC2
:10F3F0003AD0214850F823008BB202F00301AA78DA
:10F40000FFF7CAFE1D48EA7800EB041043681A6053
:10F41000F8BD6E78C6F30113032B27D0184A52F8B3
:10F4200023E006F00306174B89B20EEB461793F85C
:10F4300000C07601FA880EEB0603764492B2188A71
:10F44000C2F1011212FA80F2501E00FB01F323FAFE
:10F450000CF3984298BF931ED21A9BB2C2F10102DC
:10F4600092B2FA803382CDE70748C5E7DFF81CE0A7
:10F47000D7E700BF880E002058050020F0090020C3
:10F48000640500204665002000803E4000801E404C
:10F49000362809D800B2134B13F8202003EB800361
:10F4A000012A02D0022A0DD070475978C1F3011207
:10F4B000032A13D00C4850F822009A7801F0030177
:10F4C000FFF7C2BE5978C1F30113032B08D0074AD6
:10F4D00052F8230001F00301FFF72EBF0448ECE7C8
:10F4E0000448F7E7880E0020580500206405002036
:10F4F00000803E4000801E40A4484FF00F0CA44BFB
:10F50000826F42F47F02F0B582670025D0F8802038
:10F510004FF470469F4C4FF4604E29464FF480677D
:10F5200014432A46C0F88040A3F88C6148F2B826FC
:10F53000A3F88EC1A3F89051B3F8880180B240F0CF
:10F54000F000A3F8880101EB4100914B0131002547
:10F5500040011C4604290344A3F804E0DF805A84D8
:10F560001A865A805A81DE815A82DA825A83DA8375
:10F57000E9D1B4F888014FF00F0C874B4FF4704677
:10F5800080B229464FF460472A4640EA0C004FF407
:10F59000806EA4F88801B4F8880180B240F47060ED
:10F5A000A4F88801A3F88C6148F2B826A3F88EC1AC
:10F5B000A3F89051B3F8880180B240F0F000A3F8AE
:10F5C000880101EB4100744B0131002540011C46CC
:10F5D000042903449F80A3F806E05A841A865A80BF
:10F5E0005A81DE815A82DA825A83DA83E9D1B4F809
:10F5F00088014FF00F0C694B4FF4704680B22946DA
:10F600004FF460472A4640EA0C004FF4806EA4F89D
:10F610008801B4F8880180B240F47060A4F88801D1
:10F62000A3F88C6148F2B826A3F88EC1A3F89051D4
:10F63000B3F8880180B240F0F000A3F8880101EB34
:10F640004100564B0131002540011C46042903446A
:10F650009F80A3F806E05A841A865A805A81DE8178
:10F660005A82DA825A83DA83E9D1B4F888014FF0FA
:10F670000F0C4B4B4FF4704780B229464FF4604655
:10F680002A4640EA0C004FF4806EA4F88801B4F8D2
:10F69000880180B240F47060A4F88801A3F88C71EE
:10F6A00048F2B827A3F88EC1A3F89051B3F88801A7
:10F6B00080B240F0F000A3F8880101EB4100384B24
:10F6C000013140011C46042903449E80A3F806E052
:10F6D0005A841A865A805A81DF815A82DA825A8382
:10F6E000DA83EAD1B4F888310F27002241F201060B
:10F6F0009BB245F6C05E114643F226053B43A4F893
:10F700008831B4F888319BB243F47063A4F888312F
:10F710005001244B01320344042A99815981DF812D
:10F720009E82A3F806E0198019829D81F0D1002203
:10F730000F2741F2010645F6C055114643F2260453
:10F740005001194B01320344042A99815981DF8108
:10F750009E82DD80198019829C81F1D100220F27C1
:10F7600041F2010645F6C055114643F22604500108
:10F770000E4B01320344042A99815981DF819E8214
:10F78000DD80198019829C81F1D1F0BD00C00F404D
:10F7900000C03D40000003FC00003E4000403E40F1
:10F7A00000803E4000C01D4000001E4000401E4042
:10F7B000704700BF704700BF704700BF704700BF71
:10F7C00072B6EFF30583494D6B60EFF30883484C45
:10F7D0002E4648484849494A246800680968126822
:10F7E0002961AC60E8606A619A69454CAA61DB698D
:10F7F000444FEB6100F0D8F885ED080A01F0F4F908
:10F800000B234FF0FF32686219462B604A402021DB
:10F8100002F00103013904FB03F383EA5202F7D13A
:10F82000BE4202D056F8041FF0E730498A62BFF3A7
:10F830004F8F354B354A19601A60BFF34F8FBFF3B6
:10F840006F8F334A0225334CD36E334943F4405310
:10F850003248D3662560D36923F07F0343F0400329
:10F86000D3610B6883423ED82A4A002101202C4EE6
:10F8700011604FF0FF33C2F808110C46C2F8006166
:10F880001546C2F808010746DFF8C0E0254E2648B5
:10F890002649274ACEF80030336003600B601360BE
:10F8A00001E000F065F9D5F80C211A4B002AF8D0D8
:10F8B0000134C5F80C714F2CF3D91E4A02241E489E
:10F8C0004FF00041C0F840415163D3F80C2132B9E8
:10F8D0001A491B4A0A63D3F80C010028FAD0194BC5
:10F8E000194A1A60FEE7FEF773FDBDE780FF272087
:10F8F00028ED00E02CED00E034ED00E038ED00E014
:10F900002083B8EDA4FF272070EF00E0A0FF2720A0
:10F9100000C00F4000400840F8540020803DCD0B4F
:10F92000009F240084E100E088E100E08CE100E039
:10F9300090E100E000900D4000002E4000800F405C
:10F94000F100AD0B0CED00E00400FA0580E100E0F1
:10F95000094A08B5136820B118440849884202D8FA
:10F960001060184608BD02F07BFE0C224FF0FF33FA
:10F970000260184608BD00BF1C5C00200000282063
:10F98000002070474FF0FF30704700BF4FF4005326
:10F9900000204B60704700BF012070474FF0FF30E0
:10F9A000704700BFFFF70CBF12490B68114A5B0795
:10F9B000FBD513681049C3F30B23104A07EE903AA6
:10F9C0000B6892ED006AB8EEE77A07EE903A0C4ABF
:10F9D000F8EE677A0B4BD2ED006A77EE677A93ED1B
:10F9E000007AB8EE477A67EE867A87EEA60A37EE97
:10F9F000400A704780810D40F4AF0020FCAF00202A
:10FA000000B00020F8AF0020836BF0B41BB1536846
:10FA100043F40043536072B6446B5CB31C4B2260EA
:10FA2000D3F8B0410C4215D11A4E376804E034685F
:10FA3000E41BB4F5166F0BD2D3F8404144F4804474
:10FA4000C3F84041D3F8B851D3F840416404EED52F
:10FA50000D4003D0426362B6F0BC70470C4C82602C
:10FA6000C560D4F8B0311943C4F8B011426362B62E
:10FA7000F0BC7047064D8260C460D5F8B0311943C0
:10FA8000C5F8B0110263426362B6F0BC704700BFB4
:10FA900000002E40041000E070B50646006B90B1E7
:10FAA0000246002403E012680134012A0CD0536896
:10FAB00013F08003F7D032632CB1B36B056898471D
:10FAC000013C2846F9D170BD33637363F4E700BF8E
:10FAD000F0B5E1B9214C22490020224B01224FF020
:10FAE000011580260A601A46A1604E60E060C3F8E6
:10FAF000BC51D3F8B0411C4D44F001048860C3F8F8
:10FB0000B0412860D2F8B031002BFBD1F0BD090420
:10FB1000164B144D0126114C41F0800100221E604D
:10FB2000596000F5805CE26400F5005EA36400F5B6
:10FB30004057D5F8B01100F580462A46986041F448
:10FB40008031C3F80CC0C3F810E05F619E61C5F856
:10FB5000B011D2F8B031002BFBD1BCE7000000207F
:10FB600060B3002000002E4040AA002040B30020D7
:10FB70002DE9F04FB94C83B0D4F8448118F0010F4F
:10FB8000C4F844815ED0D4F8AC31002B55D04FF08E
:10FB9000011BDFF8EC92B24E2546DA46C4F8AC31D0
:10FBA000B06AF26AD4F8403143F40053C4F84031EB
:10FBB000D4F840319F04F5D5D5F8403123F40053F3
:10FBC000C5F84031C5F8B4A1D4F8B43113F001132D
:10FBD000FAD181B240F28167C9F80030B94200F22F
:10FBE000AD80B1F5D06F80F0DE81B1F5817F00F09E
:10FBF000608100F2E880802900F04E81822940F087
:10FC0000DA8092B202F07F01072900F2D4808900E5
:10FC10009448954F0844016810063B707B7040F192
:10FC20000182CA0301D501233B7002218E48FFF7F0
:10FC30004FFFD4F8AC31002BB0D1884AD2F8BC3198
:10FC4000002B49D118F0400F18D0844BD3F8AC11D9
:10FC50001A46C3F8AC11D3F8BC11C3F8BC11D2F8E2
:10FC6000B0417E4B002CFAD14FF0FF32C3F8B421E3
:10FC7000D3F8843100F032FD7C4B1C6018F0807F9B
:10FC800003D07B4B1B6803B1984718F0007F03D06B
:10FC9000784B1B6803B1984718F0040F08D06F4BDE
:10FCA000D3F8843113F4007345D0734B01221A70DA
:10FCB0006A4BD3F8482112060BD518F0800F08D0F4
:10FCC0006E490A782AB1013AD2B20A70002A00F0CD
:10FCD000428203B0BDE8F08F6949C2F8BC310868C0
:10FCE000034240F0E281614A15681D40AAD02F0C02
:10FCF0000FD05B4E4FF0010997FAA7F4B4FA84F4E1
:10FD000006EBC41009FA04F44030FFF7C5FEA74320
:10FD1000F2D1ADB2002D95D0514E012795FAA5F440
:10FD2000B4FA84F406EBC41007FA04F4FFF7B4FE47
:10FD3000A543F3D186E7504A1370B9E742F2210791
:10FD4000B94234D067D8B1F5086F00F01E81B1F523
:10FD5000106F30D1C0F307404A4A4B4910704B4FE7
:10FD60004B4A0193C5F8C871C5F8CC11C5F8D0212C
:10FD700000F0B6FC474A019B80210120B26451602B
:10FD80001060F364C5F8BCB1D5F8B011936041F4CC
:10FD90008032C5F8B0213A4A1360D4F8B031002B54
:10FDA000FBD1D4F8AC31002B7FF4F8AE45E7110C51
:10FDB000072900F03B81C4F8C0B1D4F8AC31002B66
:10FDC0007FF4ECAE39E740F20237B94200F0AD8083
:10FDD000B1F5A06FEFD12F4A80210127F364B264FF
:10FDE00017605160C5F8BCB1D5F8B011936041F40B
:10FDF0008033C5F8B031D4F8B031002BFBD1030CFF
:10FE00005B0643F08073C5F85431D4F8AC31002B55
:10FE10007FF4C4AE11E742F22123994279D042F235
:10FE200021339942C7D11B4B802200210120B364AA
:10FE300018605A60F164C4F8BCB1D4F8B02199607C
:10FE400042F48033C4F8B031D4F8B031002BFBD188
:10FE5000D4F8AC31002B7FF4A1AEEEE600002E40CA
:10FE600000000020C0012E40B8AF002044AA0020AE
:10FE7000CCB20020D0B200202AB300202BB3002047
:10FE800040AA002029B30020C80002000200CC00D4
:10FE90000200C80060B30020B64A02211046137069
:10FEA0005370FFF715FED4F8AC31002B7FF476AE1B
:10FEB000C3E692B202F07F03072B3FF67CAF12F04D
:10FEC000800F4FEA8303AC4A4FF000014FF001006E
:10FED0001A44136814BF23F4803323F00103136022
:10FEE0008022A64BF164B36418605A60C4F8BCB1B8
:10FEF000D4F8B021996042F48033C4F8B031D4F81A
:10FF0000B031002BFBD1D4F8AC31002B7FF446AEDE
:10FF100093E692B2002A86D1994BC0F30740994AE2
:10FF20001968994B116018707DE792B202F07F0357
:10FF3000072B3FF640AF12F0800F4FEA83038E4A43
:10FF40004FF000014FF001001A44136814BF43F44E
:10FF5000803343F0010313608022884BF164B36463
:10FF600018605A60C4F8BCB1D4F8B021996042F46A
:10FF70008033C4F8B031D4F8B031002BFBD1D4F8C1
:10FF8000AC31002B7FF40AAE57E6804A0121794B51
:10FF9000127818461A70FFF79BFDD4F8AC31002B8D
:10FFA0007FF4FCAD49E67A4B596800293FF403AF72
:10FFB000000C1FFA82FE04E00C33596800293FF45C
:10FFC000FAAE1F888742F7D15F887745F4D1070AD8
:10FFD000032F00F0BA801B89120C934228BF1346EE
:10FFE000B0F5007F00F0A280B0F5E06F00F08B80EC
:10FFF000684F1A4601933846FEF762FE019B27F0D0
:02000004600496
:100000001F021F44BFF34F8F63490A60203297429B
:10001000FAD8BFF34F8FBFF36F8F5E481946FFF7D3
:1000200057FD06E6CB077FF500AEFCE55B4F4FF0D2
:10003000010EF3605A495B4B3860C3F800E0596029
:10004000B3605949D5F8B0017A6001F5805740EAAC
:100050000E02996001F5005E01F5405001F5804106
:10006000C5F8B021DF60C3F810E058619961D4F899
:10007000B031002BFBD1414A012048F28001F364EA
:1000800010604FF48030B2645160C5F8BCB1D5F84F
:10009000B011936041EA0003C5F8B031C9F800001F
:1000A000D4F8B031002BFBD1C3E53C4842F2210427
:1000B000002605880E60A54240687FF414AE81B228
:1000C00000297FF410AE3849384C03C90D0C86283E
:1000D0002060A180A5717FF406AE72B63448017825
:1000E00041F004010170D2F84811080606D441F02D
:1000F00080018020C2F84401C2F8481162B62D4A3E
:1001000050211170EFE52C481A46224F90F800E07C
:100110002A492B480193BEF1000F08BF014638461B
:10012000FEF7CEFD0722019B7A7068E722481A4647
:100130002349077821480193002F08BF014615483D
:10014000FEF7BEFD134F019B59E7120C0B7893424B
:1001500028BF134648E716490A7802F0FB020A70E6
:100160002AB9D3F8482122F08002C3F8482109F0C7
:10017000C5F800BFB8AF0020C0012E4060B300201A
:10018000C4B20020C8B4002028B3002029B3002046
:10019000285000202000202070EF00E090920020E6
:1001A0008000070040B3002038AA0020C0B400201F
:1001B00020B300202BB300202AB3002060F7026098
:1001C000ACF70260002AA0F102022DE9F04714BF4B
:1001D00000274FF00057022A01D9BDE8F0874FEA07
:1001E000C019DFF840A00D4604460AEB09060021BD
:1001F00040229846304602F039FE012047EA054188
:100200004AF80910C6F83880B060B8F1000FE4D0A1
:10021000034BA0401C6820431860BDE8F08700BF76
:1002200044AA002000000020002AA0F102022DE9CB
:10023000F04714BF00274FF00057022A01D9BDE84C
:10024000F0874022C501DFF844908846154400211C
:1002500004461E4609EB050A504602F007FE01223D
:1002600047EA084149F80510CAF83860CAF808207A
:10027000002EE4D004F11000034B824018680243C2
:100280001A60BDE8F08700BF44AA002000000020EB
:1002900012048160C36142F08002F0B44260012721
:1002A00001F5805601F5005501F5405401F58042F5
:1002B0000760C660056144618261F0BC704700BFA1
:1002C000831E022B00D97047064B0A4630B400F15A
:1002D0001004012503EBC01005FA04F1403030BCD6
:1002E000FFF792BB00000020831E022B00D970474D
:1002F00010B4054B01240A4604FA00F103EBC010C8
:100300005DF8044BFFF780BB000000204068704799
:10031000124A134BD2F8200220F07F40984210B5C9
:1003200084B002D800EB800040000E4C01A90A22E4
:10033000FEF762FD01A90023204611F8012B0133CD
:100340003AB10A2B20F8022FF7D11623237004B0FC
:1003500010BD5B00DBB2237004B010BD00441F4031
:100360007F9698002865002000F0E0BA00F0B2BA4D
:1003700000F016BB00F0D0BA00F06CBB00F042BB3E
:100380000846114600F032BB084600F019BB00BF1A
:10039000F8B514494FF40037134D034601EB4024E0
:1003A000124E134A05EB4015214617602846328845
:1003B000FFF76EFF318824F01F032144BFF34F8FF6
:1003C0000C4A136020339942FBD8BFF34F8FBFF321
:1003D0006F8F03202946FFF787FF074B4FF400324A
:1003E0001A60F8BD8000202000910020EEB20020AD
:1003F0008CE100E05CEF00E00CE100E0244A43689F
:100400002DE9F041C3F30E431488C569E41A002CAA
:1004100038DD2049204A0B781278DBB21F48204E85
:10042000934207D010F8038036F81870C7F50072B1
:10043000944212D9013300221A4F082B26F8154096
:1004400027F81520184E94BFDAB213460A703268A6
:10045000C55414443460BDE8F081144B07EB4820C8
:100460002246274403EB45211844FEF729FC0E4A97
:10047000284626F8187013681C441460BDE8F04143
:10048000FFF786BF2846BDE8F041FFF781BF00BFF8
:10049000EEB200201EB300201FB30020E8AF002002
:1004A000C8AF0020D8AF0020C4AF002080002020BB
:1004B0001E4B1A785AB902F0FF031D4A127832B166
:1004C0002DE9F0411B4D2A8812B9BDE8F081704733
:1004D000194EC2F50068194F31784246184C07EBA7
:1004E000411704EBC12438462146FFF7D1FE08EB43
:1004F000040224F01F01BFF34F8F124B196020310B
:100500008A42FBD8BFF34F8FBFF36F8F0420394669
:10051000FFF7D6FE3378084A0133DBB2032B88BFDE
:100520000023137000232B80BDE8F08127B3002047
:1005300029B30020F2B2002026B300200092002050
:100540008010202070EF00E02DE9F04F85B0029080
:100550000091002900F0AB800023564DDFF8748134
:10056000DFF860A1544FDFF870B101930122534BC3
:100570002A701C78524AB8F8003002EB441923BBA9
:100580001E461C464846FFF7C1FE10F080007ED094
:10059000BFF34F8F00229AF800304A492A7004B9FD
:1005A0003E68002B5AD13B689B1B782B79D89BF86F
:1005B0000030002B52D000F09FFA0124B8F8003030
:1005C0002C70002BDED03D4A14781A46C3F500602B
:1005D000E402009E3C4920449642084442D30C4425
:1005E0000299FEF76DFB002321464FF40062484656
:1005F000FFF74EFE24F01F0304F50064BFF34F8F96
:10060000324A136020339C42FAD8BFF34F8FBFF3B6
:100610006F8F04204946FFF753FE284B274A1B786B
:10062000009801332A49DBB2032B88BF00231370E3
:100630000022B8F80030A8F80020C01A00900198F5
:1006400018440190029818440290C1F88420BFF326
:100650004F8F00232B70009B002B87D1019805B092
:10066000BDE8F08F009C0393019B2246029923442E
:100670000193FEF725FB039B4FF04041144A0020F5
:100680001B1B0090A8F80030C2F88410DFE74FF47D
:1006900000630A4A8AF8000014781A46A8F8003065
:1006A00096E7012301980B7005B0BDE8F08F009824
:1006B000D5E700BF27B30020C4B2002026B3002036
:1006C0000092002025B300208010202070EF00E071
:1006D00000002E40F2B2002029B30020704700BF76
:1006E000314B2DE9F0411B78304F002B54D04FF4A3
:1006F0000073DFF8EC803B80A8F8003000218022F6
:100700002B480D462B4E02F0B1FB2B4C2B4B2946B0
:100710004FF480722A4825702C461D8002F0A6FBFB
:1007200035602B4675602A46B560F5602549264E32
:100730002648DFF8B0E00D7010210570022035600A
:100740007560B560F560CEF80050FFF76DFDB8F844
:1007500000102A461E4B0320FFF734FD2B46398834
:1007600001220420FFF760FD20460134FFF710FE50
:10077000082CF9D1174B4A2217480021174C046066
:10078000C3F88410C3F88020D3F8482142F0807267
:10079000C3F84821BDE8F0814023DFF844803B8066
:1007A000A8F80030AAE700BF2AB30020F4B2002066
:1007B00000920020C8AF002026B30020F2B2002033
:1007C000009100201EB30020D8AF00201FB30020EE
:1007D000F90B010000002E40CCB20020AD0C01004E
:1007E000EEB20020C4AF0020314B4FF400322DE9AF
:1007F000F04F1A6083B02F4B89461C78002953D0E4
:100800002D4BE4B21B789C4250D082460027DFF883
:10081000C0B00134294BC7EB09085046092C01939D
:10082000274B28BF00241D5D244B33F815E0254BD2
:100830000EEB452133F81560234BCEEB0606194429
:10084000B0453246374419D20EEB45214246194491
:10085000FEF736FA019BDBF80010484633F8152006
:10086000C8EB01019044CBF8001023F81580174B1A
:100870004FF400321A6003B0BDE8F08FFEF720FAA3
:10088000DBF80020E3B22846921BB244CBF80020EC
:10089000084A1370FFF77CFDB94503D9064B1B7856
:1008A0009C42B6D13846E2E70846E0E70020DEE7A2
:1008B0008CE100E01FB300201EB30020D8AF002061
:1008C000E8AF0020C8AF0020800020200CE100E04D
:1008D000C4AF00200B4B0C4A1B781278DBB293425A
:1008E0000DD0013309480A4A092B0A4928BF0023C1
:1008F000C35C31F8131002EB4323585C70474FF090
:10090000FF3070471FB300201EB30020E8AF002067
:1009100080002020D8AF0020034B10B51C680CB914
:1009200000F0EAF8204610BDC4AF00202DE9F84FD2
:10093000154E164D34782B78E4B29C4221D0DFF866
:100940005490DFF854B0DFF85480114F0134082C74
:100950005FFA84FA01D90024A24619F80410DBF8E2
:10096000002038F81130084637F811105B1AD31AF6
:10097000CBF80030FFF70CFD86F800A02B789C42E6
:10098000E4D1BDE8F88F00BF1FB300201EB30020E4
:10099000D8AF0020E8AF0020C4AF0020C8AF0020CF
:1009A00000B583B001210DF10700FFF71DFF20B155
:1009B0009DF8070003B05DF804FB4FF0FF30F9E746
:1009C000094B00B583B01B788DF8070023B903F0FD
:1009D000FF0003B05DF804FB01210DF10700FFF7F4
:1009E000B3FD03B05DF804FB29B30020044B1B7872
:1009F00003F0FF020BB1FFF7A7BD1046704700BF21
:100A000029B300202DE9F0410024DFF844800123C0
:100A10000D4D27460D4E88F8003033782846203596
:100A2000A34204F1010405D0FFF770FC030658BF90
:100A300007F50067042CF0D1BFF34F8F0023384631
:100A400088F80030BDE8F0810092002026B3002035
:100A500027B300202DE9F843204B1B7813B1204D1C
:100A60002A880AB9BDE8F883DFF88880C2F50069F2
:100A70001C4E4FF0010E98F800104A461A4C002305
:100A800006EB4116194F04EBC124304687F800E00D
:100A90002146FFF7FDFB09EB040224F01F01BFF321
:100AA0004F8F134B196020318A42FBD8BFF34F8F11
:100AB000BFF36F8F04203146FFF702FC98F8003037
:100AC0000C4A0133DBB2032B88BF002313700023D1
:100AD0002B80BFF34F8F3B70BDE8F88329B3002014
:100AE000F2B20020009200208010202027B30020C6
:100AF00070EF00E026B300202DE9F843324E337842
:100B000093B1324F3A787AB90122D9073A7037D483
:100B10009A0719D400225B073A7005D52C4B1A6846
:100B200012B1EFF305820AB1BDE8F883EFF310804C
:100B300072B61A681AB1274C217800292FD00028E4
:100B4000F2D162B6BDE8F883DFF8948098F800200F
:100B5000002ADFD00024DFF88C9005E0013498F8FB
:100B60000030E4B2A34213D959F824502B68284628
:100B70001B6998470028F1D06B699B689847EDE79F
:100B8000FFF7CAFED0B9144B1B781BB93378BFE707
:100B90003378BFE7337803F0FE033370B8E70126FC
:100BA000556926701D6065B1A96100B962B600255E
:100BB00093681046557798472570B5E700F02CF8F4
:100BC000E1E7064B1D60F0E74C650020FFB2002016
:100BD000B0A50020FDB2002002F80260BCA50020F4
:100BE000FEB20020C0A500200A4B30B4586A1C4653
:100BF000996A626AA36A994208BF904210461946F0
:100C00000CBF01250025002DF3D0D90B30BC41EAE3
:100C10004240704700400D40704700BF08B5036870
:100C20004268BBB17AB1104BA3FB0213DB0803EBA4
:100C30004303B2EB830303D0D21A4260F02A02D9F5
:100C40000123184608BD01F00BFD1C2200230260A1
:100C5000184608BD044BA3FB0213DB0803EB430358
:100C6000B2EB8303E8D1E9E7ABAAAAAA70B50446C0
:100C700000283AD019B1B2FA82F56D09FDB12068A9
:100C800008B1626832B901F0EBFC16230022036060
:100C9000104670BD1849A1FB0231C90801EB4101A2
:100CA000B2EB8101EFD1A3680BB102F0DFF80023B2
:100CB0000122236010466360A360E36070BD1E469E
:100CC000049B80E80600C360FFF7A8FF02460028E7
:100CD000DED016B90122104670BD94E80500A6606A
:100CE000294602F0C3F80122D2E701F0B9FC16232D
:100CF00022460360CCE700BFABAAAAAA10B52DED2F
:100D0000048BB0EE408B254C8AB000F0E3F994F9E7
:100D10000030B0EE409B01332ED0B4EE488BF1EEA4
:100D200010FA29D6B0EE480B01F07EF9B7EE007B41
:100D3000B4EEC70BF1EE10FA1EDD0123184A009342
:100D400018480192002308938DED048B8DED028BE2
:100D500001F07CF994F90030022B8DED060B11D0D7
:100D6000684601F071F968B1089B93B99DED060BD7
:100D70000AB0BDEC048B10BDB0EE490B0AB0BDEC5F
:100D8000048B10BD01F06CFC21230360089B002B39
:100D9000ECD001F065FC089B0360E7E745650020A7
:100DA000A84F0020C822002000F0C8BAF0B52DEDF1
:100DB000088BB0EE40ABB0EE419B964C8BB000F090
:100DC000ADFB94F90030B0EE408B5A1C34D0B4EE39
:100DD000499BF1EE10FA2FD6B4EE4AABF1EE10FAC1
:100DE00076D69FED8ABBB4EE4BABF1EE10FA29D16B
:100DF000B4EE4B9BF1EE10FA13D10122864900921A
:100E000000228DED02AB8DED049B8DED06BB0191B3
:100E10000892002B4BD0B7EE000B0BB0BDEC088B4B
:100E2000F0BDB0EE490B01F007F928B1B5EEC09B5B
:100E3000F1EE10FA00F1A080B0EE480B0BB0BDEC63
:100E4000088BF0BD01F0F8F80546002857D0B5EE44
:100E5000408BF1EE10FA4FF000064FF00007EBD197
:100E6000B0EE4A0B01F0E8F80028E5D0B0EE490BEF
:100E700001F0E2F80028DFD0674A01928DED02AB65
:100E80008DED049BCDE906670421002294F9003022
:100E900000910892022B03D0684601F0D5F858B9AA
:100EA00001F0DEFB2223036006E08DED06BB684601
:100EB00001F0CAF8002873D0089B1BB101F0D0FBE9
:100EC000089B03609DED060B0BB0BDEC088BF0BDDD
:100ED000B5EE409BF1EE10FAAED1B7EE000B012259
:100EE0004D490092022B4FF000028DED02AB8DEDCB
:100EF000049B019108928DED060BD8D19EE7B0EED0
:100F00004A0B01F099F80028A1D0B0EE490B01F08E
:100F100093F800289BD0B4EE488BF1EE10FA94F9C8
:100F200000303D4A08955ED603218DED02AB8DED74
:100F3000049B8DE80600002B37D1B5EEC0AB374BD4
:100F40004FF06042F1EE10FACDE90623A4D5B6EEDB
:100F5000007B29EE079BB0EE490B01F07FF8B4EE61
:100F6000409BF1EE10FA3BD02D4994F900304FF040
:100F70006040CDE906018DE7274A94F900300192DF
:100F8000012100228DED02AB8DED049B00910892B2
:100F9000002B8AD023490020022BCDE9060186D1FF
:100FA00001F05EFB2123036086E71F49B5EEC0AB6D
:100FB0000020F1EE10FACDE906017FF56BAFB6EE39
:100FC000007B29EE079BB0EE490B01F047F8B4EE29
:100FD000409BF1EE10FA03D0124B0022CDE906231C
:100FE00094F9003056E701218DED02AB8DED049BA5
:100FF0008DE80600002B3FF458AF8BEE0B7B022BE5
:101000008DED067BCCD052E7AFF3008000000000EE
:101010000000000045650020B04F0020FFFFEF47B3
:10102000FFFFEFC70000F0FF0000F07F00B52DEDDF
:10103000028BB0EE408B8BB000F032FE234B93F965
:1010400000305A1C0BD0B4EE488BF1EE10FA06D6E5
:101050009FED1C7BB4EEC78BF1EE10FA04D40BB0FD
:10106000BDEC028B5DF804FB0122194900920022BD
:101070008DED048B8DED028B0191089293B187EE7B
:10108000076B022B8DED066B0ED101F0E9FA2123DF
:101090000360089B73B99DED060B0BB0BDEC028B92
:1010A0005DF804FB8DED067B684600F0CDFF00285F
:1010B000EFD1EAE701F0D4FA089B0360EBE700BF49
:1010C000AFF3008000000000000000004565002034
:1010D000B44F002030B510EE905A2DED068B934B97
:1010E00025F000449C4283B010DD04F1404410EE32
:1010F000103A04F58014234300F0888030EE407BE2
:1011000087EE070B03B0BDEC068B30BD884B9C42CD
:101110000EDCB4F1795F80F29880B7EE006B9FED42
:10112000657B30EE077BB4EEC67BF1EE10FAE9DCAE
:1011300000F07AFFB7EE007BB6EE006B37EE400BA7
:101140009FED5E5B20EE068BB0EE480B9FED5D6B76
:101150009FED5E4BA8EE056B9FED5E9BA8EE064BE8
:101160009FED5E5B9FED5F6BA8EE045B9FED5F3BC9
:10117000A8EE056BA8EE069B9FED5E4B29EE089B43
:101180009FED5E5BA8EE034B9FED5E6BA8EE045BEC
:10119000A8EE056BA8EE067BB0EE47AB00F080FD35
:1011A000644B9C428DED000B3EDCB0EE005B89EEA3
:1011B0000A4BDDE900239DED006B9FED547B36EE7D
:1011C000062B9DED001B00229FED520B43EC162BCE
:1011D000B1EE463BA3EE068B31EE066BB0EE471B3D
:1011E000A3EE051BB0EE413B88EE061BA1EE450BBE
:1011F00094EE020B30EE430B37EE400B002DD8BFC0
:10120000B1EE400B03B0BDEC068B30BD9FED436BE0
:101210009FED407B20EE077BA0EE067BB0EE470BF8
:1012200003B0BDEC068B30BD9DED005B89EE0A7B03
:10123000B0EE006BA5EE075B9FED3A0B9FED377BA1
:10124000A5EE060B37EE400BD8E79FED1C4B20EECA
:10125000007BB7EE002B9FED1B5B9FED1C6BA7EE99
:10126000045B9FED1E4BA7EE056B9FED1E5BA7EE8B
:10127000064B9FED186BA7EE045B9FED1C1BA7EEC2
:10128000056B26EE076B9FED1B3B9FED1C4BA7EEFE
:10129000013B9FED1C5BA7EE034BA7EE045BA7EEA3
:1012A000052B86EE025BA0EE050B03B0BDEC068BB2
:1012B00030BD00BF9C7500883CE4377E09F7FD0D0A
:1012C000E13D023F88B20175E0EF493F3B8F68B5D1
:1012D0002882A4BF555555555555C53F5544880ED0
:1012E00055C1C93F7D6FEB0312D6D4BF82922EB198
:1012F000C5B8B33F59018D1B6C06E6BFC88A599C1F
:10130000E52A00404B2D8A1C273A03C0182D44546F
:10131000FB21E93F075C143326A6913C182D445469
:10132000FB21F93F075C143326A691BCFFFFEF3F7A
:10133000FFFFDF3F3233EF3F00000000F0B585B024
:101340008DED021B029A0398724953428DED000BFA
:10135000134320F0004545EAD3738B429DE890008B
:1013600042D86342234327F0004E4EEAD3738B42A8
:101370003AD800F1404303F58013134353D0861746
:1013800006F0020654EA0E0346EAD77634D052EA53
:1013900005033ED08D4252D08E453AD0C5EB0E05A6
:1013A0002D153C2D44DC00286BDBDDE900239DED91
:1013B000020B43EC172B87EE000B00F035FE00F01C
:1013C00031FD53EC102B012E56D0022E49D0002EA9
:1013D00044D09FED3A7B9FED3B6B43EC152B35EEF4
:1013E000477B37EE460B05E09DED027B9DED006BE4
:1013F00037EE060B05B0F0BD022E1DD09FED330B6E
:101400009DED007B032E08BFB0EE407BB0EE470B96
:10141000F0E79FED307B9FED310B002FA8BFB0EEC2
:10142000470B05B0F0BD05B0BDE8F04000F0FABCD8
:1014300028A3D3E90023C6E79FED220BDAE7AE45E8
:1014400024D0022EF8D0032E2DD09FED267B9FEDC9
:10145000270B012E08BFB0EE470BCBE743EC102B58
:10146000C8E79FED167B9FED176B43EC152B35EE10
:10147000477B36EE470BBDE703F1004343EC102BEF
:10148000B8E73C3591DA002200239CE7022E10D009
:10149000032E0BD09FED177B9FED180B012E08BF7D
:1014A000B0EE470BA6E79FED090BA3E79FED150BE9
:1014B000A0E79FED160B9DE7AFF30080075C1433A8
:1014C00026A6A13C182D4454FB210940182D445454
:1014D000FB2109C0182D4454FB21F93F182D445419
:1014E000FB21F9BF000000000000008000000000A8
:1014F00000000000182D4454FB21E9BF182D44546E
:10150000FB21E93FD221337F7CD902C0D221337F36
:101510007CD902400000F07F000000002DE9F04F70
:1015200051EC110B2DED088B21F0004555EA00041C
:1015300087B03AD053EC102B6A4F23F00044BC42E2
:1015400010EE10AA994629DC884611EE106A24D0C4
:10155000BD4223DC634FBD427AD0B9F1000F7ADB84
:101560004FF0000BA6BB5F4EB54200F090805E4E80
:10157000B54266D0B8F1804F00F057825B4EB0455F
:1015800026D1B9F1000F23DB43EC102B07B0BDECE3
:10159000088BBDE8F04F00F083BB6AB104F1404412
:1015A00004F5801454EA0A0308D1B7EE000B07B023
:1015B000BDEC088BBDE8F08FA542CBDD4C4807B0F1
:1015C000BDEC088BBDE8F04F00F040BD4FF0000BC4
:1015D00016461F4647EC106BCDE9020100F024FDD2
:1015E0008DED000BBAF1000F1AD04FEAD97909F14D
:1015F000FF395BEA09035ED03E4B9D4240F3808099
:1016000003F104739D4240F39A823B4B9C4259DDA7
:10161000B8F1000F59DD9FED2F0B20EE000BC6E750
:1016200024B1314B29F040429A42DED1B8F1000F8B
:10163000C0F27C82B9F1000FC0F2E6819DED000B93
:10164000B5E7B8F1000FC0F2BC8243EC102BAEE757
:10165000002E82D0A2E7294FBD4229DCA7F15477A2
:10166000BD427FF77DAF2F15A7F2FF37142F40F350
:10167000B682C7F1340726FA07FE0EFA07F7BE4214
:101680007FF46EAF0EF0010ECEF1020B6AE704F1AB
:10169000404303F5801353EA0A0386D0164B9C425D
:1016A00040F33B82B8F1000F0FDB41EC100B7EE7FB
:1016B0004FF0020B56E747EC176B37EE477B87EE90
:1016C000070B74E7B8F1000FA5DB9FED040B6EE785
:1016D000AFF300809C7500883CE4377E000000007A
:1016E000000000000000F07F0000F03F0000E03F3D
:1016F000C82200200000E041FFFFEF3FFFFF3F4313
:10170000B4F5801F80F25B829DED006B9FEDC97B7D
:1017100026EE077B8DED007B019C6FF03406ED4AD1
:101720002315C4F31304A3F2FF3344F07F51944212
:101730001E4441F4401140F33A82E74B9C4240F38F
:101740006C82B7EE007B9FEDBD3B0136A1F58011A9
:101750000025B0EE430BDDE90023B7EE004B0B464E
:1017600043EC112B4C1031EE076B31EE472B84EE1E
:10177000065B22EE056B8DED006BDDE9002344F086
:10178000005404F5002400220020611943EC142BBE
:1017900041EC160BB1EE44AB36EE477BAAEE062BBE
:1017A00031EE477BB0EE426BAAEE076B9DED007BFE
:1017B00026EE052B9DED006B37EE047B26EE06BB77
:1017C0009FEDA09B27EE026B9FEDA08B9FEDA11BD1
:1017D000ABEE098B9FEDA17BABEE081B2BEE0B8BC9
:1017E0009FEDA05BABEE017BABEE075B9FED9F7BBC
:1017F000ABEE057BB0EE085BA8EE076BB0EE457B69
:10180000A4EE047B37EE067B8DED047B04929DED08
:10181000049B39EE455BAAEE045B36EE455B9DED1D
:10182000006B25EE066BA2EE096BB0EE465BA4EEF4
:10183000095B8DED005B00929DED004B9FED8D2BC4
:10184000B0EE445BAAEE095B9FED8C7B36EE456BF8
:101850009FED8C8B26EE077B01EE906AA4EE087B51
:10186000B8EEE11B37EE007BB0EE476BA4EE026BE7
:1018700036EE036B36EE016B8DED006B00929DED45
:10188000005B35EE416B36EE436BA4EE426B37EEF8
:10189000466BDDE90234BFEE000B2146002044EC2C
:1018A000173B41EC140B26EE076B37EE447BA5EE9D
:1018B000076B25EE045B36EE057B8DED007BB7EE06
:1018C000007B864B019A0BF1FF3B5BEA090414BFD6
:1018D000B0EE478BB0EE408B9A42009C40F3028101
:1018E00002F13F4303F5E003234340F0718136EEFC
:1018F000054B34EE454B9FED657B36EE077BB4EE32
:10190000C47BF1EE10FA00F3638113461B154FF40C
:101910008011A3F2FE3341FA03F39918C1F30A5080
:101920006F4EA0F2FF30064121EA06050024C1F304
:10193000130345EC174BC0F1140043F4801343FA32
:1019400000F0002A35EE475B36EE057B8DED007B1F
:10195000B8BF40420105DDE90023B0EE002BB7EE31
:10196000007B9FED4C1B9FED4D0B00229FED4D4BDF
:1019700043EC132B9FED4D9B23EE044B33EE455B65
:1019800036EE455BB0EE446BA5EE006B9FED495B18
:10199000B0EE464BA3EE014BB0EE440BA3EE410B71
:1019A00036EE406B9FED450B24EE043BA3EE095B46
:1019B0009FED441BA3EE050BA4EE066B9FED435B6E
:1019C000A3EE001BA3EE015BB0EE441BA3EE451B90
:1019D00024EE013B31EE422B83EE025B35EE466B8B
:1019E00036EE446B37EE467B8DED007B019B194450
:1019F000B1F5801FC0F21A81DDE900230B4643ECEC
:101A0000102B20EE080BD2E504F1404404F58014BD
:101A100054EA0B0300F0FA80BBF1010F7FF40EAE25
:101A20009DED007BB1EE470BC1E543EC172B27EE94
:101A3000070BBCE500000000000040430000000070
:101A400000000000EF4E454A287ECA3F65DBC9937F
:101A50004A86CD3F01411DA96074D13F4D268F516B
:101A60005555D53FFFAB6FDBB66DDB3F03333333EB
:101A70003333E33F000000E009C7EE3FFD033ADCEB
:101A800009C7EE3FF5015B14E02F3EBEFE822B65D9
:101A90004715973C00000000432EE63FEF39FAFE61
:101AA000422EE63F396CA80C615C20BED0A4BE7209
:101AB0006937663EF16BD2C541BDBBBE2CDE25AF9A
:101AC0006A56113F93BDBE166CC166BF3E55555553
:101AD0005555C53F8E98030079B60B00FFFF8F4028
:101AE000FFFF0F00694D22F00043AB4240F38480BA
:101AF00067491144214309D136EE057B37EE457B1A
:101B0000B4EEC76BF1EE10FA3FF600AF9FED4D0B50
:101B100028EE007B27EE000B49E5B8F1000FBFF679
:101B2000D4AD41EC170BB1EE470B40E59DED005BEA
:101B3000B7EE007B87EE056B8DED006B7AE5554BBC
:101B40009C427FF7BFAD544B9C423FF761ADB7EE6F
:101B5000007BB5EE008B9DED005B9FED3C2B35EEE1
:101B6000477BB6EE005B9FED3B3BB1EE474B27EE6C
:101B7000070B9FED3A6BA4EE083BA4EE035B9FEDD1
:101B8000391B25EE005B26EE456BA7EE016BB0EE30
:101B9000465BA7EE025B53EC152B002243EC152BA2
:101BA000B0EE457BA4EE027B36EE476B71E69FED0F
:101BB0002F3BB7EE007BB0EE430B0025CBE50026B4
:101BC000ADE543EC162BB7EE007B87EE060BEEE49B
:101BD0009FED280B28EE007B27EE000BE7E4002E9C
:101BE0007FF4F4ACC7F1140745FA07FE0EFA07F7C5
:101BF000BD4220D0B346BAE4284CA3423FF786AE9C
:101C000036EE057B01468DED007BA4E69DED007B65
:101C100037EE477B87EE070BC9E49FED183BB7EE25
:101C2000087B9FED180B4FF4802594E5B0EE470B31
:101C300000F0A4FAE5E60EF0010ECEF1020B96E4F8
:101C4000AFF3008059F3F8C21F6EA50100000060D9
:101C50004715F73F555555555555D53FFE822B65D0
:101C60004715F73F44DF5DF80BAE543E000000001F
:101C7000000000009C7500883CE4377E00000040B6
:101C800003B8E23F06D0CF43EBFD4C3EFFCB904084
:101C900000346F3FFEFFEF3F0000F03F0000E03FE9
:101CA0002DE9F04182B08DED000B5D49019B00985C
:101CB0000C461940A14200F09880002B024677DDC7
:101CC0001F1500F08280A7F2FF37C3F31303F90753
:101CD00043F4801367D403EBD27100260B447F10CA
:101CE0005200B64616204FF400110EEB01049C4240
:101CF0004FEAD2754FEA420203DC1B1B04EB010ED4
:101D00000E44013805EB43034FEA5101EDD18446FF
:101D100020244FF0004109E020D003EBD275013CB4
:101D20004FEA51012B444FEA420220D09E4501EB7D
:101D30000C05F1DA002D05EB010C09DBF0469542AC
:101D4000CEEB030300D9013B521B0844C646E4E72F
:101D5000BCF1000FF2DB0EF10108F0E795421AD852
:101D6000002D05EB010C48DB98460023ECE71343FC
:101D700013D140087110F30701F17F5101F50011F3
:101D800048BF40F0004001EB0753024643EC102BE4
:101D900002B0BDE8F0817346BFE7421C31D000F0CD
:101DA00001031844E5E75B0003EBD273520092E7AE
:101DB00023F0004101431DD05BBB1F46D30A153FF2
:101DC0005205002BFAD0DD021ED4002100E00146AE
:101DD0005B00DC0201F10100F9D5C0F1200422FA18
:101DE00004F423437F1A82406DE7A0EE000B02B09B
:101DF000BDE8F0819DED000BCAE7BCF1000FAADA47
:101E0000B2E701362046B5E720244FF0FF3100202D
:101E1000E5E79DED007B37EE477B87EE070BB7E7E5
:101E20000000F07F38B5B0EE407B17EE905A774B4C
:101E300025F000449C420EDD754B9C4210EE102AAA
:101E40005CDC59D09FED557B9FED560B002DC8BF34
:101E5000B0EE470B38BD6F4B9C4260DCA3F1DE73E4
:101E60009C424EDD4FF0FF339FED502B27EE074B8A
:101E700024EE046B9FED4F3B9FED505BA6EE023BC3
:101E80009FED502BA6EE035B9FED503BA6EE052B7E
:101E90009FED505BA6EE023B9FED501BA6EE035B51
:101EA00025EE045B9FED4F2B9FED504B9FED513B7B
:101EB000A6EE014BA6EE042B9FED504BA6EE023B87
:101EC0005A1CA6EE034B24EE066B40D035EE065BA3
:101ED000514A5249DB001A440B4492ED006B93EDDA
:101EE000000B97EE056B36EE477B002D30EE477BFF
:101EF0002ADBB0EE470B38BD002AA3D037EE070B24
:101F000038BD9FED406BB7EE005B30EE066BB4EE74
:101F1000C56BF1EE10FAA5DDB0EE470B38BD00F051
:101F200083F83F4B9C4219DCA3F550239C422ADCEA
:101F3000B0EE007BBFEE006B30EE075BA0EE076BF0
:101F4000002386EE057B8FE7B1EE470B38BD35EEFB
:101F5000066BA7EE467BB0EE470B38BD314B9C427B
:101F60000BDCB7EE087BB7EE006B30EE475BA0EE04
:101F7000076B022385EE067B76E7BFEE006B03233B
:101F800086EE007B70E7B7EE007B012330EE476BF7
:101F900030EE070B86EE007B66E700BF182D445439
:101FA000FB21F93F182D4454FB21F9BF11DA22E33C
:101FB0003AAD903FEB0D76244B7BA93F513DD0A02D
:101FC000660DB13F6E204CC5CD45B73FFF830092F3
:101FD0002449C23F0D5555555555D53F2F6C6A2C98
:101FE00044B4A2BF6D9A74AFF2B0B3BF9AFDDE5293
:101FF0002DDEADBF711623FEC671BCBFC4EB989930
:102000009999C9BF9C7500883CE4377EFFFF0F4457
:102010000000F07FFFFFDB3FA003002080030020D3
:10202000FFFFF23FFF7F034053EC102B23F00043F0
:1020300043EC102B704700BF10EE903A43F0004085
:1020400000F58010C00F7047002070479FED010B16
:10205000704700BF000000000000F87FF0B453ECB0
:10206000102BC3F30A55A5F2FF30132884B019468C
:102070004FEAD37710EE104A2CDC002847DB3C4DAA
:10208000054103EA0506164329D06D082B401C4381
:102090000CD04FF48023132821EA050543FA00F100
:1020A00041EA05010CBF4FF000440024314800EB29
:1020B000C70797ED000B0B46224643EC172B37EE74
:1020C000007B8DED027B9DED027B37EE400B04B073
:1020D000F0BC7047332807DDB0F5806F44D043EC87
:1020E000102B04B0F0BC7047A5F213454FF0FF3041
:1020F000E8400242F3D040080242D7D04FF080437C
:1021000024EA000043FA05F545EA0004CEE723F08F
:102110000040104310EE106AE1D0C3F313000643F1
:10212000704206431348590C360B490406F4002646
:1021300000EBC70046EA010390ED006B43EC172B60
:1021400037EE067B8DED027B9DED027B37EE467B05
:102150008DED007B0199DDE9002321F0004141EA8A
:10216000C77343EC102BBCE730EE000BB9E700BFA0
:10217000FFFF0F00800200200000000010B52DEDD1
:10218000028B82B08DED000B019B0099C3F30A52C4
:102190002ABB23F000430B432DD09FED367B3D4AF5
:1021A00020EE077B90428DED007B019B29DBC3F382
:1021B0000A52363A841840F2FE72944230DC002C07
:1021C00027DD23F0FF41DDE9002321F4E00141EAAE
:1021D000045343EC102B02B0BDEC028B10BD40F257
:1021E000FF718A42E6D19DED007B37EE070B02B00E
:1021F000BDEC028B10BD9DED000B02B0BDEC028B5F
:1022000010BD9FED1E0B27EE000B02B0BDEC028B44
:1022100010BD14F1350F11DA4CF2503398421DDD28
:102220009FED188B9DED001BB0EE480B00F034F8CD
:1022300020EE080B02B0BDEC028B10BD23F0FF4175
:10224000DDE9002321F4E001363441EA04539FED37
:102250000F0B43EC172B27EE000BBCE79FED078B12
:102260009DED001BB0EE480B00F016F820EE080BB9
:10227000B1E700BF000000000000504359F3F8C26E
:102280001F6EA5019C7500883CE4377E00000000AD
:102290000000903CB03CFFFF53EC102B11EE900A75
:1022A00023F0004100F0004041EA000343EC102B12
:1022B000704700BF0B460146184600F0C5B900BF85
:1022C00053B94AB9002908BF00281CBF4FF0FF319D
:1022D0004FF0FF3000F07EB9ADF1080C6DE904CE8F
:1022E00000F006F8DDF804E0DDE9022304B07047F1
:1022F0002DE9F0478C460E460446089D002B50D130
:102300008A4217466CD9B2FA82FEBEF1000F0BD09A
:10231000CEF1200420FA04F401FA0EF644EA060C89
:1023200002FA0EF700FA0EF44FEA1749220CBCFB32
:10233000F9F01FFA87F809FB10C642EA064600FBCF
:1023400008F3B34209D9F61900F1FF3280F0228177
:10235000B34240F21F8102383E44F61AA2B2B6FBE5
:10236000F9F309FB136642EA064403FB08F8A045AB
:1023700009D9E41903F1FF3280F00A81A04540F247
:102380000781023B3C44C8EB040443EA00400021BF
:10239000002D62D024FA0EF400232C606B60BDE89F
:1023A000F0878B4207D9002D55D0002185E84100E8
:1023B0000846BDE8F087B3FA83F1002940F0908029
:1023C000B34202D3824200F2F880841A66EB03061D
:1023D0000120B446002D40D085E81010BDE8F087FC
:1023E00012B90127B7FBF2F7B7FA87FEBEF1000F6B
:1023F00035D1F31B4FEA17481FFA87FC0121B3FBC5
:10240000F8F0220C08FB103642EA06460CFB00F3FB
:10241000B34207D9F61900F1FF3202D2B34200F2FB
:10242000CE801046F61AA2B2B6FBF8F308FB13668C
:1024300042EA06440CFB03FCA44507D9E41903F166
:10244000FF3202D2A44500F2B5801346CCEB04045F
:1024500043EA00409CE729462846BDE8F087CEF1D4
:10246000200106FA0EF307FA0EF720FA01F94FEAF7
:102470001748CE4049EA0309B6FBF8FA4FEA194477
:1024800008FB1A661FFA87FC44EA06430AFB0CF2B3
:102490009A4200FA0EF40AD9DB190AF1FF3180F0F2
:1024A00087809A4240F28480AAF1020A3B449B1A38
:1024B0001FFA89F9B3FBF8F108FB113349EA03432A
:1024C00001FB0CF69E4207D9DB1901F1FF326BD2FA
:1024D0009E4269D902393B449B1B41EA0A418EE77F
:1024E000C1F1200E22FA0EF48B40234320FA0EF79E
:1024F00006FA01F44FEA134C26FA0EF63C43B6FBFB
:10250000FCF9270C0CFB19661FFA83F847EA06460C
:1025100009FB08F7B74202FA01F200FA01FA08D9FA
:10252000F61809F1FF3041D2B7423FD9A9F10209AB
:102530001E44F61BA0B2B6FBFCF40CFB146640EA8A
:10254000064704FB08F8B84507D9FF1804F1FF3027
:1025500028D2B84526D9023C1F4444EA0940C8EBBA
:102560000707A0FB02894F4544464E4614D329D0A5
:1025700065B3BAEB040367EB060707FA0EFECB4020
:10258000CF404EEA030385E888000021BDE8F087CC
:102590001346F8E61046E0E6B8EB020469EB0306E2
:1025A0000138E5E70446D8E7114695E78146C0E7DC
:1025B0008A467CE7023B3C4448E708460AE7023883
:1025C0003E442FE7C245E7D33E46D1E72946BDE862
:1025D000F08700BF704700BF024B0A4601461868EB
:1025E00000F002B89C61002010B502FB01F100F080
:1025F000D9F80446D8B150F8042C22F00302043A6A
:10260000242A18D8132A14D900231B2A03604360F4
:1026100016D9242A8360C36011BF00F11002036140
:10262000436100F118020023136053609360204659
:1026300010BD0246F7E7002100F018FC204610BD4F
:1026400000F10802EFE700BF13460A4601460220E8
:1026500004F0CEBB0023B7EEC00A05F0F1BA00BF0C
:10266000014B1868704700BF9C61002070B50F4E89
:102670000F4D761BB61018BF002405D0013455F855
:10268000043B9847A642F9D10A4E0B4D761B06F043
:1026900031FEB61018BF002406D0013455F8043BB3
:1026A0009847A642F9D170BD70BD00BFD82C02601A
:1026B000D82C0260E82C0260D82C026010B50446C9
:1026C00000F056F82044407800F0070010BD00BF2D
:1026D00010B5044600F04CF82044407800F00300A8
:1026E000A0F10200B0FA80F0400910BD10B5044618
:1026F00000F03EF82044407800F00300A0F1010013
:10270000B0FA80F0400910BD931E222B10D80A2A7F
:1027100010B506D000230C46194402F0FBFE2046FB
:1027200010BD0028F6DA2D230B7040420123F2E79A
:1027300000200870704700BFFFF7E6BF034A044B54
:102740001268506B002808BF184670479C61002033
:10275000205C0020044B054A1B685B6B002B08BF04
:10276000134693F8280170479C610020205C0020EC
:1027700008B5034B1868FFF7E1FFD0F8EC0008BD7F
:102780009C610020024B0146186800F00BB800BFA6
:102790009C610020024B0146186805F049BC00BF4F
:1027A0009C6100202DE9F04F01F10B05162D83B03F
:1027B000064640F29F8035F0070500F1BF80A94230
:1027C00000F2BC8000F0A0FBB5F5FC7FC0F09C825D
:1027D0006B0A00F0BA80042B00F28381A80900F193
:1027E000390E4FEA4E033830C44F07EB8303A3F191
:1027F00008015C68A14207D1ACE0002A80F2AC80FD
:10280000E468A14200F0A680636823F003035A1B2A
:102810000F2AF2DDB9493C6901F1080E744500F058
:10282000B381636823F003035A1B0F2A00F39981D5
:10283000002AC1F814E0C1F810E080F29E80B3F5E0
:10284000007F80F06781DB0803F1010C01229B10FF
:1028500002FA03F34A6851F83C80C4F8088001EB9F
:10286000CC091A43A9F10803E3604A6041F83C40EF
:10287000C8F80C40831001249C40944200F28A80E6
:10288000144206D120F003006400144200F1040059
:10289000FAD007EBC009CC468046DCF80C108C451A
:1028A00007D173E1002A80F28181C9688C4500F06C
:1028B0006D814B6823F003035A1B0F2AF2DD0C468F
:1028C000D1F80CC054F8088F4B1945F001054D6044
:1028D00042F00101C8F80CC03046CCF808807B619A
:1028E0003B61C3F80CE0C3F808E059609A5000F06F
:1028F0000DFB1FE0102921D800F006FB1025062350
:1029000002207E4F07EB8303A3F108025C68944228
:1029100000F045816368E168A56823F00303234460
:1029200030465A68E96042F001028D605A6000F05A
:10293000EDFA0834204603B0BDE8F08F00240C23E4
:102940002046336003B0BDE8F08F80234FF0400E87
:102950003F2049E770465DE72344E1685A68A5686F
:1029600042F00102E96030468D605A6000F0CEFA14
:102970000834204603B0BDE8F08F234430465A683F
:1029800042F001025A6000F0C1FA0834204603B058
:10299000BDE8F08FBC68636823F00308A84504D342
:1029A000C5EB08030F2B00F38C80554BDFF86091CB
:1029B0001A68D9F8003001332A4404EB080A00F001
:1029C000608102F580520F3222F47F6222F00F0202
:1029D00011463046019200F00DFDB0F1FF3F8346F5
:1029E000019A00F05881824500F2FC80454B19683D
:1029F000DA451144196000F05381D9F80000DFF87E
:102A000010E101301BBFCAEB0B0A5144CEF800B0F5
:102A100019601BF0070100F01781C1F10800C1F532
:102A20008051834408315A44C2F30B02C2EB0109BE
:102A300049463046019300F0DDFC431C019B00F049
:102A40003F81CBEB00024A4442F001021968C7F80B
:102A500008B04944BC42CBF804201960DFF8A490C8
:102A600016D0B8F10F0F40F2FD806268A8F10C0398
:102A700023F00703E01802F001024FF0050E1A439D
:102A80000F2B6260C0F804E0C0F808E000F21C817F
:102A90001D4BBC681A68914288BF19601B4B1A68AD
:102AA0009142626888BF196022F003029542A2EB4E
:102AB000050301D80F2B04DC304600F027FA002470
:102AC00038E7621943F0010345F0010565603046BF
:102AD000BA60536000F01AFA0834204603B0BDE82B
:102AE000F08F142B71D9542B00F2A480280B00F125
:102AF0006F0E4FEA4E036E3076E600BF8C5D00200D
:102B000024A60020F4A500201CA6002020A600205A
:102B1000946100205A0A042A5ED9142A00F2B38074
:102B200002F15C0149005B3207EB810C57F8211080
:102B3000DFF8DC81ACF1080C8C4500F088804A6835
:102B400022F00302934202D289688C45F7D1D1F872
:102B50000CC07A68C4F80CC0A160CCF80840CC6006
:102B600088E6631942F0010745F0010565603046CB
:102B70004B610B61C3F80CE0C3F808E05F609A504A
:102B8000083400F0C3F9D5E64A6873E608F1010895
:102B900018F0030F0CF1080C7FF47FAE30E0DC6816
:102BA000A34208BF02303FF435AEB3E60B440C46F7
:102BB0005A68C96854F8085F42F001025A6030460A
:102BC000E9608D6000F0A2F9B4E603F15C0E03F158
:102BD0005B004FEA4E0307E69A0902F1390149000A
:102BE0003832A1E7BC424A4B3FF400AF9C686268B0
:102BF00022F003025AE759F80839994540F08280DB
:102C000010F0030F00F1FF30F5D17B6823EA0403D5
:102C10007B6064009C423FF6BDAE002C3FF4BAAE30
:102C20001C4240467FF435AE64001C4200F10400B3
:102C3000FAD02EE6B3F5AA7F18D8E80B00F1780E8B
:102C40004FEA4E037730CFE54FF48051EBE6012198
:102C5000D8F80430921001FA02F21A43C8F804209E
:102C6000614677E70123CBF8043025E740F2545260
:102C7000934220D8A80C00F17D0E4FEA4E037C3021
:102C8000B2E51032A4E6542A26D81A0B02F16F01DD
:102C900049006E3248E7BC68626822F0030205E72B
:102CA000CAF30B0000287FF4A8AE4244BB6842F090
:102CB00001025A60ECE6FE234FF07F0E7E2093E582
:102CC00001224FF00009C1E604F10801304605F089
:102CD000AFF9D9F80010DBE6B2F5AA7F05D8DA0B18
:102CE00002F17801490077321EE740F254518A42DE
:102CF00005D89A0C02F17D0149007C3214E7FE21CF
:102D00007E2211E77B6884E7E808431C5B00F8E556
:102D10008C5D002082B049B15AB16BB113780B6061
:102D20001278101C18BF012002B0704701A9002AB8
:102D3000F3D1104602B070476FF00100F4E700BF16
:102D4000032A70B426D940EA01039B0711D0047806
:102D50000D78AC4222D10244431C05E013F8014B2C
:102D600011F8015FAC4219D19342F7D1002070BC39
:102D700070470C4603461E682568AE421846214639
:102D800003F1040304F10404E1D1043A032A1846D0
:102D90002146F0D8002ADAD11046E8E7601B70BC63
:102DA000704700BF8842F0B50DD98B1898420AD2FF
:102DB0008118002A51D09A1A13F8014D01F8014DDB
:102DC0009342F9D1F0BD0F2A48D941EA00039B078D
:102DD00046D100F1100401F11003154653F8106CB0
:102DE00044F8106C53F80C6C44F80C6C53F8086CF5
:102DF00044F8086C103D53F8046C44F8046C0F2D33
:102E000003F1100304F11004E8D8A2F1100323F039
:102E10000F0302F00F0E1033BEF1030F19440344E9
:102E200021D91E1F0D467446043C55F8047B46F814
:102E3000047F032CF8D8AEF1040424F00304043416
:102E40002344214402F0030262B1013B0A4411F819
:102E5000014B03F8014F8A42F9D1F0BD0346F3E775
:102E60000346F2E7F0BD7246EEE700BF70B4840798
:102E700046D0541E002A41D0CDB2034602E0621E65
:102E8000E4B3144603F8015B9A07F8D1032C2ED95A
:102E9000CDB245EA05250F2C45EA054519D903F1C0
:102EA00010022646103E0F2E42F8105C42F80C5CD1
:102EB00042F8085C42F8045C02F11002F2D8A4F176
:102EC000100222F00F0204F00F041032032C1344FE
:102ED0000DD91E462246043A032A46F8045BFAD866
:102EE000221F22F003020432134404F003042CB125
:102EF000C9B21C4403F8011BA342FBD170BC70474C
:102F000014460346C2E700BF704700BF704700BFCA
:102F10000FB400B5074983B004AB086853F8042B1D
:102F20008168019302F06AFB03B05DF804EB04B022
:102F3000704700BF9C610020034B1B6801469A68E4
:102F4000184605F0F1BE00BF9C610020F0B50546B3
:102F500089B008460C4600F015FDAB6B144F049485
:102F60000126441C04A9022203940590AC6806972C
:102F7000079601910292B3B1B4F90C309A0406D4C9
:102F8000626E43F4005322F40052A381626621462C
:102F9000284601AA05F034F9002814BF4FF0FF308D
:102FA0000A2009B0F0BD284604F0EAFFE4E700BFBC
:102FB000B0270020024B01461868FFF7C7BF00BFCB
:102FC0009C61002010B40C4B0C4C19680C4AD1F8D1
:102FD000A830D1F8AC0004FB03F402FB0040A3FBD3
:102FE00002230344013243F10003C1E92A2323F001
:102FF00000405DF8044B70479C6100202DF451584F
:103000002D7F954C024B0A460146186800F002B825
:103010009C6100202DE9F04F174683B0002900F095
:10302000C1800E46814607F10B05FFF76DFF56F88C
:1030300004EC162D2EF00304A6F1080840D8102247
:103040001546AF4241D8944275DAC94B996808EBEE
:1030500004008842416800F0D98021F00103034454
:103060005B68DB077DD51EF0010F35D03946484639
:10307000FFF798FB0746E0B156F8043C23F0010344
:103080004344A0F108029A4200F04481221F242AFE
:1030900000F23181132A00F204810346324611689E
:1030A00019605168596092689A603146484604F048
:1030B000BFFF4846FFF72AFF384603B0BDE8F08F50
:1030C00025F00705002D2A46BBDA0C230020C9F89D
:1030D000003003B0BDE8F08F56F8083CC3EB080A97
:1030E000DAF8043023F0030C04EB0C039342BDDB4D
:1030F0005746DAF80C1057F8080F221F242AC1602F
:10310000886000F21781132A40F212813168CAF8F0
:1031100008107168CAF80C101B2A00F22B810836BF
:103120000AF110023168116071685160B1689160F4
:103130003E461C46D046631B0F2B1DD8D8F80430E2
:1031400003F0010323434444C8F80430636843F0A8
:10315000010363604846FFF7D9FE304603B0BDE87F
:10316000F08F21F003012144914221DBC368826882
:103170000C46D3609A60DEE7D8F8042008EB05011E
:1031800002F00102154343F001020B44C8F8045059
:103190004A605A6842F0010208315A60484604F019
:1031A00047FFD7E7114603B0BDE8F04FFFF7FABA83
:1031B0001EF0010F7FF45AAF56F8083CC3EB080A23
:1031C000DAF8043023F0030C01EB0C0E96458BDB90
:1031D000C36882685746D3609A6057F8081FDAF8C8
:1031E0000C30CB60221F242A996000F29980132AA8
:1031F00062D93368CAF808307368CAF80C301B2AE1
:1032000000F2A08008360AF1100356E021F0030B0B
:10321000A34405F11000834559DA1EF0010F7FF435
:1032200025AF56F8081CC1EB080ADAF8041021F0A3
:10323000030CE34458453FF757AF5746DAF80C10F4
:1032400057F8080F221F242AC160886000F2B4805A
:10325000132A40F2A5803168CAF808107168CAF8CC
:103260000C101B2A00F2AF8008360AF110023168F8
:10327000116071685160B16891600AEB0501C5EB9E
:103280000B0242F0010299604A60DAF8043003F060
:1032900001031D434846CAF80450FFF737FE38467D
:1032A0005CE733680360736843601B2A27D800F12A
:1032B000080306F10802F2E63B4632681A607268BB
:1032C0005A60B2689A603E467446D04633E708EBCF
:1032D0000501C5EB0B0B4BF0010299604A6056F8F3
:1032E000043C03F001031D43484646F8045CFFF725
:1032F0000DFE304632E73146FFF754FDD5E6B368A0
:103300008360F368C360242A28D000F1100306F11B
:103310001002C4E650F8043C23F003031C440AE7FF
:10332000314638467446D046FFF73CFD3E4602E73C
:103330003A46F7E6314638461C46D046FFF732FD9E
:103340003E46F8E6B368CAF81030F368CAF814309D
:10335000242A1BD010360AF11803AEE73369036143
:103360007369436106F1180200F1180397E600BF84
:103370008C5D0020B168CAF81010F168CAF814100A
:10338000242A0FD010360AF11802CBE63369CAF8A6
:1033900018307369CAF81C3018360AF120038CE71C
:1033A0003A4664E73269CAF818207269CAF81C20E4
:1033B00018360AF12002B5E6314638460193FFF788
:1033C000F1FC019B59E7B168CAF81010F168CAF81E
:1033D0001410242A03D010360AF1180247E7326984
:1033E000CAF818207269CAF81C2018360AF120029F
:1033F0003DE700BF38B5074C00230546084623606B
:10340000FCF7A6FA431C00D038BD2368002BFBD084
:103410002B6038BDCCB400200CB4F0B5244B00298F
:103420009DB01D683EDB4FF402730C46029006907F
:10343000ADF8143023AE17D04C1E229A04943346B4
:103440004FF6FF7702A9284607940196ADF816704B
:1034500000F0A8FD421C1BDB029B00221A701DB06D
:10346000BDE8F04002B0704733464FF6FF77229A2E
:10347000049402A9284607940196ADF8167000F04E
:1034800091FD431C07DB1DB0BDE8F04002B0704762
:103490008B232B60E0E78B232B601DB0BDE8F04051
:1034A00002B070478B232B604FF0FF30EBE700BF7B
:1034B0009C61002041EA00039B0710B414D10B6803
:1034C000A3F1013222EA030212F0803F0CD10C1D5D
:1034D00040F8043B214654F8043BA3F1013222EAB0
:1034E000030212F0803FF3D0034611F8012B184677
:1034F00003F8012B002AF8D15DF8044B704700BF98
:1035000070B411F0FF0434D085070FD00378002B7E
:103510005AD09C422BD0431C05E013F8012B002A03
:103520004FD0944223D09A071846F6D10E0206F4E3
:103530007F462643036846EA064601E050F8043F0A
:1035400086EA0305A5F10132A3F1013122EA050261
:1035500021EA0303134313F0803FEFD0037823B92C
:1035600032E010F8013F002B2ED09C42F9D170BC04
:10357000704784070BD00378002BF8D0431C03E07E
:1035800002780133002AF2D099071846F8D1026870
:10359000A2F1013323EA020313F0803F08D150F86F
:1035A000042FA2F1013323EA020313F0803FF6D087
:1035B0000378002BDBD010F8013F002BFBD170BC4F
:1035C0007047104670BC7047184670BC704700BF0B
:1035D00000000000000000000000000000000000EB
:1035E00000000000A2EB0300704700BF02780B78D8
:1035F000012A28BF9A42F5D16DE9044540EA010449
:10360000CDE902676FF0000C4FEA447212B380EA12
:10361000010414F0070F6AD100F0070420F007003E
:1036200004F0030521F007014FEAC505F0E8042383
:1036300014F0040FF1E804670CFA05F462EA0402DE
:1036400066EA04060AD063EA0403624667EA0407EE
:10365000664603E0F0E80423F1E8046782FA4CF5DB
:1036600082EA0604A4FA8CF46CBB83FA4CF583EA74
:103670000705A5FA8CF595B950E9022351E90267CF
:1036800082FA4CF582EA0604A4FA8CF483FA4CF52B
:1036900083EA0705A5FA8CF52543DBD09CB92DBA42
:1036A000B5FA85F424F0070427FA04F1DDE902678E
:1036B00023FA04F303F0FF0001F0FF01FDE80445E5
:1036C000A0EB0100704724BAB4FA84F424F0070494
:1036D00026FA04F1DDE9026722FA04F202F0FF00A3
:1036E00001F0FF01FDE80445A0EB0100704714F074
:1036F000030F3CD110F0030428D150F8082B51F8E7
:10370000083B82FA4CF582EA0305A5FA8CF55DB90F
:1037100050F8042C51F8043C82FA4CF582EA030577
:10372000A5FA8CF5002DE8D02DBAB5FA85F424F071
:10373000070423FA04F122FA04F202F0FF0001F078
:10374000FF01FDE80445A0EB010070474FEAC40407
:1037500020F0030050F8082B21F0030151F8083B3A
:103760000CFA04F462EA040263EA0403C9E710F005
:1037700003041AD0A1EB040120F00300E40750F881
:10378000042B06D00FD28B785FFAA2F4E41A06D18C
:103790002BB1CB785FFAB2F4E41A00D11BB9204602
:1037A0005DF8104B704701F1040150F8042BCC0771
:1037B00021F0030151F8043B48D824D222F07F4481
:1037C00082FA4CF594EA1325A5FA8CF50AD165B96D
:1037D00051F8043B84EA0204B4EB036F0ED150F8B5
:1037E000042BEBE74FEA132355E035F07F454DD12D
:1037F0000878FDE80445C0F1000070474FEA126206
:1038000003F0FF0347E002EA1C4482FA4CF594EA15
:103810001345A5FA8CF50AD165B951F8043B84EA41
:103820000204B4EB034F0CD150F8042BEBE74FEA42
:10383000134330E015EA1C4528D10B884FEA1242A9
:1038400029E04FEA124203EA1C4324E002F0FF049D
:1038500082FA4CF594EA1365A5FA8CF50AD165B99C
:1038600051F8043B84EA0204B4EB032F09D150F869
:10387000042BEBE74FEA13630DE015F0FF0F05D1C2
:103880000B684FEA122223F07F4304E04FF0000060
:10389000FDE80445704712BA1BBA82FA4CF482EA7A
:1038A0000304A4FA8CF5B5FA85F402FA04F203FADB
:1038B00004F34FEA1260FDE80445A0EB1360704783
:1038C00080EA0102844612F0030F4FD111F0030F7A
:1038D00032D14DF8044D11F0040F51F8043B0BD0D8
:1038E000A3F101329A4312F0803F04BF4CF8043B2D
:1038F00051F8043B16D100BF51F8044BA3F101323B
:103900009A4312F0803FA4F101320BD14CF8043BF2
:10391000A24312F0803F04BF51F8043B4CF8044B23
:10392000EAD023460CF8013B13F0FF0F4FEA332394
:10393000F8D15DF8044B704711F0010F06D011F873
:10394000012B0CF8012B002A08BF704711F0020F61
:10395000BFD031F8022B12F0FF0F16BF2CF8022B4C
:103960008CF8002012F47F4FB3D1704711F8012B6F
:103970000CF8012B002AF9D1704700BF00000000AD
:103980000000000090F800F06DE9024520F007010A
:103990006FF0000C10F0070491F820F040F049801F
:1039A0004FF000046FF00700D1E9002391F840F0D8
:1039B00000F1080082FA4CF2A4FA8CF283FA4CF37C
:1039C000A2FA8CF34BBBD1E9022382FA4CF200F14C
:1039D0000800A4FA8CF283FA4CF3A2FA8CF3E3B950
:1039E000D1E9042382FA4CF200F10800A4FA8CF227
:1039F00083FA4CF3A2FA8CF37BB9D1E9062301F1E7
:103A0000200182FA4CF200F10800A4FA8CF283FA49
:103A10004CF3A2FA8CF3002BC6D0002A04BF04306A
:103A20001A4612BAB2FA82F2FDE8024500EBD20061
:103A30007047D1E9002304F00305C4F100004FEA08
:103A4000C50514F0040F91F840F00CFA05F562EA90
:103A500005021CBF63EA050362464FF00004A9E7B4
:103A600040EA01039B0770B42BD1032A29D90C46E5
:103A70000346214654F8046BA6F1013525EA0605F4
:103A800015F0803F06D1043A032A43F8046B21461F
:103A9000EFD8A2B10C781C70013A013301313CB16E
:103AA0006AB111F8014B03F8014B013A002CF7D130
:103AB0002AB11A44002103F8011B9A42FBD170BCC1
:103AC00070470346E5E700BF2DE9F0414FF0010ED6
:103AD000744600254FF0FF362B198B4200EB06078A
:103AE0000DD23F5D10F803C0BC452DD21D46012408
:103AF000C6EB030E2B198B4200EB0607F1D34FF0F8
:103B00000108C2F800E0444600254FF0FF372B19AA
:103B1000994200EB070E0ED91EF804E010F803C01E
:103B2000F44518D91D460124C7EB03082B19994207
:103B300000EB070EF0D80137701C874224BFC2F893
:103B400000803846BDE8F0810CD04FF0010E2E46C3
:103B500074467544C0E70CD04FF001082F46444628
:103B60004544D4E7744509BFA64601341D460124E7
:103B7000B2E7444509BFA04601341D460124C6E70B
:103B80002DE9F04FADF2144D164605468B46104612
:103B9000194603AA1C46FFF797FF03AB81460DF2B7
:103BA0000C4243F8044F9342FBD14CB1631E3246A2
:103BB00004A812F8011B40F8213013F1FF33F8D2AA
:103BC00003994A4631443046FFF7BAF8002871D1CC
:103BD00009F1FF330093F318824601932346804690
:103BE000544658469A4608EB0A073A1A00212844D8
:103BF00004F038FD002858D1002F56D0EB1904AA44
:103C000013F8013C52F823304BB124B1039A93428C
:103C100001D2C2EB0A03984400243846E3E74C453E
:103C200023460AF1FF3E38BF4B46734513D208EBDB
:103C3000030216F803C0A85C84452A4406EB03017E
:103C400006D02EE011F801CF12F8010F844528D1DB
:103C500001337345F6D34C45009980F08B80009B6F
:103C6000019808EB03020378A85C83422A4440F0E1
:103C70008180019B06EB040B06E013F801ED12F8BE
:103C8000010D864504D161469B4501F1FF3CF4D10D
:103C900001348C4270D8039C3846A044C4EB0A041B
:103CA000A1E7C9F101029044B5E700200DF2144DDF
:103CB000BDE8F08FC9EB04034B4538BF4B460133D9
:103CC00009F1FF38039306EB080358464FF0000A4A
:103CD000CB4699460AEB04073A1A0021284404F01F
:103CE000C1FC0028E1D1002FDFD0EB1904AA13F8A2
:103CF000013C52F82330A3BB611E8B4515D20AEB61
:103D00000B0216F80B3015F802E09E452A4406EB2C
:103D10000B005B4606D027E010F801CF12F801EF48
:103D2000F44521D101338B42F6D3B8F1FF3F11D0D6
:103D30000AEB080299F80010AB5C99422A440FD1B3
:103D40004B4605E013F8010D12F8011D884207D11A
:103D5000B342F7D105EB0A000DF2144DBDE8F08F28
:103D6000039B9A443846B5E7CBF1010292449A444A
:103D70003846AFE749468BE705EB080096E700BFFA
:103D80000378002B00F004812DE9F04F91F80080BA
:103D900085B04446B8F1000F16D0864601F1010CFB
:103DA000012703E012F8014B6CB194469C4214BF0A
:103DB000002707F001071EF8013F6246002BF1D1F2
:103DC0009CF800300BBB17B105B0BDE8F08F0E4674
:103DD000054641460130C6EB0C04FFF791FB074650
:103DE00098B1012CF0D02819874294BFC7EB000B83
:103DF0004FF0010B1F2C0CD923463246594638464A
:103E0000FFF7BEFE05B0BDE8F08F002005B0BDE8AD
:103E1000F08F03AA21463046FFF756FE03998046ED
:103E2000024631443046FEF78BFF002858D108F196
:103E3000FF330193F3188146054600935846B24676
:103E40006619321A0021384404F00CFC0028DCD139
:103E5000002EDAD0C845434638BF4B469C4212D9A3
:103E60005A191AF80310B85C88423A440AEB030E58
:103E700006D02DE01EF8010F12F8011F884227D14D
:103E800001339C42F6D8019BC845194640F2838015
:103E9000EA1800980378B85C83423A447BD1009BCF
:103EA0000AEB090B06E013F801CD12F801EDF44519
:103EB00004D101465B4501F1FF30F4D109F101095C
:103EC000894557D8039B30461D44C3EB0409B7E727
:103ED000C8F1010215441D444FF000093046AFE718
:103EE000C8EB0403434538BF4346013308F1FF39AB
:103EF000039306EB090358460025BB469A4667190B
:103F00003A1A0021584404F0ADFB00287FF47DAF3D
:103F1000002F3FF47AAF444515D908EB050216F897
:103F200008301BF8020098425A4406EB0801434649
:103F300006D023E011F801EF12F8010F86451DD1DC
:103F400001339C42F6D8B9F1FF3F12D005EB0902CC
:103F50009AF800101BF8023099425A4414D1534683
:103F600005E013F8010D12F8011D88420CD1B3428F
:103F7000F7D15F46781905B0BDE8F08FC8F10102AE
:103F800015441D443846BAE7039B38461D44B6E73E
:103F90000B7813B97047414690E70020704700BF87
:103FA000000000002DE9F04F2DED068BB9B00C4656
:103FB000039192460993059004F0CEFA036810939A
:103FC0001846FFF7DFFCA3890F90190603D5236974
:103FD000002B01F07D8000239FEDA48B9FEDA59B1E
:103FE0000D931D931C931193069328AB1B93994635
:103FF0009AF800305446EBB1252B02D11AE0252B5C
:1040000003D014F8013F002BF9D1CAEB04058DB1A0
:104010001C9B1D9AC9F800A001332A44072BC9F83C
:1040200004501D921C9300F3A38009F10809069B1C
:104030002B4406932378002B00F0A38000231A461C
:104040008DF84F30194607939B464FF0FF38637841
:1040500004F1010A45460AF1010AA3F1200058289B
:1040600000F2F883DFE810F06303F603F6036B0356
:10407000F603F603F603F603F603F60370037E0376
:10408000F6035D00DF00F603FB000C010C010C01E0
:104090000C010C010C010C010C010C01F603F603E0
:1040A000F603F603F603F603F603F603F603F60348
:1040B0001C015E01F6035E01F603F603F603F60348
:1040C000A102F603F603A602F603F603F603F603CF
:1040D000F603D802F603F6030503F603F603F60328
:1040E000F603F603F603F603F603F603F6034303BB
:1040F00056035E015E015E015E035603F603F6039E
:10410000A403F603B103A2006200C303F603C803CD
:10411000F6038303F603F6038B03079809934042E3
:1041200007904BF0040B9AF8003094E7A8460998E2
:1041300000213023782288458DF8503004688DF8AE
:10414000512000F104074FF000058DF84F104BF09F
:104150000203C0F29C832BF0800343F0020B54EA6D
:104160000503099700F069830F460C924348AEE2BD
:104170001BAA0399059804F03DFE48B90DF1A0096A
:1041800055E71D9B23B1059803991BAA04F032FE45
:10419000039B9B8913F0400F069B18BF4FF0FF3322
:1041A000184639B0BDEC068BBDE8F08F0C93A846DD
:1041B000002A41F09A811BF0200300F00682099F3B
:1041C000073727F00703002703F10802B8450992D3
:1041D000D3E900458DF84F70C0F25E8654EA0503BE
:1041E0002BF0800B00F04B8328AEE20842EA4572C8
:1041F000E90804F007030D461446303354EA05027B
:1042000006F8013DF1D11BF0010F00F02782302BA1
:1042100000F024823022731E06F8012C28AAD21A3C
:1042200008921E461DE29AF800302A2B0AF101047A
:1042300001F02F81A3F13000092898BF002501F279
:10424000D58014F8013B05EB850500EB4505A3F18E
:1042500030000928F5D945EAE575A246FDE64BF0A0
:10426000800B9AF80030F6E6AFF300800000000003
:1042700000000000FFFFFFFFFFFFEF7FD44F002093
:10428000A3F1300000231C461AF8013B04EB840420
:1042900000EB4404A3F130000928F5D90794DCE6CB
:1042A0000C93A846002A41F02C814BF0100B1BF018
:1042B000200F00F00385099F073727F00707D7E98C
:1042C000002307F10801099114461D46002A73F1E5
:1042D0000003C0F23785B8F1000F9DF84F70C0F2AF
:1042E000B58154EA05032BF0800B00F0F683002D16
:1042F00008BF0A2CC0F0AE8128AE204629460A220B
:104300000023FDF7DDFF303206F8012D2046294657
:1043100000230A22FDF7D4FF04460D4654EA0503A4
:10432000EBD19BE10C93A846002A41F0E680099F5F
:104330001BF0080F07F1070700F0408627F007037E
:1043400093ED008B03F108020992B0EEC87BB4EE46
:10435000497BF1EE10FA40F3BC85B5EEC08BF1EE6F
:1043600010FA00F1CA879DF84F70A74EA74B0C9921
:1043700003224FF0000804922BF0800B4729D8BF8E
:104380001E460892CDF8388017B1049B0133049380
:104390001BF002030A9302D0049B023304931BF028
:1043A00084030B9340F08082079B049A9C1A002C94
:1043B00040F37A82102C1D991C9A954F23DD4846B4
:1043C0001025C146B046059E04E0103C102C00F1BB
:1043D000080015DD01321031072A1D911C9207607B
:1043E0004560F2DD1BAA0399304604F003FD002866
:1043F0007FF4CEAE103C102C1D991C9A28A8E9DC45
:104400004646C846814601326318072A1D931C920E
:10441000C9F80070C9F8044000F3E2839DF84F70BA
:1044200009F1080977B11C9A013201330DF14F00EF
:104430000121072A1D931C9289E8030000F35F8382
:1044400009F108090A9A6AB11C9A0132023314A8C8
:104450000221072A1D931C9289E8030000F35B8365
:1044600009F108090B9A802A00F07E82089AC2EBB3
:104470000804002C34DD102C1C9A664F23DD4946BD
:104480004FF01008B146059D039E04E0103C102C2F
:1044900001F1080115DD01321033072A1D931C922A
:1044A00081E88001F2DD1BAA3146284604F0A2FC17
:1044B00000287FF46DAE103C102C1D9B1C9A28A97F
:1044C000E9DC4E46894601322344072A1D931C929B
:1044D000C9F80070C9F8044000F3058309F1080920
:1044E0001BF4807F40F0E2811C9A0898C9F80060B4
:1044F00001320344072A1D93C9F804001C9200F3FB
:10450000C28209F108091BF0040F3ED0079A0499F2
:10451000541A002C39DD102C1C9A3D4F22DD102539
:10452000059EDDF80C8004E0103C102C09F1080910
:1045300018DD01321033072A1D931C92C9F8007050
:10454000C9F80450F0DD1BAA4146304604F052FC85
:1045500000287FF41DAE103C102C1D9B1C9A0DF101
:10456000A009E6DC01322344072A1D931C92C9F8F6
:104570000070C9F8044008DD1BAA0399059804F0EF
:1045800039FC00287FF404AE1D9B069A0799049815
:104590008142ACBF521812180692002B40F07F8265
:1045A00000231C930DF1A00922E54BF0080B9AF8AB
:1045B000003050E50C93A846002A40F09A874BF053
:1045C000100B1BF020037FF4FAAD1BF0100240F03B
:1045D00091831BF0400300F08D8309998DF84F20E3
:1045E0000B46B8F1000F03F104030C884FF00005EF
:1045F000C0F2AB8554EA05012BF0800B099300F063
:104600003E811746F0E500BFC84F0020C44F002090
:10461000D0090020945000200C93A846002A40F0B6
:1046200059874BF0100B1BF0200300F0E782099F25
:10463000073727F00703002703F10802B84509925E
:10464000D3E900458DF84F70BFF64BAE54EA050331
:104650007FF44DAE38AE303406F8414D28AB9B1B8D
:104660000893089B4345B8BF4346049300230E9329
:104670008AE60C93A846002A40F028871BF0200FFA
:10468000C24800F08680099F073727F00703D3E967
:10469000004503F1080209921BF0010700F0478270
:1046A00054EA050300F0A384002730239DF830204E
:1046B0008DF85030B8458DF851208DF84F704BF083
:1046C0000203C0F217862BF0800343F0020B28AEE2
:1046D000230904F00F0143EA05732A091C46154615
:1046E000435C06F8013D54EA0503F1D1B6E70999A8
:1046F0000C930A688DF8782000230A461F468DF82F
:104700004F30043201230493B8460E970992089360
:104710001EAE3DE60C93A846002A3FF4C8AD8DF8C6
:104720004F10C4E54BF0400B9AF8003093E49AF830
:10473000003000297FF48FAC012220218BE44BF064
:10474000010B9AF8003086E4099C23680793184609
:104750000028234603F10403FFF6DFAC09939AF81F
:10476000003078E49AF8003001222B2173E40C9396
:10477000A846002A3FF457AF8DF84F1053E70C932B
:10478000A846002A40F0AA861BF0200F80487FF43C
:104790007AAF099A1BF0100F134640F0C1821BF04C
:1047A000400F00F0BD82043314880993002573E79D
:1047B0009AF800306C2B03BF9AF801304BF0200BB5
:1047C0000AF1010A4BF0100B45E4002A40F06F8615
:1047D0001BF0200F00F06683099A06991368CD1725
:1047E0000846043229460992C3E9000100E44BF06F
:1047F000200B9AF800302EE4099A0C9316680024D6
:104800008DF84F40171D002E00F06585002DC0F279
:10481000A2842A462146304603F024FF002800F0F7
:10482000CC85831B0893A04623EAE373099704937E
:10483000CDF838809DF84F70A6E555480C92B8F138
:10484000000F40F0848147464FF00008CDF82080EB
:1048500028AE06E70C93002A40F02D860C9A002A19
:104860003FF48FAC002301211F4604918DF878207E
:104870008DF84F3098460E9308911EAE88E5B8F13A
:10488000000F00F08B85002700240025ACE4404891
:104890000C929B4654EA050309974FF000077FF4FA
:1048A00016AF0024002512E71D9BBBE50C9A652A74
:1048B00040F3A180B5EE408BF1EE10FA40F0498153
:1048C0001C9A3449C9F80010013201330121072A2A
:1048D0001D931C92C9F8041000F3928309F1080992
:1048E000159A0D998A4203DB1BF0010F3FF40BAEC2
:1048F0001C9A0F981099C9F8001001320344072A36
:104900001D93C9F804001C9200F3D68309F108092D
:104910000D9A541E002C7FF7F6AD102C1C9A1E4FDA
:1049200040F3DC811025059EDDF80C8005E009F1DF
:104930000809103C102C40F3D18101321033072AB2
:104940001D931C92C9F80070C9F80450EFDD1BAA32
:104950004146304604F04EFA00287FF419AC1D9B06
:104960001C9A0DF1A009E4E7079A0499541A002C47
:104970007FF77CAD102C1C9A074F2EDD4946102581
:10498000C1461846B046059E0DE000BF3415002014
:10499000D44F00205015002094500020103C102CC3
:1049A00001F1080115DD01321030072A1D901C921B
:1049B0000F604D60F2DD1BAA0399304604F01AFA2D
:1049C00000287FF4E5AB103C102C1D981C9A28A9F8
:1049D000E9DC46460346C846894601322344072A95
:1049E0001D931C92C9F80070C9F8044000F3468278
:1049F00009F108093AE50D9AC9F80060012A1C9AE4
:104A000003F1010302F101024FF001011D931C9219
:104A1000C9F8041040F31082072A00F3158209F147
:104A200008090F981099C9F8001001320344072AA9
:104A30001D931C92C9F8040000F3138209F10809C0
:104A4000B5EE408BF1EE10FA0D9900F0F5800139CA
:104A5000013201360B44072AC9F800601C921D93ED
:104A6000C9F8041000F31D8109F108091198C9F86B
:104A700004000132034417A9072A1D931C92C9F8A8
:104A800000107FF73EAD1BAA0399059804F0B2F918
:104A900000287FF47DAB1D9B0DF1A00933E51BAA17
:104AA0000399059804F0A6F900283FF479ADFFF7C3
:104AB0006FBB0999B8F1000F0C688DF84F3001F108
:104AC00004074FF00005C0F2718354EA050209970C
:104AD0002BF0800B1F467FF40AACB8F1000F3FF4B7
:104AE000B3AE0024B6E51BAA0399059804F082F939
:104AF00000287FF44DAB1D9B0DF1A009F0E41BAA2B
:104B00000399059804F076F900287FF441AB1D9BCA
:104B10000DF1A00996E41BAA0399059804F06AF91F
:104B200000287FF435AB1D9B0DF1A0099AE4B8F184
:104B3000000F8DF84F70C0F26F8254EA05032BF01E
:104B4000800B7FF4C4ADB8F1000F3FF47CAE0027BA
:104B5000A7E6159C002C40F361820E9A0D998A42BB
:104B6000A8BF0A46002A14460DDD1C9AC9F8006049
:104B700001322344072A1D93C9F804401C9200F314
:104B8000728309F108090E9A002CA8BF121B002A93
:104B9000144640F3F180102C1C9AC14F40F3198247
:104BA00049461025B146DDF81480039E04E0083123
:104BB000103C102C40F30B8201321033072A1D9356
:104BC0001C920F604D60F2DD1BAA3146404604F096
:104BD00011F900287FF4DCAA1D9B1C9A28A9E7E79D
:104BE0001BAA0399059804F005F900287FF4D0AAC0
:104BF0009DF84F701D9B0DF1A00913E41BF01002EE
:104C00007FF457AF1BF040033FF453AF09998DF881
:104C10004F200B46B8F1000F03F104030C884FF04E
:104C20000005C0F2948254EA05012BF0800B099331
:104C300017467FF45CAB50E74C1E002C7FF716AF95
:104C4000102C974F22DD1025059EDDF80C8004E026
:104C5000103C102C09F1080918DD01321033072A25
:104C60001D931C92C9F80070C9F80450F0DD1BAA0E
:104C70004146304604F0BEF800287FF489AA103C73
:104C8000102C1D9B1C9A0DF1A009E6DC0132234477
:104C9000072A1D931C92C9F80070C9F804407FF7D9
:104CA000E3AE1BAA0399059804F0A4F800287FF44A
:104CB0006FAA1D9B1C9A0DF1A009D7E61BF0100FDF
:104CC00033D11BF0400F30D00999B1F900400431C5
:104CD000E51722462B460991FFF7F8BA0132234423
:104CE000072A1D931C92C9F80070C9F804407FF789
:104CF00008ACC8E60999B8F1000F0C688DF84F3080
:104D000001F104074FF00005C0F2C58054EA050226
:104D10002BF0800B09973FF4B2AD1F46FFF764BA42
:104D20001C68043309930025B6E4099A14681346F5
:104D30000433E51722460993002A2B4673F100033A
:104D4000BFF6C9AA64424FF02D0765EB4505B8F1DF
:104D5000000F8DF84F70FFF6CAAA2BF0800BFFF7FB
:104D6000C6BA1BAA0399059804F044F800287FF4FA
:104D70000FAA1D9B0DF1A0090E99159A31440D46FD
:104D80000D998A4247DB1BF0010F44D10D98064470
:104D9000741B821A9442A8BF1446002C26460DDDCF
:104DA0001C99C9F800500131234407291D93C9F803
:104DB00004401C9100F3808209F10809002EACBF69
:104DC000941B1446002C7FF79EAB102C1C9A344F7A
:104DD00084DD1025059EDDF80C8005E009F1080949
:104DE000103C102C7FF77AAF01321033072A1D9345
:104DF0001C92C9F80070C9F80450EFDD1BAA4146A7
:104E0000304603F0F7FF00287FF4C2A91D9B1C9ACF
:104E10000DF1A009E4E71C990F9C1098C9F8000057
:104E20000131234407291D93C9F804401C9100F364
:104E3000268209F10809A9E71BF0010F7FF4ECAD08
:104E4000072A7FF711AE2CE71BAA0399059803F0F8
:104E5000D1FF00287FF49CA91D9B1C9A0DF1A0098D
:104E6000DFE51BAA0399059803F0C4FF00287FF42F
:104E70008FA91D9B1C9A0DF1A009E1E51BAA0399BE
:104E8000059803F0B7FF00287FF482A91D9B0DF160
:104E9000A009FFF7EBBA09970027FFF7A5B900BFF4
:104EA000945000201BF0100F0BD11BF0400F08D0C6
:104EB000099A136804320992BDF818201A80FFF786
:104EC00097B8099A136804320992069A1A60FFF794
:104ED0008FB8B4EE488BF1EE10FA80F19E820C9BF5
:104EE000B8F1FF3F23F0200500F02582472D00F0A8
:104EF00026814BF480730A9318EE903A002BC0F28F
:104F00001D82B0EE48AB00270C9B662B00F002829E
:104F1000462B00F0EC80B0EE4A0B452D0CBF08F19B
:104F20000104444619AA16AB01920093224615AB20
:104F30000221059802F042F80C9B672B064640F0D0
:104F40000E821BF0010F00F066823119B5EE40AB06
:104F5000F1EE10FA00F08581199B994206D93020B4
:104F60005A1C19921870199B9942F9D89B1B472D0E
:104F70000D9300F01F810C9B652B40F3FF810C9B70
:104F8000662B159B00F0FC810E930E9A0D998A42B8
:104F9000C0F2D8811BF0010F40F0348222EAE273A4
:104FA000089267220C92002F40F0F680B8460493D6
:104FB000DDF828B09DF84F70FFF7E6B927F0070736
:104FC00007F1080397ED008B0993FFF7BEB94E4632
:104FD000894601322344072A1D931C92C9F80070A8
:104FE000C9F804403FF7BDAE09F10809C4E600273F
:104FF000B8458DF84F70FFF654AC2BF0800B1EE4D3
:105000001BAA0399059803F0F5FE00287FF4C0A8B9
:105010001D9B0DF1A00963E4099F3BE41C9AB9496B
:10502000C9F80010013201330121072A1D931C9297
:10503000C9F8041076DC09F108092CB90D9A1AB9DF
:105040001BF0010F3FF45FAA1C9A0F981099C9F842
:10505000001001320344072A1D93C9F804001C9272
:1050600000F3B68109F108096442002C40F38780FF
:10507000102CA54F40F3128149461025B146DDF8AA
:105080001480039E04E00831103C102C40F304818E
:1050900001321033072A1D931C920F604D60F2DD20
:1050A0001BAA3146404603F0A5FE00287FF470A8F5
:1050B0001D9B1C9A28A9E7E71BAA0399059803F0F2
:1050C00099FE00287FF464A81D9B0DF1A0091FE440
:1050D00040210598FDF766FB039A106010610028D7
:1050E00000F0ED81039A40235361FEF774BF19AAC3
:1050F00016AB01920093424615AB0321B0EE4A0B6A
:10510000059801F05BFF444606460C9B462B06EBD8
:1051100004017FF41BAF3378302B00F08D81159C98
:10512000214413E71BAA0399059803F063FE0028A6
:105130007FF42EA8159C1D9B0DF1A0097DE7B8F109
:10514000000F08BF4FF00108D3E60993A4E60993C6
:105150001746FFF77BBA3046FEF714FCA04603461D
:105160000890FFF761BB1BAA0399059803F042FE64
:1051700000287FF40DA81D9B1C9A0DF1A0090D9825
:10518000C9F8006001320344072A1D931C92C9F834
:1051900004007FF7B6A976E42D270493DDF828B044
:1051A0008DF84F704FF00008FFF7EFB809971F46D2
:1051B000FFF74CBA159BDA1C02DB9845BFF6E4AE4C
:1051C0000C9A023A0C92013B002B9DF8302015936B
:1051D000B8BF5B428DF85C20B4BF2D222B22092B77
:1051E0008DF85D2040F306810DF16B000446474ABF
:1051F00082FB0321DA17C2EBA10202EB8201A3EBCF
:10520000410303F13001092A134604F8011DEEDCC5
:1052100021463033DAB201F8012D884240F2628132
:105220000DF15E01234601E013F8012B01F8012B7B
:105230009842F9D1431C1B1B0DF15E02134417AABF
:105240009B1A0D9A1193012A1344089340F3FF808F
:10525000089B0F9A1344002208930E9223EAE373EB
:10526000A1E60B4682E61BAA0399059803F0C2FD4E
:1052700000287EF48DAF1D9B0DF1A00983E41BAACD
:105280000399059803F0B6FD00287EF481AF159AC6
:105290001D9B0DF1A00979E54E4689460132234454
:1052A000072A1D931C92C9F80070C9F804403FF703
:1052B0005AAF09F1080962E71BAA0399059803F0A0
:1052C00099FD00287EF464AF159A0D991D9B8A1AEA
:1052D0000DF1A00972E5062D2B4628BF0623089381
:1052E00023EAE373B04609970E9637460493084EB7
:1052F000FFF74AB89B46FFF7EAB92D278DF84F70A4
:10530000FFF733B85015002094500020676666669A
:10531000E84F002019AA16AB01920093032115ABA8
:105320004246B0EE4A0B059801F048FE4446064658
:1053300000EB0801EFE64FF00608DAE5B1EE48AB06
:105340002D27E1E50F9A0D9B13440E9A0893002A2E
:1053500040F38680672223EAE3730C9223E60C9BDA
:10536000472B7FF4F2AD1BF0010F7FF4CEAE199BFB
:10537000472DA3EB06030D933FF41CAF159B22E7CB
:10538000002B1A460E9373DDB8F1000F4BD11BF0C2
:10539000010F48D123EAE373089204E61BF0010FE2
:1053A000474605D038AE302306F8413DFFF756B9E1
:1053B000CDF8208028AEFFF754B925EAE5730997A8
:1053C0000493089580460E909DF84F70FEF7DCBF61
:1053D0001BAA0399059803F00DFD00287EF4D8AEB2
:1053E000159C1D9B1C9A0DF1A0093DE6A2460025C7
:1053F000FEF733BE303330228DF85F308DF85E20FB
:1054000018AB1CE70F9A0E9B1344672208930C926B
:1054100023EAE373C7E5199BA8E53C4E3C4B9DF896
:105420004F70FEF7A4BF0E9B0F9A9D1805EB080363
:10543000089323EAE373B6E5B5EE40ABF1EE10FA5C
:105440003FF46DAEC4F10104159421447EE51BF0D8
:1054500001037FF4FDAE0E93089B23EAE373A2E5FC
:105460000E9B089AC3F101031A441346089271E790
:10547000B8F1000F02D11BF0010F07D00F9B5D1C8C
:1054800005EB0803089323EAE3738CE501230893F3
:1054900089E509989AF8013005680430002D0990D3
:1054A000A246BEF6D8AD4FF0FF35FEF7D4BD8DF85D
:1054B0004F10FFF78DB98DF84F10FFF7CFB9059A50
:1054C0000C2313604FF0FF30FEF76BBE8DF84F10CA
:1054D000FFF7D4B88DF84F10FFF7A3B88DF84F1031
:1054E000FFF752B90DF15E03A9E68DF84F10FEF7F4
:1054F00062BE8DF84F10FFF762B88DF84F10FEF7BF
:1055000016BF8DF84F10FEF7D0BE00BFD04F002061
:10551000CC4F0020F0B5DFF878E0164604460F4681
:10552000BEE80F008BB06D460FC5BEE80F000FC57B
:105530009EE80300B31E45F8040B222B297022D8E5
:105540007D1E2846002200E01A46B4FBF6F10AABA5
:1055500006FB114423440C4613F8283C00F8013F95
:10556000531C0029F0D1F954BB184AB1197815F829
:10557000010F29700134111B8C4203F80109F5DB7E
:1055800038460BB0F0BD002038700BB0F0BD00BF46
:10559000F04F0020FFF7BEBFF0B5ADF5057D04ADBF
:1055A00000930F4613464FF4007403AA2946039450
:1055B000064603F09FFC88B1044602463946039B29
:1055C000304601F09BFBAC42039004D030462146AC
:1055D00002F02EFD03980DF5057DF0BD4FF0FF3074
:1055E000F9E700BF10B4044C13460A460146206890
:1055F0005DF8044BFFF7D0BF9C6100202DE9F04F10
:105600002DED068BB9B01C468A4616460546059018
:1056100002F0A2FF036810931846FEF7B3F909944D
:105620000F901DB1AB6B002B00F02781BAF90C2055
:1056300093B29F040AD4DAF8641042F4005321F4C0
:105640000051AAF80C30CAF864109BB21D0740F153
:10565000DB80DAF81020002A00F0D68003F01A036D
:105660000A2B00F0DF8000239FEDA68B9FEDA79B08
:105670000D931D931C931193069328AB1B9399468E
:10568000B3469BF800305C46EBB1252B02D11AE003
:10569000252B03D014F8013F002BF9D1CBEB0405E7
:1056A0008DB11C9B1D9AC9F800B001332A44072B09
:1056B000C9F804501D921C9300F3C48009F1080935
:1056C000069B2B4406932378002B00F0C480002314
:1056D0001A468DF84F301946079303934FF0FF3861
:1056E000637804F1010B45460BF1010BA3F1200097
:1056F000582800F23A84DFE810F0F0033804380448
:10570000F9033804380438043804380438045C03D6
:105710002A0438045D000F0138042B016A036A0370
:105720006A036A036A036A036A036A036A03380442
:105730003804380438043804380438043804380489
:1057400038047A039703380497033804380438047C
:105750003804CC03380438043201380438043804DF
:10576000380438045B0138043804AE0238043804C5
:105770003804380438043804380438043804380449
:10578000EF020203970397039703390302033804D8
:105790003804400338044A03C40064000104380498
:1057A00009043804D30338043804DB030798099349
:1057B00040420790039B43F0040303939BF800309F
:1057C00092E70998A846002104688DF84F10071D3C
:1057D00003983023782288458DF850304FF000052B
:1057E0008DF8512040F00203C0F2DC8320F08003EA
:1057F00043F00203039354EA0503099700F0AD83D5
:105800000F460C92434857E25146059801F08CFA36
:10581000002840F0EB87BAF80C3003F01A030A2B8B
:105820007FF421AFBAF90E30002BFFF61CAF2346F0
:1058300032465146059801F01DFA39B0BDEC068B91
:10584000BDE8F08F1BAA5146059803F0BFFB48B98D
:105850000DF1A00934E71D9B23B105981BAA514601
:1058600003F0B4FBBAF80C30590600F1BF87069874
:1058700039B0BDEC068BBDE8F08F059802F080FBD7
:10588000D4E60C93A846002A41F0CC81039A12F08A
:10589000200371D0099F073727F00703002703F182
:1058A0000801B8450991D3E900458DF84F70C0F261
:1058B000168722F08003039354EA050300F06A83FD
:1058C00028AEE20842EA4572E90804F007030D46F3
:1058D0001446303354EA050206F8013DF1D1039A2B
:1058E000D40740F1A380302B00F0A0803022731E3B
:1058F00006F8012C28AAD21A08921E4699E000BF89
:10590000AFF300800000000000000000FFFFFFFF79
:10591000FFFFEF7FD44F00209BF800302A2B0BF1C4
:10592000010401F05881A3F13000092898BF002537
:1059300001F2FB8014F8013B05EB850500EB450502
:10594000A3F130000928F5D945EAE575A346CDE66F
:10595000039B43F0800303939BF80030C4E60C9351
:10596000A846002A41F07581039B43F0100303937E
:10597000039A12F020038DD1039911F0100200F068
:10598000838609988DF84F30B8F1000F046800F154
:1059900004074FF00005C0F2A1860A4622F08002FB
:1059A000039254EA0502099700F0F4821F4687E744
:1059B0000C93A846002A41F04481039B43F0100356
:1059C0000393039A12F0200300F0B584099F073770
:1059D00027F00703002703F10801B8450991D3E92F
:1059E00000458DF84F70C0F2DF8422F080030393EE
:1059F00054EA050300F0A981002D08BF0A2CC0F06D
:105A0000D78428AE204629460A220023FCF758FCFA
:105A1000303206F8012D2046294600230A22FCF7E1
:105A20004FFC04460D4654EA0503EBD128AB9B1B03
:105A30000893089B4345B8BF4346049300230E9345
:105A400017B1049B01330493039B13F002030A93E1
:105A500002D0049B02330493039B13F084030B9343
:105A600040F0AD82079B049A9C1A002C40F3A78259
:105A7000102C1D991C9ABA4F21DD4B461025B146BA
:105A8000059E04E0103C102C03F1080315DD0132E3
:105A90001031072A1D911C921F605D60F2DD1BAA68
:105AA0005146304603F092FA00287FF4DBAE103CFA
:105AB000102C1D991C9A28ABE9DC4E469946013200
:105AC0006318072A1D931C92C9F80070C9F8044096
:105AD00000F3F2839DF84F7009F1080977B11C9A21
:105AE000013201330DF14F000121072A1D931C9251
:105AF00089E8030000F36D8309F108090A9A6AB185
:105B00001C9A0132023314A80221072A1D931C9209
:105B100089E8030000F3698309F108090B9A802AD8
:105B200000F0AB82089AC2EB0804002C30DD102C88
:105B30001C9A8C4F1FDD4FF01008059D04E0103CAF
:105B4000102C09F1080916DD01321033072A1D93C4
:105B50001C9289E88001F2DD1BAA5146284603F019
:105B600035FA00287FF47EAE103C102C1D9B1C9A49
:105B70000DF1A009E8DC01322344072A1D931C9291
:105B8000C9F80070C9F8044000F3178309F1080947
:105B9000039AD00500F115821C9A0898C9F8006094
:105BA00001320344072A1D93C9F804001C9200F334
:105BB000EE8209F10809039A50073CD5079A049927
:105BC000541A002C37DD102C1C9A654F20DD10254F
:105BD000059E04E0103C102C09F1080918DD013283
:105BE0001033072A1D931C92C9F80070C9F804509D
:105BF000F0DD1BAA5146304603F0E8F900287FF497
:105C000031AE103C102C1D9B1C9A0DF1A009E6DC56
:105C100001322344072A1D931C92C9F80070C9F869
:105C2000044008DD1BAA5146059803F0CFF900286F
:105C30007FF418AE1D9B069A079904988142ACBF69
:105C4000521812180692002B40F0AD8200231C93CC
:105C50000DF1A00915E50C93A846002A40F0ED8748
:105C6000039B41489E0640F12D81099F073727F08D
:105C70000703D3E9004503F108020992039A12F0E1
:105C8000010700F0BE8254EA050300F046859DF846
:105C900030208DF851200027039A8DF84F70302363
:105CA000B8458DF8503042F00203C0F2EC8622F085
:105CB000800343F00203039328AE230904F00F018D
:105CC00043EA05732A091C461546435C06F8013D64
:105CD00054EA0503F1D1A9E609990C930A688DF8F5
:105CE000782000230A461F468DF84F3004320123E6
:105CF0000493B8460E97099208931EAEA4E60C933F
:105D0000A846002A40F0A187039B9C067BD5099FEB
:105D1000073727F00707D7E9002307F108010991A2
:105D200014461D46002A73F10003C0F20284B8F144
:105D3000000F9DF84F70C0F23783039B23F0800360
:105D4000039354EA05037FF457AEB8F1000F40F017
:105D5000D5834FF00008CDF8208028AE69E600BF5B
:105D6000E0090020A450002034150020039B43F0DC
:105D7000400303939BF80030B6E49BF800306C2B93
:105D800000F08485039840F010000390ACE4002AF2
:105D900040F04087039B9A0640F15D84099A06997A
:105DA0001368CD170846043229460992C3E9000159
:105DB00067E4099C2368079318460028234603F1EB
:105DC0000403FFF6F3AC09939BF800308CE4A3F1D5
:105DD000300000231C461BF8013B04EB840400EB5D
:105DE0004404A3F130000928F5D907947EE40C930C
:105DF000A846002A40F01D87039B43F0100303933D
:105E0000039B9C0683D4039BD80600F16382039B0B
:105E1000590640F15F820999B1F900400431E51754
:105E200022462B4609917DE70C93A846002A40F0B4
:105E30001887039B099F1A0707F1070740F102849F
:105E400027F0070393ED008B03F108020992B0EEEF
:105E5000C87BB4EE497BF1EE10FA40F37D83B5EEDA
:105E6000C08BF1EE10FA00F111869DF84F70A04E34
:105E7000A04B039921F0800103910C9903224FF06C
:105E8000000804924729D8BF1E460892CDF83880F2
:105E9000D6E5039B43F0080303939BF8003023E40B
:105EA0000C93A846002A3FF48CAD8DF84F1088E57E
:105EB0000C93A846002A40F0D086039B8E489E068D
:105EC0003FF5D3AE039BDD0640F10C84099A1346DF
:105ED0000433146809930025D0E69BF800300029AC
:105EE0007FF402AC01222021FFF7FEBB039B43F0AD
:105EF000010303939BF80030FFF7F6BB039B43F0CD
:105F0000200303939BF80030FFF7EEBB099A0C9334
:105F1000166800248DF84F40171D002E00F078857C
:105F2000002DC0F2CA842A462146304602F09AFB70
:105F3000002800F0CF85831B0893A04623EAE37373
:105F400009970493CDF838809DF84F7078E59BF859
:105F5000003001222B21FFF7C7BB67480C92B8F134
:105F6000000F40F05F814746F3E60C93002A40F0B3
:105F700055860C9A002A3FF46EAC002301211F467F
:105F800004918DF878208DF84F3098460E93089143
:105F90001EAE59E5B8F1000F00F0A78500270024D8
:105FA00000258DE4544803930C9254EA05030997A5
:105FB0004FF000077FF480AE002400257CE61D9B97
:105FC0008CE50C9A652A40F39D80B5EE408BF1EE8E
:105FD00010FA40F029811C9A4849C9F80010013292
:105FE00001330121072A1D931C92C9F8041000F304
:105FF0009F8309F10809159A0D998A4203DB039AD8
:10600000D1077FF5D8AD1C9A0F981099C9F80010E8
:1060100001320344072A1D93C9F804001C9200F3BF
:106020003F8409F108090D9A541E002C7FF7C3AD77
:10603000102C1C9A324F40F398811025059E05E0E4
:1060400009F10809103C102C40F38F810132103304
:10605000072A1D931C92C9F80070C9F80450EFDD9F
:106060001BAA5146304602F0B1FF00287FF4FAAB7C
:106070001D9B1C9A0DF1A009E4E7079A0499541A94
:10608000002C7FF74FAD102C1C9A1D4F21DD494687
:106090001025B146059E04E0103C102C01F10801CA
:1060A00015DD01321033072A1D931C920F604D60DD
:1060B000F2DD1BAA5146304602F088FF00287FF42B
:1060C000D1AB103C102C1D9B1C9A28A9E9DC4E4634
:1060D000894601322344072A1D931C92C9F8007097
:1060E000C9F8044000F3188209F108091AE500BF55
:1060F000C84F0020C44F0020D44F0020501500206E
:10610000A45000200D9A012A40F3C0811C9AC9F8BE
:106110000060013201330121072A1D931C92C9F846
:10612000041000F3D18109F108090F981099C9F8FA
:10613000001001320344072A1D931C92C9F8040081
:1061400000F3CF8109F10809B5EE408BF1EE10FAAA
:106150000D9900F0C8800139013201360B44072A3D
:106160001C921D93C9F80060C9F8041000F39F81C8
:1061700009F108091198C9F804000132034417A96C
:10618000072A1D931C92C9F800107FF712AD1BAAB5
:106190005146059802F01AFF00287FF463AB1D9B5F
:1061A0000DF1A00907E51BAA5146059802F00EFF64
:1061B00000283FF44BADFFF755BB1BAA514605988D
:1061C00002F004FF00287FF44DAB1D9B0DF1A009E8
:1061D000DEE41BAA5146059802F0F8FE00287FF481
:1061E00041AB1D9B0DF1A00988E41BAA51460598FF
:1061F00002F0ECFE00287FF435AB1D9B0DF1A009E9
:106200008CE4B8F1000F8DF84F70C0F2EC8222F0F0
:106210008003039354EA05037FF44EADB8F1000FF9
:106220003FF4A1AE0027C7E6159C002C40F38C82FA
:106230000E9A0D998A42A8BF0A46002A14460DDD1F
:106240001C9AC9F8006001322344072A1D93C9F83B
:1062500004401C9200F3658309F108090E9A002C92
:10626000A8BF121B002A144640F3B380102C1C9ABE
:10627000B84F40F344821025DDF8148005E009F1A1
:106280000809103C102C40F33A8201321033072ADF
:106290001D931C92C9F80070C9F80450EFDD1BAAC9
:1062A0005146404602F092FE00287FF4DBAA1D9B77
:1062B0001C9A0DF1A009E4E71BAA5146059802F0CB
:1062C00085FE00287FF4CEAA9DF84F701D9B0DF12E
:1062D000A00903E4099A146813460433E5170993E7
:1062E00022462B461EE54C1E002C7FF743AF102C98
:1062F000984F40F305811025059E05E009F1080936
:10630000103C102C40F3FC8001321033072A1D93FF
:106310001C92C9F80070C9F80450EFDD1BAA514661
:10632000304602F053FE00287FF49CAA1D9B1C9A65
:106330000DF1A009E4E7039911F0100221D00998AA
:106340008DF84F30B8F1000F046800F104074FF0EA
:10635000000527DB0A4622F08002039254EA050278
:1063600009971F467FF448ABEFE401322344072A24
:106370001D931C92C9F80070C9F804407FF719AC4E
:1063800005E7039911F0400340F03A8209998DF82E
:106390004F30B8F1000F0C6801F104074FF0000511
:1063A00080F2708109971F4654EA05037FF424ABFD
:1063B00038AE303406F8414DFFF738BB1BAA5146C2
:1063C000059802F003FE00287FF44CAA1D9B0DF1F6
:1063D000A0090E99159A31440D460D998A4244DB65
:1063E0000399CF0741D40D980644741B821A944236
:1063F000A8BF1446002C26460DDD1C99C9F8005094
:106400000131234407291D93C9F804401C9100F36E
:10641000178309F10809002EACBF941B1446002C09
:106420007FF7C9AB102C1C9A4A4F9EDD1025059EA4
:1064300004E009F10809103C102C96DD01321033FC
:10644000072A1D931C92C9F80070C9F80450F0DDAA
:106450001BAA5146304602F0B9FD00287FF402AA7B
:106460001D9B1C9A0DF1A009E5E71C990F9C109843
:10647000C9F800000131234407291D93C9F80440DD
:106480001C9100F3678209F10809ACE7039AD4076D
:106490003FF53CAE1C9AC9F800600132013301217E
:1064A000072A1D931C92C9F804107FF761AE1BAA3E
:1064B0005146059802F08AFD00287FF4D3A91D9B60
:1064C0001C9A0DF1A00955E61BAA5146059802F049
:1064D0007DFD00287FF4C6A91D9B1C9A0DF1A00923
:1064E00023E61BAA5146059802F070FD00287FF4B0
:1064F000B9A91D9B1C9A0DF1A00925E6002457E7B8
:1065000001322344072A1D931C92C9F80070C9F870
:1065100004407FF72DAECAE71BAA5146059802F04A
:1065200055FD00287FF49EA91D9B0DF1A009FFF7E2
:10653000F9BA64424FF02D0765EB4505B8F1000F3D
:106540008DF84F70FFF658AA039B23F08003039346
:10655000FFF752BAA4500020B4EE488BF1EE10FAC7
:1065600080F116830C9BB8F1FF3F23F0200500F06B
:106570008782472D00F08481039B43F480730A9344
:1065800018EE903A002BC0F28682B0EE48AB00279E
:106590000C9B662B00F06382462B00F05681B0EE18
:1065A0004A0B452D0CBF08F10104444619AA16AB4D
:1065B00001920093224615AB0221059800F0FEFCE3
:1065C0000C9B672B064640F09F82039BDA0740F145
:1065D000D4823119B5EE40ABF1EE10FA00F09F8194
:1065E000199B994206D930205A1C19921870199B90
:1065F0009942F9D89B1B472D0D9300F089810C9B84
:10660000652B40F390820C9B662B159B0E9300F03C
:1066100053820E9A0D998A42C0F24182039BD90798
:1066200000F1978222EAE273089267220C92002F0F
:1066300040F0648104930A9B0393B8469DF84F7021
:10664000FFF7FEB927F0070707F1080397ED008B66
:106650000993FFF7FCBB039BDB060BD4039B5F0690
:1066600008D5099A136804320992BDF818201A80D7
:10667000FFF707B8099A136804320992069A1A605C
:10668000FEF7FFBF039A66E6039911F0400317D0A7
:1066900009988DF84F200346B8F1000F03F1040369
:1066A00004884FF00005C0F2528221F0800103916E
:1066B00054EA050109933FF46DAC1746FFF700B9A2
:1066C00009998DF84F30B8F1000F0C6801F10407FB
:1066D0004FF0000502DB039AFFF760B90997002726
:1066E000FFF7EEB8039B099A13F0400F134600F032
:1066F00081800433148809930025FFF7BFBA013263
:106700002344072A1D931C92C9F80070C9F804405D
:106710003FF754AE09F108095BE60027B8458DF84C
:106720004F70FFF649AC039B23F08003039316E4FC
:106730001BAA5146059802F049FC00287FF492A854
:106740001D9B0DF1A00956E41C9AB949C9F8001027
:10675000013201330121072A1D931C92C9F804104C
:1067600066DC09F108092CB90D9A1AB9039AD20707
:106770007FF521AA1C9A0F981099C9F800100132D0
:106780000344072A1D93C9F804001C9200F3D18129
:1067900009F108096442002C40F3A380102CA54F96
:1067A00040F3CB801025DDF8148005E009F10809DD
:1067B000103C102C40F3C18001321033072A1D9386
:1067C0001C92C9F80070C9F80450EFDD1BAA5146AD
:1067D000404602F0FBFB00287FF444A81D9B1C9A56
:1067E0000DF1A009E4E7099FFFF7DFBB4FF0FF3091
:1067F000FFF73EB80433146809930025FFF73EBA4B
:1068000009988DF84F200346B8F1000F03F10403F7
:1068100004884FF00005C0F2A58121F080010391AA
:1068200054EA0501099317467FF4E6A8FFF78DBAED
:106830001BAA5146059802F0C9FB00287FF412A854
:10684000159C1D9B0DF1A0098DE719AA16AB0192AD
:106850000093424615AB0321B0EE4A0B059800F0B9
:10686000ADFB444606460C9B462B06EB04017FF429
:10687000B1AE3378302B00F09181159C2144A9E60C
:10688000B8F1000F08BF4FF0010875E6039B43F015
:10689000200303930BF1010B9BF80030FEF724BF9C
:1068A0001BAA5146059802F091FB00287EF4DAAF4E
:1068B0001D9B0DF1A009FFF7B6BB3046FDF762F84E
:1068C000A04603460890FFF739BB1BAA514605981E
:1068D00002F07CFB00287EF4C5AF1D9B1C9A0DF1D5
:1068E000A0090D98C9F8006001320344072A1D93DE
:1068F0001C92C9F804007FF75CA948E42D27049393
:106900000A9B03938DF84F704FF00008FFF799B87A
:10691000159BDD1C2BDB984529DB0E9379E60B4696
:1069200068E61BAA5146059802F050FB00287EF449
:1069300099AF1D9B0DF1A00990E401322344072A71
:106940001D931C92C9F80070C9F80440BDDC09F120
:106950000809C6E71BAA5146059802F037FB002834
:106960007EF480AF159A1D9B0DF1A0093BE50C9AB2
:10697000023A0C92013B002B9DF830201593B8BFD2
:106980005B428DF85C20B4BF2D222B22092B8DF8A1
:106990005D2040F3EA800DF16B000446264A82FB3D
:1069A0000321DA17C2EBA10202EB8201A3EB410340
:1069B00003F13001092A134604F8011DEEDC2146DB
:1069C0003033DAB201F8012D884240F22F810DF107
:1069D0005E01234601E013F8012B01F8012B9842D8
:1069E000F9D1431C1B1B0DF15E02134417AA9B1A1D
:1069F0000D9A1193012A1344089340F3DA80089BFF
:106A00000F9A1344002208930E9223EAE3730EE6D2
:106A1000062D2B4628BF0623089323EAE373B046CE
:106A200009970E9637460493044EFFF709B800BF46
:106A300050150020A450002067666666E84F0020CD
:106A40001BAA5146059802F0C1FA00287EF40AAF4D
:106A5000159A0D991D9B8A1A0DF1A009DBE419AA5C
:106A600016AB01920093032115AB4246B0EE4A0BE0
:106A7000059800F0A3FA4446064600EB0801F8E644
:106A80004FF0060878E50393FFF716B92D278DF828
:106A90004F70FFF7ECB9B1EE48AB2D2778E50F9AB0
:106AA0000D9B13440E9A0893002A40F38C806722B2
:106AB00023EAE3730C92BAE5002B40F39A80B8F115
:106AC000000F5CD1039AD40759D41A46089223EADE
:106AD000E373ACE525EAE5730997049308958046CE
:106AE0000E909DF84F70FEF7ABBF039BDB07474648
:106AF00005D538AE302306F8413DFEF797BFCDF8F7
:106B0000208028AEFEF795BF0C9B472B7FF461AD2C
:106B1000039BDB073FF5A7AE199B472DA3EB0603AD
:106B20000D933FF4F5AE159B24E7A3460025FEF731
:106B3000DDBD1BAA5146059802F048FA00287EF4F4
:106B400091AE159C1D9B1C9A0DF1A00922E609939C
:106B5000C5E50F9A0E9B1344672208930C9223EA13
:106B6000E37364E5099317461EE4303330228DF851
:106B70005F308DF85E2018AB38E7199B3AE50E9B25
:106B80000F9A9D1805EB0803089323EAE3734EE57B
:106B9000364E374B9DF84F70FFF76BB9B5EE40ABF3
:106BA000F1EE10FA3FF469AEC4F1010415942144EA
:106BB00010E5039B13F001037FF421AF0E93089BB4
:106BC00023EAE37333E50E9B089AC3F101031A44E9
:106BD000134608926BE709989BF80130056804306A
:106BE000002D0990A346BEF67FAD4FF0FF35FEF7AE
:106BF0007BBDB8F1000F02D1039BD80707D50F9BCF
:106C00005D1C05EB0803089323EAE3730FE50123FA
:106C100008930CE58DF84F10FFF7BCB88DF84F10B6
:106C2000FFF7A7B98DF84F10FEF730BE0DF15E03E8
:106C3000DCE68DF84F10FFF7DFB88DF84F10FFF747
:106C40000FB88DF84F10FEF7B8BE8DF84F10FFF754
:106C50005BB88DF84F10FEF787BE8DF84F10FFF729
:106C60002CB98DF84F10FFF7E4B800BFD04F0020CB
:106C7000CC4F0020F0B50C46ADF26C4D8989666EA4
:106C8000E589199621F00201666AADF80E500025DB
:106C9000E769ADF80C10099606951AAE4FF48065B9
:106CA0006946009604960295059507970646FEF7F5
:106CB000A5FC051E07DB3046694601F0CDF800282B
:106CC00018BF4FF0FF35BDF80C305B0603D5A38924
:106CD00043F04003A38128460DF26C4DF0BD00BF88
:106CE00021B1FF2A04D80A70012070470846704776
:106CF0008A2303604FF0FF30704700BF70B50D4628
:106D0000084C114606461A46284600232360F7F72A
:106D100091F8431C00D070BD2368002BFBD033607A
:106D200070BD00BFCCB4002038B5304B1B680546A1
:106D30000C4613B19A6B002A38D0B4F90C2093B2E8
:106D400018070CD52069A8B113F001021ED06369A1
:106D500000225B42A361A260F0B1002038BDD906D9
:106D60003CD5580726D4206942F00803A3819BB282
:106D70000028E9D103F42072B2F5007FE4D0284660
:106D8000214601F027FCA3892069DDE7990758BF58
:106D90006269A2600028E0D1B4F90C301A06DDD592
:106DA00043F04003A3814FF0FF3038BD184601F097
:106DB000E7F8C2E7216B51B104F14003994204D0D6
:106DC000284601F035F9B4F90C2000232363002391
:106DD0002069636022F024022060C5E742F040028F
:106DE00009232B604FF0FF30A28138BD9C61002049
:106DF0002DE9F047254C2568D5F8484106468846D8
:106E000092469946C4B360681F2817DC431C76B1CC
:106E100004EB80050122C5F888A0D4F888118240CF
:106E20001143022EC4F88811C5F808911ED0023013
:106E3000636044F820800020BDE8F087144B03B362
:106E40004FF4C870FBF79EFC0446D0B1D5F848312A
:106E5000002780E88800C5F8484138460123C4F877
:106E60008871C4F88C71002EE1D0D1E7D4F88C1170
:106E70000A43C4F88C21DAE705F5A674C5F8484141
:106E8000C1E74FF0FF30BDE8F08700BFCC0900201C
:106E9000812F010002690B69934200F38D802DE977
:106EA000F04F03F1FF3801F1140700F1140B57F80C
:106EB00028205BF828304FEA880483B00132B3FB06
:106EC000F2F90BEB0403009407EB040A0193B9F108
:106ED000000F39D00025BC46DE462B465CF8046B1B
:106EE000DEF80020B4B209FB0455360C2C0C09FB6B
:106EF0000644ADB25B1BA6B213FA82F3C6EB124690
:106F000006EB23469BB243EA0643E2454EF8043BB8
:106F10004FEA14454FEA2643E0D2009B5BF803306A
:106F200093B9019C231F9B450CD254F8043C4BB9E8
:106F3000A4F1080302E01A68043B1AB99B4508F162
:106F4000FF38F8D3C0F81080044601F0E3FD0028B4
:106F50002EDB09F101095D46002357F8041B286860
:106F60008AB29A1A090C12FA80F2C1EB104303EBB1
:106F7000224391B241EA0341BA4545F8041B4FEA66
:106F80002343EAD25BF828200BEB880382B91A1F4F
:106F900093450BD253F8042C42B9083B02E01A681F
:106FA000043B1AB99B4508F1FF38F8D3C4F81080A8
:106FB000484603B0BDE8F08F002070472DE9F04F40
:106FC00057EC106B93B0056C019104469046049306
:106FD00010EE10AABB464DB1426C6A60012393408B
:106FE000AB60294601F0B4FB00232364BBF1000F22
:106FF0005E4634DB1C9A00231360C44B1A463340B0
:10700000934215D04BEC17ABB5EE407BF1EE10FA86
:10701000CDE902AB2AD1049A012313601D9B002BFA
:1070200000F0B780BA481860013813B0BDE8F08F9F
:10703000049A42F20F731360BAF1000F00F09280CD
:10704000B4481D9B002BF0D0C378002B00F0A38028
:1070500000F108031D9A136013B0BDE8F08F1C9A6D
:1070600001232BF000461360B346C6E711A910AA0E
:107070009DED020B204601F0F9FD310D07907AD10C
:1070800010981199014401F23243202B40F34182C0
:10709000C3F1400301F212429E402AFA02F3334345
:1070A00007EE903AB8EE677B012553EC172B0139B8
:1070B000A3F1F8730A9543EC172BB7EE086B9FED1D
:1070C0008D4B37EE466B9FED8D7B9FED8E5BA6EE75
:1070D000047B06EE901AB8EEE66BA6EE057BFDEE9D
:1070E000C76BB5EEC07BF1EE10FACDED026A00F190
:1070F0001C81029D162D00F21581874B03EBC50301
:1071000093ED007B4BEC16ABB4EEC67BF1EE10FAC0
:1071100040F306826B1E029300230C93411AB1F1D7
:10712000010900F1178100230693029B002BC0F296
:10713000088199440B9300230593019B092B2CD8BC
:10714000052B40F35F85043B019300230E93019BC5
:10715000023B032B00F25F85DFE813F0A902E50193
:10716000B502C8036B4B6D4AC6F31300002814BF69
:107170001846104665E7DDE90223C3F3130040F02B
:107180007F530025A1F2FF3143F4401310980A9574
:1071900091E7634849E7C31C5CE70021616420462E
:1071A0008846019101F0AEFA4FF0FF3701230890B5
:1071B00020640D970993119B002B7ADB029A0E2A0B
:1071C00077DC554BB8F1000F03EBC20393ED004B96
:1071D000C0F28482B1EE442B4BEC17AB87EE046B0C
:1071E000BDEEC66B089A16EE103A012F03F130037C
:1071F000B8EEC65B02F1010B1370A2EE057B22D044
:10720000B2EE043B27EE037BB5EE407BF1EE10FAC5
:107210003AD0089A06E027EE037BB5EE407BF1EE0C
:1072200010FA31D087EE046BBDEEC66B16EE103A45
:1072300030330BF8013BC2EB0B03BB42B8EEC65B2D
:10724000A2EE057BE7D137EE077BB4EEC74BF1EE3C
:1072500010FA08D4B4EE474BF1EE10FA14D116EE42
:10726000103ADB0710D51BF8010C089A0BF1FF331D
:1072700004E09A4200F0E58313F8010D392803F188
:10728000010BF6D0013018700799204601F060FA22
:107290000022029B8BF80020049A013313601D9B8F
:1072A000002B00F066830898C3F800B013B0BDE867
:1072B000F08F099A002A53D0019A012A40F32E82B6
:1072C00005997A1E9142C0F257838B1A0E93002FB4
:1072D000069BC0F224840A933B46069A01211A4475
:1072E00020460692994401F0CBFA06463DE000BFE5
:1072F000AFF3008061436F63A787D23FB3C8608B51
:10730000288AC63FFB799F501344D33F0000F07F8B
:107310005115002024500020B802002018500020F1
:107320005015002001230C93F8E6B8EEE66BB4EE9E
:10733000467BF1EE10FA3FF4DCAE029B013B029378
:10734000D7E6069A029BD21A5B4205930023069267
:107350000B93F2E6C9F1000306934FF00009E4E64F
:10736000059B0E93099E069B0A930A990B4661B1F1
:10737000B9F1000F09DD4945069AA8BF4B46D21A5C
:107380000692CA1A0A92C3EB0909059B002B40F327
:107390008082099A002A00F09A810E9A002A00F051
:1073A00096813146204601F00DFB079A01460646BC
:1073B000204601F06FFA07990546204601F0C8F90A
:1073C000059B0E9A9B1A059340F08081012120466F
:1073D00001F056FA0B9B0590002B00F0AC810146A2
:1073E0001A46204601F0EEFA019B0590012B40F36E
:1073F000808200230793059A136902EB83031869BF
:1074000001F0F0F9C0F12000484410F01F0000F036
:107410009081C0F12003042B40F3F883C0F11C00DD
:10742000069B034406930A9B03440A938144069BEC
:10743000002B05DD29461A46204601F013FB0546C0
:10744000B9F1000F05DD4A460599204601F00AFB17
:1074500005900C9B002B40F00182002F40F320820E
:10746000099B002B40F07B81DDF820B0DDF814A0F3
:10747000D84602E001F076F9054651462846FFF766
:1074800009FD00F1300908F8019BCBEB0803BB4272
:107490004FF00A024FF0000329462046EADB089B22
:1074A000012FACBFDB1901339B464FF0000A294680
:1074B0000122204601F0D6FA0599079001F02AFB37
:1074C000002840F38C821BF8012C08990BF1FF3344
:1074D00004E08B4200F0038213F8012D392A03F1F6
:1074E000010BF6D001321A700599204601F030F9EF
:1074F000002E3FF4C9AEBAF1000F05D0B24503D05B
:107500005146204601F024F93146204601F020F989
:10751000BAE6C3F120030AFA03F307EE903AC1E595
:1075200000230C93FAE500230993029B43445F1C5C
:10753000002F0D9340F32D823E463D460021172E2D
:1075400061640AD9012204235B0003F11400B042F4
:10755000114602F10102F7D96164204601F0D2F828
:107560000E2D089020643FF626AE0E9B002B3FF4B4
:1075700022AE02990029CDE90EAB40F34182C64B01
:1075800001F00F0203EBC2020B11DE0692ED006B5D
:1075900040F1FB81C14A92ED087B4BEC14AB03F048
:1075A0000F03032184EE075B5BB1BC4ADD0704D502
:1075B00092ED007B013126EE076B5B1002F10802B1
:1075C000F4D185EE064B0C9B3BB1B7EE007BB4EEDD
:1075D000C74BF1EE10FA00F1B78207EE901AB8EE41
:1075E000E76BB1EE0C7BA6EE047B53EC172BA3F1FB
:1075F0005073002F00F0A681029E3946099800289A
:1076000000F04D82B6EE003BA348089D00EBC100A0
:1076100010ED026BBDEEC47B83EE065B17EE100A25
:1076200043EC162B3030C0B235EE465BB8EEC77B6C
:1076300034EE477BB4EEC75BF1EE10FA287005F12B
:10764000010B32DCB7EE003B33EE476BB4EEC65BAA
:10765000F1EE10FA00F3AE82012940F3CD81B2EED3
:10766000044B089B19440AE033EE476BB4EEC56B3C
:10767000F1EE10FA00F19E828B4500F0BD8127EEFD
:10768000047B25EE045BBDEEC76B16EE103A03F1EA
:107690003000C0B2B8EEC66B37EE467BB4EEC57BA9
:1076A000F1EE10FA0BF8010BDED50296ECE50023A3
:1076B0000993B8F1000F40F3708146464546CDF876
:1076C000348047463AE701230993F2E70795059A84
:1076D0000799204601F076F9054677E6002F3FF737
:1076E00079AD40F04281B1EE047B24EE074B4BECC8
:1076F00017ABB4EEC74BF1EE10FA3E460597C0F259
:10770000E5806FEA0803DDF820B002930599204672
:1077100001F01EF8002E3FF4B7ADF5E60A9A002AF4
:1077200000F00282059A0E92069A0A9203F23343FF
:10773000D3E51C2074E6019B012B40F340820B9B98
:107740000793012060E6314600230A22204601F01B
:1077500009F80D9B002B064640F34D821F460A9BFD
:10776000002B05DD31461A46204601F07BF906461E
:10777000079B002B40F06E81B046089B013FDA1951
:1077800009920AF001020A921F46DDF814B0284659
:107790005946FFF77FFB31468246284601F0BAF989
:1077A000424659468146204601F0D6F9C3688346D1
:1077B0000AF13002002B49D101462846079201F018
:1077C000A9F959460690204600F0C2FF069B079A89
:1077D0002BB9019919B90A99002900F0F581B9F17D
:1077E000000FC0F2DF8005D1019919B90A9900296B
:1077F00000F0D880002B00F34181099B3A7007F11B
:1078000001099F42CB4600F04681294600230A2207
:10781000204600F0A7FF4645054631464FF00003DD
:107820004FF00A0220460BD000F09CFF414606466E
:1078300000230A22204600F095FF4F468046A4E729
:1078400000F090FF4F46064680469EE701462046E0
:10785000069200F07DFF0123069AC0E705992846AD
:1078600001F058F90028BFF6F8AD2946029D002323
:10787000013D0A222046029500F074FF099B05464F
:10788000002B7FF460AF0D9B002B40F3AD811F46B2
:10789000EAE5079D9AE500BFB802002090020020AB
:1078A000019B022B7FF7DCAD002F40F069813B4646
:1078B00005990522204600F055FF0146059028460F
:1078C00001F028F9002807957FF71BAF029A089965
:1078D0003123013202920B7001F1010B16E7029A7B
:1078E00001320292089A31231370FDE501230993B6
:1078F0001BE6BAF1000F7FF47CADCBF31303002B32
:1079000040F01B812BF000431B0D1B05002B00F0EA
:107910005481069B01330693012309F10109079362
:107920000B9B0120002B3FF46FAD64E507EE901A2E
:10793000B8EEE76BB1EE0C7BA4EE067B53EC172B95
:10794000A3F1507343EC162BB1EE047B34EE477B6E
:10795000B4EEC67BF1EE10FA00F3DD80B1EE466BBB
:10796000B4EEC67BF1EE10FA46D5002305931E4611
:10797000C7E60898FFF759BB059B0B990592D31AE8
:10798000194400230B910E93A1E49DED0E5B02219F
:107990000AE63D4600216164DFE501250D952F468D
:1079A000A846F7E7002B914611DD29460122204623
:1079B00001F058F80599054601F0ACF8002840F3AD
:1079C0000C81B9F1390F00F0DD800AF13109B246BE
:1079D00087F8009007F1010B4646079584E504D12E
:1079E00019F0010F01D06EE593461BF8013C302BD6
:1079F0000BF1FF32F8D077E5DDE90EABFFF7DBBB2B
:107A0000029B5B42002B00F09B808B4A03F00F012E
:107A100002EBC10292ED007B9DED0E6B1B1126EE79
:107A2000074B00F0E680854A0221D80704D592ED85
:107A3000007B013124EE074B5B1002F10802F4D108
:107A4000C1E5089930220A70029A1BF8010C013234
:107A5000029217E47168204600F054FE33699A1CC4
:107A60008046920006F10C010C30F7F729F94146E7
:107A70000122204600F0F6FF80467EE6392A00F01B
:107A8000818002F10109B24687F8009007F1010BED
:107A90004646079528E5B2469146464607E56648BC
:107AA000BDEEC46B4D1E00EBC50043EC172B90EDF3
:107AB000003B16EE103A23EE073B089830330129BD
:107AC000B8EEC66B037000F1010B34EE467B14D0A8
:107AD000B2EE045B089B19445B4627EE057BBDEEC6
:107AE000C76B16EE102A303203F8012B9942B8EE1C
:107AF000C66B37EE467BF0D1AB44B6EE006B33EE8F
:107B0000065BB4EEC75BF1EE10FA43D502961BF8A4
:107B1000010CFFF7AABB002305931E46D6E6DB1B2C
:107B20000A930023FFF7D9BB059A109B0E92069A81
:107B30000A92C3F13603FFF7D0BB00230793EFE6A9
:107B40009DED0E4B02213EE5002F3FF4EFAE0D9868
:107B500000287FF751AFB2EE045BB1EE0C7B013130
:107B600006EE901A24EE054B029BB8EEE66B5E1E05
:107B7000A4EE067B53EC172B0146A3F150733DE5B1
:107B80000795BEE53922B246079546463A7007F199
:107B9000010B9AE436EE436BB4EEC76BF1EE10FACC
:107BA00001DC29E793461BF8013C302B0BF1FF3237
:107BB000F8D07AE50296FFF758BB0793B0E6BAF122
:107BC000000F7FF4BCAD98E6392ACB469146D9D058
:107BD000BBF1000F3FF7F9AEF9E67FF4F8AE19F00C
:107BE000010F3FF4F4AEECE6019B022B08DC0D9F85
:107BF0003AE40221E7E4019B022B01DC0D9FAEE594
:107C00000D9F51E601230E93FFF7A1BA3FF40FAC8D
:107C1000C0F13C0004E4002565642946204600F0DC
:107C200071FD4FF0FF3701230890A84620640D979F
:107C30000993FFF7C0BA00BFB802002090020020ED
:107C40002DE9F043314D87B02F6804460E4690462B
:107C50001D46002B3BD0B7EE007BB4EEC70B05AB47
:107C6000F1EE10FA0193CDF80080384633462246F3
:107C700022D40321FFF7A2F9059B31689842C1F194
:107C800000012BD2491B2B4610F8012B03F8012BC6
:107C9000059A824203EB0106F6D8B44221DDA21B0D
:107CA0001A44302103F8011B9A42FBD100231370C0
:107CB000284607B0BDE8F083BFEE007BB4EEC70BEB
:107CC000F1EE10FAD5DD0221FFF778F9D4E73A6D2D
:107CD00000F123039A4206DD7D6DBCE70E462B467C
:107CE000DBE71A46E2E700F124094A46796D384697
:107CF0008DED020BFBF78EF905460028D8D0C7F8AA
:107D0000509078659DED020BA5E700BF9C610020B7
:107D1000B1F90C309AB22DE9F0410D4611078046B9
:107D20003CD46A6843F40063002AAB8173DDAC6A1B
:107D3000002C4BD09BB203F48052002192B2D8F8B1
:107D40000060C8F80010002A69D02A6D5F0705D5C9
:107D500069682B6B521A0BB1EB6BD21A0023E969DD
:107D60004046A047441C3CD0B5F90C302A692A6033
:107D700023F400630022AB81DB046A6049D4296BE1
:107D8000C8F8006011B305F14003994202D04046A3
:107D900000F04EF900202863BDE8F0812E69AEB1F5
:107DA0002C682E6090070CBF6B690023A41BAB608E
:107DB0000AE0234632466F6AE9694046B847002820
:107DC000A4EB0004064404DD002CF2DC0020BDE836
:107DD000F081AB8943F04003AB814FF0FF30BDE849
:107DE000F081D8F800201D2AF3D81A4BD34003F0B5
:107DF000010383F00104002BEBD0B5F90C302969A5
:107E0000296023F40063D9046C60AB81B7D5002AE4
:107E1000B5D12865B3E7EA6B002A88DCD6E70123F1
:107E2000E9694046A047431C024602D0AB89AC6AD0
:107E30008CE7D8F80030002BF8D01D2B01D0162B82
:107E400002D1C8F80060C1E7AB8943F04003AB81C1
:107E5000BDE8F0810100402010B5044682B008B1B1
:107E6000836B53B1B1F90C0008B902B010BD2046C4
:107E700002B0BDE81040FFF74BBF019100F080F861
:107E80000199EFE7014900F03DBB00BFAD9801004B
:107E90002DE9F04F354B4568C3630024074600F5D4
:107EA0003B7204230321C0F8E412C0F8E822C0F8B2
:107EB000E04283B02C606C60AC606C66EC812C613D
:107EC0006C61AC61AB81214605F15C000822FAF7D8
:107ED000CDFFBE68DFF898B0DFF898A0DFF8989083
:107EE000DFF89880C5F820B001230922C5F824A046
:107EF000C5F82890C5F82C80ED612146F381B28148
:107F000006F15C0034607460B4607466346174615E
:107F1000B46108220193FAF7A9FFFD68F661122007
:107F20000222C6F820B0C6F824A0C6F82890C6F8E9
:107F30002C802146A881EA812C606C60AC606C6664
:107F40002C616C61AC6105F15C000822FAF78EFFD0
:107F5000019BED61C5F820B0C5F824A0C5F82890B4
:107F6000C5F82C80BB6303B0BDE8F08F81860100AB
:107F7000699501008D950100C9950100E995010001
:107F8000836B03B17047FFF783BF00BF704700BF2B
:107F9000704700BFF8B5234F0C460646FAF7B4FF0A
:107FA000BB685D6825F00305291B01F6EF7121F41C
:107FB0007F6121F00F01A1F58054B4F5805F07DBEC
:107FC00000213046FBF716FABB682B44984204D0D8
:107FD0003046FAF79BFF0020F8BD61423046FBF7C0
:107FE00009FA01300DD0104BBA6819682D1B45F005
:107FF00001053046091B55601960FAF787FF01201B
:10800000F8BD00213046FBF7F5F9BA68831A0F2B4B
:10801000DEDD064C0449246843F00103001B536075
:108020000860D5E78C5D0020F4A500209461002055
:10803000002945D02DE9F0410D468046FAF764FF4E
:1080400055F8047C6A4927F00103A5F10804E218F9
:108050008E685068B24220F0030062D0FE07506084
:108060000BD455F8087CE41B01F1080EA568754592
:108070003B446FD0E768EF60BD6015186D68ED0791
:1080800042D543F001026260E350B3F5007F18D29D
:10809000DB085A1C4D6851F83270A76001209B1014
:1080A00000FA03F301EBC2001D430838E0604D60A5
:1080B00041F83240FC604046BDE8F041FAF726BF87
:1080C00070475A0A042A53D89A0902F139077F00E7
:1080D00002F1380501EB870051F8272044490838A0
:1080E00090424DD0516821F003018B4202D2926838
:1080F0009042F7D1D068E060A2608460D4604046CE
:10810000BDE8F041FAF702BF95683A4FBD4203441B
:108110003FD0D068E86043F0010285606260E350C0
:10812000B3E7FF07034407D455F8082CA41A1344F7
:10813000A068E268C26090602F4A126843F00100B4
:10814000934260608C60B6D32C4B40461968FFF7B1
:1081500021FFB0E711184968C90744D49168D26873
:10816000CA60034443F0010091606060E350A2E7FD
:10817000142A17D802F15C077F0002F15B05A9E71A
:10818000AA104B68012505FA02F213434B60024620
:10819000B1E743F001024C610C61E560A5606260EB
:1081A000E35088E7542A06D81A0B02F16F077F00C4
:1081B00002F16E058EE7B2F5AA7F06D8DA0B02F15E
:1081C00078077F0002F1770584E740F2545082423D
:1081D00006D89A0C02F17D077F0002F17C0579E751
:1081E000FE277E2576E743F001026260E35062E7F6
:1081F0008C5D0020945D00209861002024A6002062
:108200009368002B76D02DE9F04F8B8985B00C4612
:1082100019070190164629D522693AB303F00208DE
:108220001FFA88F0356800282FD04FF00009B44FAE
:10823000C846B246B84543464A4628BF3B46019821
:10824000B8F1000F50D0E169666AB047002871DDCF
:10825000DAF808301B1A8144C0EB0808CAF8083065
:10826000002BE7D1002005B0BDE8F08F2146019832
:10827000FEF75AFD002840F03A81A389356803F0E3
:1082800002081FFA88F00028CFD113F001095BD152
:108290004F4602961FB39A05D4F808802CD547455F
:1082A000C246C0F0A48013F4906F40F0B180206803
:1082B00052464946FAF776FDA0682368C8EB0000ED
:1082C0005344A06023603846029A93681B1A814485
:1082D0003F1A9360002BC5D0A389002FDBD1D5F8BE
:1082E00000906F680835D5E7D5F80090D5F8048080
:1082F00008359FE70020704720682369984203D81B
:1083000061698F4280F0B780B84528BFB8464246C1
:108310004946FAF747FDA3682268C8EB03034244C5
:10832000A3602260002B49D121460198FFF794FDFC
:10833000002843D0B4F90C3043F040034FF0FF3035
:10834000A38105B0BDE8F08F804602908246814649
:10835000B9F1000F2AD0029B002B4CD02068236972
:108360006269C845C34628BFCB4698425F4604D9D8
:10837000A36813449B4500F39080934520DB13468C
:10838000676AE16901985246B847071ED2DDB8EB2B
:10839000070823D0B368DB1BBA44C7EB0909B360F5
:1083A000002B3FF45FAFB9F1000FD4D10023D5F813
:1083B00000A0D5F8049002930835C9E7404683E74A
:1083C0005A465146FAF7EEFCA2682368CBEB02024C
:1083D0005B44B8EB0708A2602360DBD1214601981B
:1083E000FFF73AFD0028A5D1CDF80880D2E7206834
:1083F000B846BA465CE74A460A21504600F032F9D0
:1084000000286FD001300123CAEB00080293A5E7D2
:1084100062692068216902EB4208C1EB000A08EB9F
:10842000D8780AF101004FEA6808384440454246CE
:1084300084BF804642465B0542D511460198FAF753
:10844000B1F98346002855D052462169F6F738FC29
:10845000A38923F4906343F08003A381CAEB08034C
:108460000BEB0A00C4F81480C4F810B02060A360BD
:10847000B846BA461CE76FF00043BB4228BF3B46F4
:108480004A4693FBF1F30198666A01FB03F3E16945
:10849000B04700283FF718AF4CE71A465146039300
:1084A000FAF780FC2268039B01981A442260214657
:1084B000FFF7D2FC039B00287FF43CAF1F4666E722
:1084C0000198FAF7A7FD83460028C7D1019D2169CD
:1084D0002846FFF7ADFDB4F90C300C2223F08003E1
:1084E0002A6029E7012309F10108029336E74FF0DA
:1084F000FF30B8E6019A0C231360B4F90C301BE787
:1085000000FCFF7F2DE9F84310F538771FD088462F
:1085100006464FF000097D68BC68013D11D4A3896F
:10852000012B05F1FF3508D9B4F90E30013321468E
:10853000304602D0C04749EA00096B1C04F16804C8
:10854000EDD13F68002FE6D14846BDE8F883B94633
:108550004846BDE8F88300BF044A054B1268506BDB
:10856000002808BF1846F030704700BF9C6100200B
:10857000205C002070B50D46B1F90E10002990B0B6
:1085800014461E4614DB01AA00F034FE00280FDB5F
:10859000029A02F47042A2F50052B2FA82F2520933
:1085A0004FF480634FF400603260236010B070BD00
:1085B000A88900F0800082B2002030601AB1402308
:1085C000236010B070BD4FF480631046236010B07C
:1085D00070BD00BF8A8992070B4606D501F14302A0
:1085E00001211A601A6159617047F0B583B001AB7F
:1085F0006A460C460546FFF7BDFF00990646284629
:10860000FAF7D0F8B4F90C30D0B1019A124F0099B2
:10861000EF6343F08003A3812060206161611AB998
:108620003343A38103B0F0BD2846B4F90E1000F027
:10863000F5FDB4F90C300028F2D043F00103EFE768
:108640009A05EFD404F1430243F002030121A38110
:10865000226022616161E5E781860100000000007F
:108660000000000001F0FF01102A2BDB10F0070FC3
:1086700008D010F8013B013A8B422DD010F0070FC3
:1086800042B3F6D1F0B441EA012141EA014122F0BE
:1086900007047FF000070023F0E80256083C85EA53
:1086A000010586EA010685FA47F5A3FA87F586FAF9
:1086B00047F6A5FA87F68EB9EED1F0BC01F0FF01BE
:1086C00002F0070232B110F8013B013A83EA0103DC
:1086D00013B1F8D10020704701387047002D06BF54
:1086E00035460338073815F0010F07D1013015F46E
:1086F000807F02BF013015F4C03F0130F0BC01386B
:10870000704700BFC36C70B505460C464BB153F8BB
:10871000240080B1026843F8242000230361C36071
:1087200070BD21220421F9F75FFFE86403460028A9
:10873000EDD1002070BD012101FA04F6721D28461A
:108740009200F9F751FF0028F3D044608660E4E717
:1087500031B1C36C4A6853F82200086043F8221014
:10876000704700BFF0B50C6983B00D46064601F1B5
:10877000140E0027DEF8000081B202FB01310B0C61
:10878000000C02FB003389B2013701EB0341BC420C
:108790004EF8041B4FEA1343ECDC3BB1AA68944249
:1087A00007DA05EB8402013453612C61284603B0DB
:1087B000F0BD6968019301313046FFF7A3FF2A69D4
:1087C000023205F10C01074692000C30F6F778FAF8
:1087D000F26C6968019B52F82100286042F8215030
:1087E0003D46DEE7030C1B04B3B90004102310F070
:1087F0007F4F04BF0002083310F0704F04BF000128
:10880000043310F0404F04BF80000233002807DB20
:10881000420003D4202070470023E8E7581C70472B
:1088200018467047036813F0070207D0D90720D411
:108830009A0720D49B0803600220704799B209B9B7
:108840001B0C102213F0FF0F04BF1B0A083219077C
:1088500004BF1B090432990704BF9B080232D907E1
:1088600004D45B0801D12020704701320360104618
:108870007047002070475B0803600120704700BF0D
:1088800010B50C460121FFF73DFF01224461026152
:1088900010BD00BF2DE9F04F0D691769BD4283B0CF
:1088A0000C46164604DA2A4634463D460E4617461E
:1088B000A368616805EB07089845C8BF0131FFF759
:1088C00021FF00F1140C0CEB8809CC45009005D277
:1088D0006346002143F8041B9945FBD806F11402B6
:1088E00002EB870A04F11403524503EB850E54D2C0
:1088F000CDF80490994652F8043B1FFA83FBBBF174
:10890000000F20D000204F466646054600E01E4678
:1089100057F8044B3068A1B283B20BFB0131240C31
:10892000000C4B190BFB040000EB134099B23346CB
:1089300041EA0041BE454FEA104543F8041BE6D822
:10894000756052F8043C5FEA134B20D0DCF800302D
:10895000674618464D46002100E037462C88000C3B
:108960000BFB040001449CB23E4644EA014346F836
:10897000043B786855F8044B83B2240C0BFB043499
:1089800004EB1143AE454FEA1341E6D87B609245B4
:108990000CF1040CAFD8DDF80490B8F1000F0BDD3A
:1089A00059F8043CA9F104091BB105E059F8043D4C
:1089B00013B9B8F10108F9D10098C0F8108003B0DC
:1089C000BDE8F08F12F003032DE9F041144607468D
:1089D0002ED10E46A4101CD0BD6C95B3E3074FF00A
:1089E000000806D4641014D02868A8B10546E3072F
:1089F000F8D52A4631463846FFF74CFFB6B17268C3
:108A0000FB6C641053F82210316043F82260064674
:108A1000EAD13046BDE8F0812A4629463846FFF7BC
:108A200039FF2860C0F800800546E0E70646D9E730
:108A30005A1E0B4D002355F82220FFF793FE0646E1
:108A4000C8E701213846FFF75DFE40F2712101229F
:108A50000023416102610546B8640360BEE700BFC0
:108A6000500E00202DE9F04791460A698B684FEAC5
:108A7000691404EB020808F101059D420E46824686
:108A8000496804DD5B009D4201F10101FADC5046BA
:108A9000FFF738FE002C00F1140238DD02EB8403EE
:108AA000002142F8041B9342FBD1346906F1140102
:108AB00019F01F0901EB840E21D0C9F12002002416
:108AC0000F6807FA09FC4CEA04049C4643F8044B7F
:108AD00051F8044B8E4524FA02F4F1D8CCF8044046
:108AE0000CB108F10205DAF84C307268013D53F818
:108AF00022100561316043F82260BDE8F087043B35
:108B000051F8042B43F8042F8E45F9D8EBE71346B0
:108B1000CBE700BF02690B69D21A13D19B00143056
:108B20001431194410B4034401E098420CD253F8B4
:108B3000044D51F8042D9442F7D009D301205DF87B
:108B4000044B70471046704700205DF8044B704797
:108B50004FF0FF30F3E700BF2DE9F8430B690F46F4
:108B600011695B1A002B904617D1890007F1140296
:108B700008F114055318294401E09A425ED253F8D3
:108B8000046D51F8044DA642F7D060D23B4614461E
:108B900047464FF00109984606E05DDB07F11405F2
:108BA00002F114044FF000097968FFF7ABFDD8F823
:108BB00010303E69C0F80C9004EB830CA64605EB20
:108BC000860700F1140400235EF8041B55F8048B9B
:108BD0008AB213FA88F3090C9A1AC1EB184303EB13
:108BE000224392B242EA0342F44544F8042B4FEA8E
:108BF0002343E9D8AF4217D9A446294651F804EBDC
:108C000013FA8EF2131403EB1E4392B242EA0342AC
:108C10008F424CF8042B4FEA2343EFD8ED433D44F9
:108C200025F0030504352C44043C22B954F8043DD6
:108C3000013E002BFAD00661BDE8F8830021FFF762
:108C400061FD0122002302614361BDE8F8832C46E7
:108C50004FF000091546A7E73B4607F1140408F159
:108C6000140547464FF0010998469DE72DE9F0436A
:108C700057EC106B83B0884601213C46C7F30A5578
:108C80001746FFF73FFDC4F3130481460DB144F4CA
:108C9000801401941EB302A840F8086DFFF7C2FDCE
:108CA000002834D19DE80C00C9F81420002B0CBF1B
:108CB00001210221C9F81830C9F81010DDB909EBFB
:108CC0008103A0F23240C8F800001869FFF78AFD5E
:108CD000C0EB41103860484603B0BDE8F08301A8FE
:108CE000FFF7A0FD019BC9F8143001212030C9F81D
:108CF0001010002DE3D0A5F233450544C0F1350036
:108D0000C8F800503860484603B0BDE8F0839DE8DD
:108D10000C00C0F1200103FA01F10A43C3400193A2
:108D2000C9F81420C2E700BF70B50D4614460646C8
:108D300018B1836B0BB9FFF723F9A368013B002B34
:108D4000A36005DBE8B223685A1C22601D7070BD69
:108D5000A269934202DBE8B20A28F4D122462946EE
:108D60003046BDE8704000F03BB900BF10B50C467E
:108D7000B1F90E1000F07AFA002803DB236D0344EA
:108D8000236510BDA38923F48053A38110BD00BFC8
:108D90002DE9F0411646B1F90C201F46D3050C46CB
:108DA000054607D500220223B1F90E1000F048FA5B
:108DB000B4F90C20B4F90E1022F48052A2813B4683
:108DC00032462846BDE8F041FDF798BF10B50C4685
:108DD000B1F90E1000F034FAA389421C0EBF23F43F
:108DE000805343F480532065A38110BDB1F90E1068
:108DF00000F04CB92DE9F04F936883B09046002BFA
:108E000072D083464FF00009166808688B680D46DB
:108E10004C46002C45D09C421F469A4646D3AB890F
:108E200013F4906F2DD06F69296907EB4707C1EBE9
:108E3000000A07EBD777601C7F105044B8423A46CF
:108E400084BF07463A465B0533D511465846F9F7C5
:108E5000A9FC002837D0524629690190F5F730FF68
:108E6000AA89019B22F4906242F08002AA81CAEB97
:108E7000070203EB0A006F612B612860AA60274696
:108E8000A24652464946F9F78DFFD8F80820AB684C
:108E90002868DB1B5044141BAB602860C8F80840EE
:108EA00014B3D6F8009074680836B2E72746A24695
:108EB000E7E75846FAF7AEF803460028D7D1296904
:108EC0005846FFF7B5F80C23CBF80030AB890022E9
:108ED00043F040034FF0FF30AB81C8F80820C8F8DA
:108EE000042003B0BDE8F08F0020C8F8040003B0F0
:108EF000BDE8F08F70B515469AB0146809B1002C22
:108F00001AD100244FF42272ADF80C20009404947E
:108F10001A464FF6FF761E9B029469460594ADF8FB
:108F20000E60FBF73FF8002811DB009B2860002251
:108F30001A7004981AB070BD4FF4C1620091049188
:108F4000ADF80C20E4DA8B2303600020F2E7002068
:108F5000F0E700BF4B6E2DE9F0479C0492462CD5FC
:108F6000936812683BB30F46804602F1080919E97D
:108F70006000B60817D0043D002401E0A64210D0DE
:108F80003A4655F8041F404600F020F9431C04F10E
:108F90000104F3D10023CAF80830CAF80430BDE850
:108FA000F087DAF80830A3EB8603CAF8083009F135
:108FB0000809002BDBD10020ECE7FFF721F90023A3
:108FC000CAF80830CAF80430BDE8F08793680BB1DE
:108FD000FFF7C0BF10B4184653605DF8044B7047EC
:108FE000F8B50D461446064610B1836B002B4AD0E7
:108FF000B4F90C20A369A36091B2080738D523699E
:10900000002B35D08904EFB215D522686169D31AD7
:109010008B421CDA0133A168501C0139A160206029
:10902000157062699A421AD0A389DB0701D50A2F0D
:1090300015D03846F8BD616E42F4005221F400515B
:10904000A281226861666169D31A8B42E2DB214604
:109050003046FEF701FF40B922680123DBE72146D5
:109060003046FEF7F9FE0028E3D04FF0FF37E0E787
:1090700021463046FDF758FE0028F6D1B4F90C2001
:10908000236991B2BEE7FEF77BFFB1E738B5074C25
:109090000023054608462360F6F774FC431C00D005
:1090A00038BD2368002BFBD02B6038BDCCB400202A
:1090B00000293DD070B505460C4608B1836B7BB3E3
:1090C000B4F90C300BB9002070BD21462846FEF7DC
:1090D0001FFEE36A064633B1E16928469847002837
:1090E000B8BF4FF0FF36A3891B061CD4216B41B1DA
:1090F00004F14003994202D02846FEF799FF00236D
:109100002363616C21B12846FEF792FF002363645C
:10911000FEF73CFF0023A381FEF73AFF304670BD07
:10912000FEF72EFFCCE721692846FEF781FFDDE739
:10913000002070472DE9F04782B0804689461446EA
:10914000F9F708FB012833D004F15C034A4601A972
:10915000404600F0A1F8B0F1FF3F824621D088B32D
:109160009DF80460002508E023685A1C22601E70E8
:109170000135554526D201AB5E5DA368013B002B4E
:10918000A360F1DAA769BB4231462246404601DBC3
:109190000A2EE9D1FFF724FF431CE9D102B0BDE854
:1091A000F087A38943F04003A38102B0BDE8F087B4
:1091B00009F1FF33FE2BC7D85FFA89F682468DF896
:1091C0000460CFE7484602B0BDE8F087B2F90C3042
:1091D00013F4005F0BD110B4546E43F4005344F405
:1091E0000054546693815DF8044BFFF7A3BFFFF76B
:1091F000A1BF00BF38B50B46074C054611461846BF
:1092000000232360F6F7C2FB431C00D038BD23685F
:10921000002BFBD02B6038BDCCB4002038B5074CF8
:109220000023054608462360F6F7B6FB431C00D032
:1092300038BD2368002BFBD02B6038BDCCB4002098
:1092400070B50D46084C114606461A4628460023BE
:109250002360F6F7A3FB431C00D070BD2368002BEE
:10926000FBD0336070BD00BFCCB4002070B50D469C
:10927000084C114606461A46284600232360F6F796
:109280007FFB431C00D070BD2368002BFBD03360F4
:1092900070BD00BFCCB40020F0B5064685B01F46B7
:1092A00089B1104C104D2468646B002C08BF2C460B
:1092B000D4F8E040A047431C03D100228A233A603F
:1092C000336005B0F0BD0C460649074A0968496B92
:1092D000002908BF11462246D1F8E04001A9A04765
:1092E000E9E700BF9C610020205C00205FF800F0EF
:1092F000A9CE01605FF800F0192C02605FF800F061
:10930000C52B02605FF800F0212202605FF800F0D8
:0493100075DD0160A6
:04931400F8B500BFE9
:089318009C8FFF7F01000000A3
:10932000000000000000000000000000000000003D
:10933000000000000000000000000000000000002D
:10934000000000000000000000000000000000001D
:10935000000000000000000000000000000000000D
:1093600000000000000000000000000000000000FD
:1093700000000000000000000000000000000000ED
:1093800000000000000000000000000000000000DD
:1093900000000000000000000000000000000000CD
:1093A00000000000000000000000000000000000BD
:1093B00000000000000000000000000000000000AD
:1093C000000000000000000000000000000000009D
:1093D000000000000000000000000000000000008D
:1093E000000000000000000000000000000000007D
:1093F000000000000000000000000000000000006D
:10940000000000000000000000000000000000005C
:10941000000000000000000000000000000000004C
:10942000000000000000000000000000000000003C
:10943000000000000000000000000000000000002C
:10944000000000000000000000000000000000001C
:10945000000000000000000000000000000000000C
:1094600000000000000000000000000000000000FC
:1094700000000000000000000000000000000000EC
:1094800000000000000000000000000000000000DC
:1094900000000000000000000000000000000000CC
:1094A00000000000000000000000000000000000BC
:1094B00000000000000000000000000000000000AC
:1094C000000000000000000000000000000000009C
:1094D000000000000000000000000000000000008C
:1094E000000000000000000000000000000000007C
:1094F000000000000000000000000000000000006C
:10950000000000000000000000000000000000005B
:10951000000000000000000000000000000000004B
:10952000000000000000000000000000000000003B
:10953000000000000000000000000000000000002B
:10954000000000000000000000000000000000001B
:10955000000000000000000000000000000000000B
:1095600000000000000000000000000000000000FB
:1095700000000000000000000000000000000000EB
:1095800000000000000000000000000000000000DB
:1095900000000000000000000000000000000000CB
:1095A000000000000000304300000000000030C355
:1095B0000080E03779C34143176E05B5B5B89346CF
:1095C000F5F93FE9034F384D321D30F94877825A9B
:1095D0003CBF737FDD4F1575000000000000F03FB9
:1095E000000000000000244000000000000059407E
:1095F0000000000000408F40000000000088C340D1
:1096000000000000006AF8400000000080842E4145
:1096100000000000D01263410000000084D7974191
:109620000000000065CDCD41000000205FA0024297
:10963000000000E876483742000000A2941A6D420C
:10964000000040E59C30A2420000901EC4BCD642FF
:1096500000003426F56B0C430080E03779C34143AA
:1096600000A0D8855734764300C84E676DC1AB4320
:10967000003D9160E458E143408CB5781DAF15443E
:1096800050EFE2D6E41A4B4492D54D06CFF0804419
:10969000F64AE1C7022DB544B49DD9794378EA442E
:1096A0004FBB610567ACDD3F182D4454FB21E93FFA
:1096B0009BF681D20B73EF3F182D4454FB21F93FE9
:1096C000E2652F227F2B7A3C075C143326A6813C6F
:1096D000BDCBF07A8807703C075C143326A6913C1A
:1096E000B5620000000000000100040060200020BE
:1096F000D82000200C2100204021002074210020CF
:10970000A82100202B810400210000002B810400EF
:1097100022000000AABBCC03020100FFFFFFFFFFF5
:109720001122330A0B0CCCDDDDDDDDDD0000000095
:10973000020305070B0D1113171D1F25292B2F35AC
:109740003B3D4347494F53596165676B6D717F835B
:10975000898B95979DA3A7ADB3B5BFC1C5C7D3DF0F
:10976000E3E5E9EFF1FB0000FFFFFFFFFFFFFFFF75
:10977000C90FDAA22168C234C4C6628B80DC1CD156
:1097800029024E088A67CC74020BBEA63B139B22AB
:10979000514A08798E3404DDEF9519B3CD3A431B55
:1097A000302B0A6DF25F14374FE1356D6D51C245B4
:1097B000E485B576625E7EC6F44C42E9A637ED6B71
:1097C0000BFF5CB6F406B7EDEE386BFB5A899FA52C
:1097D000AE9F24117C4B1FE649286651ECE45B3DAB
:1097E000C2007CB8A163BF0598DA48361C55D39AED
:1097F00069163FA8FD24CF5F83655D23DCA3AD968A
:109800001C62F356208552BB9ED529077096966D33
:10981000670C354E4ABC9804F1746C08CA18217C58
:1098200032905E462E36CE3BE39E772C180E860392
:109830009B2783A2EC07A28FB5C55DF06F4C52C980
:10984000DE2BCBF6955817183995497CEA956AE5D1
:1098500015D2261898FA051015728E5A8AACAA6885
:10986000FFFFFFFFFFFFFFFF00000000551D250069
:10987000000000000D0A000000C03D4000003E4016
:1098800000403E4000C01D4000001E4000401E4001
:10989000A4470020AC470020B4470020BC4700206C
:1098A00040CF026010CF0260E0CE0260B0CE026016
:1098B00080CE026050CE0260030405060708000057
:1098C0000102030405060000F0D50260C0D5026065
:1098D00090D5026060D50260000200000004000024
:1098E00000080000001000004A4B000000000000CB
:1098F00000000000454D0000554E00007D000000B6
:109900005D4D00003D4D00006D4E0000ED4E00002D
:10991000814D0000114F0000614D00002D4E0000F0
:10992000CD4D00003D4E0000614F0000A54E0000EF
:109930001D4D0000254D0000354D0000494E000032
:10994000394D0000000000000000000041E200006E
:1099500099E50000A1DC000079DD0000C1DC000019
:10996000E9DC000095DD00000000000000000000C0
:10997000850B01007D0B0100790B0100750B0100C7
:10998000710B01006D0B0100690B0100650B0100FB
:10999000000000000000000025D7000055D700009F
:1099A0007D00000021D70000913500009D350000AA
:1099B00009D700000000000000000000DDE3000007
:1099C0000000C1C081C1400101C3C003800241C287
:1099D00001C6C006800741C70005C1C581C4400457
:1099E00001CCC00C800D41CD000FC1CF81CE400E07
:1099F000000AC1CA81CB400B01C9C009800841C817
:109A000001D8C018801941D9001BC1DB81DA401A86
:109A1000001EC1DE81DF401F01DDC01D801C41DC56
:109A20000014C1D481D5401501D7C017801641D686
:109A300001D2C012801341D30011C1D181D0401096
:109A400001F0C030803141F10033C1F381F2403286
:109A50000036C1F681F7403701F5C035803441F456
:109A6000003CC1FC81FD403D01FFC03F803E41FE06
:109A700001FAC03A803B41FB0039C1F981F8403816
:109A80000028C1E881E9402901EBC02B802A41EA86
:109A900001EEC02E802F41EF002DC1ED81EC402C56
:109AA00001E4C024802541E50027C1E781E6402686
:109AB0000022C1E281E3402301E1C021802041E096
:109AC00001A0C060806141A10063C1A381A2406286
:109AD0000066C1A681A7406701A5C065806441A456
:109AE000006CC1AC81AD406D01AFC06F806E41AE06
:109AF00001AAC06A806B41AB0069C1A981A8406816
:109B00000078C1B881B9407901BBC07B807A41BA85
:109B100001BEC07E807F41BF007DC1BD81BC407C55
:109B200001B4C074807541B50077C1B781B6407685
:109B30000072C1B281B3407301B1C071807041B095
:109B40000050C190819140510193C0538052419285
:109B50000196C056805741970055C1958194405455
:109B6000019CC05C805D419D005FC19F819E405E05
:109B7000005AC19A819B405B0199C0598058419815
:109B80000188C04880494189004BC18B818A404A85
:109B9000004EC18E818F404F018DC04D804C418C55
:109BA0000044C184818540450187C0478046418685
:109BB0000182C042804341830041C1818180404095
:109BC00095490000294A0000254A000099490000F3
:109BD0009D49000000000000D8399D270054EA2A62
:109BE00000A4781F007B9A1700202020202020202E
:109BF000202028282828282020202020202020203D
:109C0000202020202020202020881010101010104C
:109C10001010101010101010100404040404040498
:109C20000404041010101010101041414141414132
:109C30000101010101010101010101010101010114
:109C40000101010110101010101042424242424224
:109C500002020202020202020202020202020202E4
:109C6000020202021010101020000000000000008C
:109C700000000000000000000000000000000000E4
:109C800000000000000000000000000000000000D4
:109C900000000000000000000000000000000000C4
:109CA00000000000000000000000000000000000B4
:109CB00000000000000000000000000000000000A4
:109CC0000000000000000000000000000000000094
:109CD0000000000000000000000000000000000084
:109CE000000000000000000000000000C050002044
:109CF0002020202020202020202020202020202064
:109D00002020202020202020202020202020202053
:109D100000000042C8801F40B8821F4008000000B9
:109D200000000042C4801F40B4821F4004000000B5
:109D300000C0004224801F4014821F401000000019
:109D400000C0004228801F4018821F4020000000F1
:109D500000C000422C801F401C821F4040000000B9
:109D600000C0004234801F4024821F4000010000D8
:109D70000040004264811F4054831F4000040000E3
:109D80000040004280811F4070831F40000002009D
:109D9000004000427C811F406C831F400000010096
:109DA0000040004268811F4058831F4000080000A7
:109DB000004000423C811F402C831F4001000000F6
:109DC0000040004244811F4034831F4004000000D3
:109DD0000040004240811F4030831F4002000000CD
:109DE0000040004248811F4038831F4008000000A7
:109DF0000000004204811F40F4821F400000040064
:109E00000000004208811F40F8821F400000080047
:109E10000000004218811F4008831F40000080009E
:109E20000000004214811F4004831F4000004000D6
:109E30000000004200811F40F0821F40000002002D
:109E400000000042FC801F40EC821F400000010027
:109E50000000004224811F4014831F4000000004C2
:109E60000000004228811F4018831F4000000008A6
:109E7000000000421C811F400C831F4000000001B5
:109E80000000004220811F4010831F40000000029C
:109E900000000042EC801F40DC821F4000100000E8
:109EA00000000042F0801F40E0821F4000200000C0
:109EB0000000004234811F4024831F400000004006
:109EC0000000004238811F4028831F4000000080AE
:109ED0000080004294801F4084821F4000000400E4
:109EE00000C0004290801F4080821F400000008020
:109EF00000800042A8801F4098821F400000800020
:109F000000800042A4801F4094821F400000400057
:109F1000004000426C811F405C831F400010000025
:109F200000C0004230801F4020821F40800000009F
:109F300000400042B0811F40A0831F40000000206D
:109F400000400042AC811F409C831F400000001075
:109F50000040004284811F4074831F4000000400C1
:109F60000040004288811F4078831F4000000800A5
:109F7000000000422C811F401C831F400000001085
:109F80000000004230811F4020831F40000000205D
:109F9000000000420C811F40FC821F4000001000A6
:109FA0000000004210811F4000831F40000020007D
:109FB00000800042C8811F40B8831F40008000001D
:109FC00000800042C4811F40B4831F400040000055
:109FD00000800042C0811F40B0831F40002000006D
:109FE00000800042BC811F40AC831F400010000075
:109FF00000800042D0811F40C0831F40000002004B
:10A0000000800042CC811F40BC831F400000010043
:10A0100000C0004274801F4064821F4000000001A5
:10A0200000C0004280801F4070821F400000000876
:10A0300000C0004284801F4074821F400000001056
:10A0400000C000426C801F405C821F400000400046
:10A0500000C000427C801F406C821F400000000452
:10A0600000C0004278801F4068821F40000000024C
:10A0700000C0004288801F4078821F4000000020FE
:10A0800063825363FFFFFFFFFFFF0000000000003B
:10A090000000000001000000060000004D59000013
:10A0A0002559000015760000E1750000DD750000FF
:10A0B00051570000A55800008D770000955700000B
:10A0C000F1760000AD760000AC0D0020DD570000F9
:10A0D00041580000CC62002030640020546400200D
:10A0E0000C64002000000000319A0000099C000070
:10A0F000D59B000000000000719B0000799A0000D1
:10A10000499A0000017D0000417D00000000000030
:10A1100001000000DDB000009DCC000081C3000004
:10A12000A9B0000099BA00001DC20000A9BC00003F
:10A1300095B3000029B00000E1CB00000000000052
:10A14000DDD1000059D400002DD400000000000033
:10A15000CDD3000035D2000005D20000017D000003
:10A16000417D0000000000001B05000017050000F5
:10A1700005000000190000007D00000007080C0B1E
:10A1800006050F000D0E0102838407080C0B06055F
:10A190000F000D0E01028384FFFFFFFFFFFFFFFF93
:10A1A000FFFF8182090A0000010100040100000490
:10A1B000013201010132020101100101011101010D
:10A1C000011201020103020601030106011202024B
:10A1D0000200000102020001020100010210000160
:10A1E0000222000102230001000000000000000024
:10A1F0000221000102200001000000000000000018
:10A2000001300101013101010102000401030004D8
:10A2100000000000000000000121020101210101F5
:10A22000000000000000000000000000011002011A
:10A2300000000000000000000113010601130206E7
:10A24000000000000000000000000000000000000E
:10A2500001010201010101010100020101000101EE
:10A2600001020201010201010000000000000000E3
:10A2700000000000012302010000000000000000B7
:10A280000120010141444320436F6E6E6563746F8A
:10A290006E204F4B0000000041444320436F6E6E20
:10A2A0006563746F6E204641494C454421000000AF
:10A2B0004175746F73746565722072756E6E696E28
:10A2C000672C2077616974696E6720666F72204120
:10A2D000674F70656E475053000000004175746F02
:10A2E00073746565722064697361626C65642C20A7
:10A2F000475053206F6E6C79206D6F6465000000CD
:10A3000053657474696E6720757020487964726152
:10A31000756C6963732100004879647261756C69BA
:10A3200063732061726520726561647921000000A9
:10A330004E4F542041637469766520486967683AD6
:10A3400020000000547269676765722050696E3A98
:10A3500020000000202D2073746174653A200000F5
:10A36000202D2074696D65723A200000546F6F20B3
:10A3700062696720646174612066726F6D20544D5C
:10A3800031373121000000004352432077617320B0
:10A39000626164203A2800004C656E6774683A2058
:10A3A0000000000046756C6C206C656E3A20000061
:10A3B000496E697469616C697A696E672065746851
:10A3C00065726E657420776974682073746174694E
:10A3D000632049502061646472657373000000005B
:10A3E00045746865726E657420736869656C642075
:10A3F000776173206E6F7420666F756E642E2047D0
:10A4000050532076696120555342206F6E6C792E2F
:10A410000000000045746865726E657420636162B7
:10A420006C65206973206E6F7420636F6E6E656358
:10A43000746564202D2057686F20636172657320F6
:10A4400077652077696C6C20737461727420657411
:10A450006865726E657420616E797761792E00008F
:10A460000D0A45746865726E657420737461747545
:10A4700073204F4B00000000495020736574204D3D
:10A48000616E75616C6C793A200000000D0A4574AC
:10A490006865726E6574204950206F66206D6F6428
:10A4A000756C653A2000000045746865726E6574CD
:10A4B0002073656E64696E6720746F2049503A207E
:10A4C00000000000416C6C20646174612073656E53
:10A4D00064696E6720746F20706F72743A20000098
:10A4E00045746865726E657420475053205544501A
:10A4F0002073656E64696E672066726F6D20706F81
:10A5000072743A200000000045746865726E6574CC
:10A51000204E5452495020554450206C6973746544
:10A520006E696E6720746F20706F72743A2000003D
:10A5300045746865726E6574204175746F537465F7
:10A54000657220554450206C697374656E696E673E
:10A5500020746F20262073656E642066726F6D20F4
:10A56000706F72743A2000002450414F47492C000C
:10A570002450414E44412C002A0000000D0A0000E6
:10A580004861726477617265204D657373616765B8
:10A590002044756D703A00002530325820000000CC
:10A5A000494D552028544D31373129206E6F742084
:10A5B0007265616479212054656D703A2000000055
:10A5C000432020516F533A200000000053656E6411
:10A5D000696E67204861726477617265206D65738A
:10A5E0007361676521212020202020202020202049
:10A5F000202020202020202000000000472D56543D
:10A6000047000000472D4747410000005374617226
:10A61000742073657475700053657269616C414F85
:10A62000472C2053657269616C52544B2C20536542
:10A630007269616C47505320616E64205365726982
:10A64000616C4750533220696E697469616C697A34
:10A65000656400000D0A5374617274696E6720416D
:10A6600075746F53746565722E2E2E000D0A537427
:10A67000617274696E672045746865726E65742EC8
:10A680002E2E00000D0A5374617274696E672048A3
:10A6900079647261756C6963732E2E2E0000000060
:10A6A0000D0A5374617274696E6720494D552E2EE0
:10A6B0002E000000434D5053313420414444524554
:10A6C00053733A2030780000434D50533134204FBB
:10A6D0006B2E0000434D5053206E6F7420436F6EFD
:10A6E0006E6563746564206F7220466F756E6400DA
:10A6F00020424E4F303858204F6B2E00424E4F3084
:10A700003830206E6F7420646574656374656420EE
:10A71000617420676976656E204932432061646404
:10A72000726573732E00000020424E4F303858205F
:10A730006E6F7420436F6E6E6563746564206F7214
:10A7400020466F756E6400005265636569766564C6
:10A7500020646174612066726F6D20544D31373111
:10A76000000000004E6F206672657368206461749B
:10A77000612066726F6D20544D313731000000004A
:10A780000D0A757365434D5053203D2000000000B5
:10A79000757365424E4F303878203D200000000030
:10A7A000757365544D313731203D20000D0A456EDB
:10A7B000642073657475702C2077616974696E67A5
:10A7C00020666F72204750532E2E2E0D0A00000077
:10A7D0005377617070696E672047505320706F72B5
:10A7E00074732E2E2E0D0A00436865636B696E67C5
:10A7F0002062617564726174653A2000752D626C27
:10A800006F7820474E5353206E6F742064657465D3
:10A81000637465642E20506C6561736520636865A0
:10A82000636B20776972696E672E0000466F756EE4
:10A830006420726563696576657220617420626167
:10A840007564726174653A200000000021414F4731
:10A850004F4B0000303132333435363738394142CE
:10A8600043444546000000004865616465723A0053
:10A870003000000020426F64793A0000205B436F93
:10A880006E74696E756564207061636B65745D20BC
:10A8900000000000204C656E6774683A00000000FC
:10A8A000204368616E6E656C3A000000436F6D6D09
:10A8B000616E640045786563757461626C65000063
:10A8C000436F6E74726F6C0053656E736F722D728E
:10A8D00065706F727400000057616B652D72657052
:10A8E0006F7274004779726F2D766563746F7200B2
:10A8F0004D452043616C207265706F727420666FE5
:10A90000756E6421000000006765745175617449BB
:10A910003A20717561743A2000000000207261775E
:10A9200051756174493A200020726F746174696FC7
:10A930006E566563746F725F51313A2000000000FB
:10A94000676574517561744A3A20717561743A2073
:10A950000000000020726177517561744A3A20004E
:10A96000676574517561744B3A20717561743A2052
:10A970000000000020726177517561744B3A20002D
:10A980004932432074696D656F75740053504920D6
:10A99000576169740000000053504920494E54200B
:10A9A00074696D656F75740073656E645061636B77
:10A9B000657428493243293A20656E645472616E89
:10A9C000736D697373696F6E2072657475726E65ED
:10A9D000643A200053572056657273696F6E204D9C
:10A9E000616A6F723A2030780000000020535720CF
:10A9F00056657273696F6E204D696E6F723A2030C2
:10AA0000780000002053572050617274204E756DFD
:10AA10006265723A20307800205357204275696C85
:10AA200064204E756D6265723A2030780000000037
:10AA30002053572056657273696F6E20506174639E
:10AA4000683A2030780000006D657461446174617B
:10AA5000206172726179206F7665722072756E2E38
:10AA60002052657475726E696E672E00537461743E
:10AA7000654572723A200000436F6E6E6563742004
:10AA80004572723A2000000053656E644572723A56
:10AA9000200000002563000064656300656E6300AC
:10AAA00020204145532D4543422D25336420282540
:10AAB00073293A2000000000736B697070656400B0
:10AAC000706173736564000020204145532D43423B
:10AAD000432D25336420282573293A2000000000E7
:10AAE00020204145532D4346423132382D253364D1
:10AAF00020282573293A200020204145532D435416
:10AB0000522D31323820282573293A2000000000C8
:10AB10006661696C656400002020426173653634AB
:10AB200020656E636F64696E6720746573743A2084
:10AB3000000000007061737365640A202042617335
:10AB4000653634206465636F64696E67207465736D
:10AB5000743A20007061737365640A00454645309D
:10AB60003231433236343546443144433538364544
:10AB70003639313834414634413331454435463530
:10AB80003345393342354631323346413431363834
:10AB9000303836374241313130313331393434464F
:10ABA0004537393532453235313733333737383039
:10ABB00043423044423830453631414145374338CD
:10ABC000444443364335433641414445423334459A
:10ABD00042333841324634304435453600000000B7
:10ABE00042324537454644333730373542394630AF
:10ABF00033464639383943374335303531433230BF
:10AC000033344432413332333831303235313132FA
:10AC10003745374246383632354134463439413586
:10AC2000463345323746344441384244353943345B
:10AC3000374436444141424134433831323742444B
:10AC40003542354332353736333232324645464364
:10AC5000434643333842383332333636433239454C
:10AC60000000000030303636413139383138364353
:10AC7000313843313042324635454439423532323B
:10AC80003735324139383330423639393136453546
:10AC90003335433846303437353138413838394127
:10ACA0003433413539344236424544323741313606
:10ACB00038443331443441353246383839323541FD
:10ACC00041384635000000003630324142374543B6
:10ACD00041353937413344364235364646393832C4
:10ACE00039413545384238353945383537454139A8
:10ACF00035413033353132453242414537333931D0
:10AD000036383844323634414135363633423033C2
:10AD10003431444239434346443243344335463464
:10AD2000323146454338313438303031423732459C
:10AD30003834384133384341453143363546373866
:10AD4000453536414244454645313244334330333C
:10AD50003942384130324436424535393346304243
:10AD60004242444135364631454346363737313520
:10AD70003245463830343337304331413330354350
:10AD80004146334235424631333038373942353621
:10AD90004336314445353834413046353341323419
:10ADA000343741353145000020204D50492074652D
:10ADB000737420233120286D756C5F6D7069293A9A
:10ADC00020000000323536353637333336303539EA
:10ADD00045353243414532323932353437343730F4
:10ADE000354633394139340036363133463236311F
:10ADF00036323232334446343838453943443438B5
:10AE000043433133324337413041433933433730A1
:10AE1000314230303142303932453445354239469D
:10AE20003733424344323742394545353044303672
:10AE30003537433737463337344539303343444663
:10AE4000413443363432000020204D50492074658F
:10AE5000737420233220286469765F6D7069293A03
:10AE60002000000020204D50492074657374202379
:10AE70003320286578705F6D6F64293A20000000E8
:10AE800020204D5049207465737420233420286994
:10AE90006E765F6D6F64293A200000006661696C10
:10AEA00065642061742025640A000000556E657891
:10AEB000706563746564206572726F722C207265B0
:10AEC0007475726E20636F6465203D20253038589C
:10AED0000A000000333645313339414541353532BA
:10AEE00031353630394432383136393938454430E5
:10AEF00032304242424439364333373839304636AD
:10AF0000353137314439343845394243374342418A
:10AF10004134443933323544323444364133433199
:10AF20003237313046313041303946413038414294
:10AF300038370000303033413041414544443745D3
:10AF4000373834464330374438463945433645333D
:10AF5000424644354333444241373634353633363E
:10AF60003341313038363936323245414332444448
:10AF700038344543433542384137344441433444FF
:10AF8000303945303342354530424537373946321E
:10AF9000444636310000000020204D5049207465A1
:10AFA0007374202335202873696D706C6520676386
:10AFB00064293A2000000000202043414D454C4CBC
:10AFC00049412D4543422D25336420282573293AD4
:10AFD00020000000202043414D454C4C49412D4369
:10AFE00042432D25336420282573293A2000000090
:10AFF000202043414D454C4C49412D4354522D3165
:10B00000323820282573293A2000000020204343AD
:10B010004D3A207365747570206661696C656400D3
:10B02000202043434D2D414553202325753A2000D0
:10B030004445532D454445332D4342430000000011
:10B040004445532D454445332D45434200000000FF
:10B050004445532D4544452D434243004445532D1B
:10B060004544452D454342004445532D4543420048
:10B0700043414D454C4C49412D3235362D43434DCE
:10B080000000000043414D454C4C49412D313932BF
:10B090002D43434D0000000043414D454C4C494178
:10B0A0002D3132382D43434D0000000043414D45C2
:10B0B0004C4C49412D3235362D47434D00000000A0
:10B0C00043414D454C4C49412D3139322D47434D7B
:10B0D0000000000043414D454C4C49412D31323870
:10B0E0002D47434D0000000043414D454C4C494124
:10B0F0002D3235362D4354520000000043414D455A
:10B100004C4C49412D3139322D435452000000003E
:10B1100043414D454C4C49412D3132382D43545219
:10B120000000000043414D454C4C49412D3235361D
:10B130002D4346423132380043414D454C4C494144
:10B140002D3139322D4346423132380043414D458D
:10B150004C4C49412D3132382D4346423132380072
:10B1600043414D454C4C49412D3235362D434243E8
:10B170000000000043414D454C4C49412D313932CE
:10B180002D4342430000000043414D454C4C494192
:10B190002D3132382D4342430000000043414D45DC
:10B1A0004C4C49412D3235362D45434200000000BC
:10B1B00043414D454C4C49412D3139322D45434297
:10B1C0000000000043414D454C4C49412D3132387F
:10B1D0002D454342000000004145532D3235362DA8
:10B1E00043434D004145532D3139322D43434D00EA
:10B1F0004145532D3132382D43434D004145532DA8
:10B200003235362D47434D004145532D3139322DCE
:10B2100047434D004145532D3132382D47434D00B2
:10B220004145532D3235362D435452004145532D5F
:10B230003139322D435452004145532D3132382D8E
:10B24000435452004145532D3235362D4346423149
:10B25000323800004145532D3139322D43464231B9
:10B26000323800004145532D3132382D43464231AA
:10B27000323800004145532D3235362D43424300CC
:10B280004145532D3139322D434243004145532D21
:10B290003132382D434243004145532D3235362D4E
:10B2A000454342004145532D3139322D454342003B
:10B2B0004145532D3132382D45434200202044452D
:10B2C0005325632D4543422D2533642028257329BA
:10B2D0003A200000202044455325632D4342432D4E
:10B2E00025336420282573293A2000002D2D2D2D8B
:10B2F0002D454E4420444820504152414D4554452F
:10B3000052532D2D2D2D2D002D2D2D2D2D42454708
:10B31000494E20444820504152414D4554455253D6
:10B320002D2D2D2D2D000000202044484D20706132
:10B3300072616D65746572206C6F61643A20000003
:10B340007365637033383472310000002020454348
:10B350005020746573742023312028636F6E7374DA
:10B36000616E74206F705F636F756E742C20626104
:10B37000736520706F696E742047293A20000000C1
:10B3800030303030303030303030303030303030BD
:10B3900030303030303030303030303030303030AD
:10B3A000303030303030303030303030303030319C
:10B3B000000000006661696C656420282575290A13
:10B3C0000000000020204543502074657374202342
:10B3D000322028636F6E7374616E74206F705F63C8
:10B3E0006F756E742C206F7468657220706F696E53
:10B3F00074293A2000000000464646464646464626
:10B4000046464646464646464646464646464646DC
:10B41000393944454638333631343642433942317E
:10B420004234443232383330000000003545413672
:10B43000463338394133384238424338314537365C
:10B440003737353342313541413535363945313776
:10B450003832453330414245374432350000000030
:10B4600034303030303030303030303030303030D8
:10B4700030303030303030303030303030303030CC
:10B4800030303030303030303030303030303030BC
:10B490000000000037464646464646464646464673
:10B4A000464646464646464646464646464646463C
:10B4B000464646464646464646464646464646462C
:10B4C00046464646000000003535353535353535BC
:10B4D000353535353535353535353535353535351C
:10B4E000353535353535353535353535353535350C
:10B4F00035353535353535350000000073656370F9
:10B500003235367231000000736563703232347246
:10B510003100000073656370313932723100000010
:10B5200020204145532D47434D2D253364202325AD
:10B530006420282573293A2000000000202041457E
:10B54000532D47434D2D25336420232564207370EC
:10B550006C697420282573293A2000002020484D6A
:10B5600041435F4452424720285052203D205472AC
:10B57000756529203A2000002020484D41435F4452
:10B5800052424720285052203D2046616C73652965
:10B59000203A20004D44350020204D44352074656C
:10B5A0007374202325643A20000000002A86488610
:10B5B000F70D01010400000025642E256400000041
:10B5C0002E256400551D1300550403002A86488665
:10B5D000F70D0101010000002A8648CE3D0201005E
:10B5E0002A8648CE3D030101000000002A864886D5
:10B5F000F70D0205000000002A864886F70D0207B5
:10B60000000000002B0601050507030100000000F3
:10B610002B0E03021A0000002B0E0302070000008D
:10B620002A864886F70D010C0103000070626557F9
:10B63000697468534841416E64332D4B6579547287
:10B6400069706C654445532D434243005042452088
:10B6500077697468205348413120616E6420332D2E
:10B660004B65792033444553000000002A86488604
:10B67000F70D010C0104000070626557697468538E
:10B680004841416E64322D4B6579547269706C6526
:10B690004445532D43424300504245207769746826
:10B6A000205348413120616E6420322D4B65792052
:10B6B0003344455300000000686D616353484131D5
:10B6C00000000000484D41432D5348412D310000FA
:10B6D0002A864886F70D020800000000686D616345
:10B6E0005348413232340000484D41432D534841C4
:10B6F0002D323234000000002A864886F70D0209F8
:10B7000000000000686D6163534841323536000027
:10B71000484D41432D5348412D323536000000003D
:10B720002A864886F70D020A00000000686D6163F2
:10B730005348413338340000484D41432D5348416C
:10B740002D333834000000002A864886F70D020B9E
:10B7500000000000686D61635348413531320000DC
:10B76000484D41432D5348412D35313200000000F2
:10B7700069642D6D6435000069642D736861310062
:10B780005348412D310000006086480165030402E2
:10B790000400000069642D736861323234000000D7
:10B7A0005348412D3232340060864801650304025B
:10B7B0000100000069642D736861323536000000B5
:10B7C0005348412D32353600608648016503040236
:10B7D0000200000069642D73686133383400000092
:10B7E0005348412D33383400608648016503040214
:10B7F0000300000069642D73686135313200000078
:10B800005348412D35313200646573434243000093
:10B810002A864886F70D0307000000006465732D33
:10B82000656465332D636263000000002A8648CE9C
:10B830003D03010700000000727361456E63727979
:10B840007074696F6E0000005253410069642D6589
:10B85000635075626C69634B6579000047656E657E
:10B86000726963204543206B657900002B810401D8
:10B870000C00000069642D65634448004543206B5B
:10B88000657920666F722045434448006D643557E2
:10B89000697468525341456E6372797074696F6E52
:10B8A000000000005253412077697468204D4435F0
:10B8B000000000002A864886F70D010105000000FF
:10B8C0007368612D3157697468525341456E6372D4
:10B8D000797074696F6E0000525341207769746803
:10B8E00020534841310000002A864886F70D0101A7
:10B8F0000E00000073686132323457697468525325
:10B9000041456E6372797074696F6E0052534120C5
:10B9100077697468205348412D32323400000000AA
:10B920002A864886F70D01010B000000736861321A
:10B93000353657697468525341456E637279707435
:10B94000696F6E00525341207769746820534841F3
:10B950002D323536000000002A864886F70D010199
:10B960000C000000736861333834576974685253AF
:10B9700041456E6372797074696F6E005253412055
:10B9800077697468205348412D3338340000000033
:10B990002A864886F70D01010D00000073686135A5
:10B9A000313257697468525341456E6372797074CD
:10B9B000696F6E0052534120776974682053484183
:10B9C0002D353132000000002B0E03021D00000057
:10B9D0002A8648CE3D04010065636473612D776952
:10B9E00074682D53484131004543445341207769E1
:10B9F00074682053484131002A8648CE3D04030133
:10BA00000000000065636473612D776974682D53CD
:10BA100048413232340000004543445341207769A5
:10BA20007468205348413232340000002A8648CEE0
:10BA30003D0403020000000065636473612D7769B3
:10BA400074682D5348413235360000004543445355
:10BA50004120776974682053484132353600000030
:10BA60002A8648CE3D04030300000000656364732A
:10BA7000612D776974682D534841333834000000D4
:10BA80004543445341207769746820534841333813
:10BA9000340000002A8648CE3D0403040000000064
:10BAA00065636473612D776974682D53484135313E
:10BAB00032000000454344534120776974682053A5
:10BAC00048413531320000002A864886F70D0101D1
:10BAD0000A0000005253415353412D50535300006C
:10BAE00069642D6B702D736572766572417574682B
:10BAF00000000000544C5320576562205365727655
:10BB000065722041757468656E7469636174696FEC
:10BB10006E0000002B06010505070302000000006F
:10BB200069642D6B702D636C69656E744175746802
:10BB300000000000544C532057656220436C696537
:10BB40006E742041757468656E7469636174696FA1
:10BB50006E0000002B06010505070303000000002E
:10BB600069642D6B702D636F64655369676E696ED0
:10BB700067000000436F6465205369676E696E67F4
:10BB8000000000002B06010505070304000000006B
:10BB900069642D6B702D656D61696C50726F746591
:10BBA0006374696F6E000000452D6D61696C2050F3
:10BBB000726F74656374696F6E0000002B06010577
:10BBC000050703080000000069642D6B702D74697F
:10BBD0006D655374616D70696E67000054696D65C1
:10BBE000205374616D70696E670000002B060105BB
:10BBF000050703090000000069642D6B702D4F4399
:10BC000053505369676E696E670000004F4353508D
:10BC1000205369676E696E670000000069642D63D8
:10BC2000652D6261736963436F6E73747261696ECF
:10BC300074730000426173696320436F6E737472A2
:10BC400061696E7473000000551D0F0069642D63F7
:10BC5000652D6B6579557361676500004B657920CB
:10BC60005573616765000000551D250069642D63EB
:10BC7000652D6578744B65795573616765000000C3
:10BC8000457874656E646564204B657920557361F1
:10BC900067650000551D110069642D63652D73757E
:10BCA000626A656374416C744E616D6500000000EA
:10BCB0005375626A65637420416C74204E616D65D2
:10BCC000000000006086480186F842010100000083
:10BCD00069642D6E657473636170652D636572743C
:10BCE00074797065000000004E657473636170655F
:10BCF0002043657274696669636174652054797064
:10BD00006500000069642D61742D636F6D6D6F6E49
:10BD10004E616D6500000000436F6D6D6F6E204ECB
:10BD2000616D6500434E00005504060069642D6195
:10BD3000742D636F756E7472794E616D65000000CD
:10BD4000436F756E7472790043000000550407005C
:10BD500069642D61742D6C6F63616C697479000086
:10BD60004C6F63616C697479000000004C00000046
:10BD70005504080069642D61742D73746174650045
:10BD800053746174650000005354000055040A00A8
:10BD900069642D61742D6F7267616E697A6174696F
:10BDA0006F6E4E616D6500004F7267616E697A61FA
:10BDB00074696F6E000000004F00000055040B0016
:10BDC00069642D61742D6F7267616E697A6174693F
:10BDD0006F6E616C556E69744E616D650000000098
:10BDE0004F726720556E6974000000004F550000C7
:10BDF0002A864886F70D010901000000656D61691A
:10BE00006C4164647265737300000000452D6D61C0
:10BE1000696C2061646472657373000055040500E9
:10BE200069642D61742D73657269616C4E756D6204
:10BE30006572000053657269616C206E756D626594
:10BE40007200000073657269616C4E756D62657297
:10BE5000000000005504100069642D61742D706F9E
:10BE60007374616C4164647265737300506F7374B2
:10BE7000616C20616464726573730000706F737429
:10BE8000616C4164647265737300000055041100B5
:10BE900069642D61742D706F7374616C436F646598
:10BEA00000000000506F7374616C20636F64650064
:10BEB000706F7374616C436F646500005504040017
:10BEC00069642D61742D7375724E616D650000009B
:10BED0005375726E616D6500534E000055042A0063
:10BEE00069642D61742D676976656E4E616D6500BC
:10BEF000476976656E206E616D650000474E0000F3
:10BF000055042B0069642D61742D696E6974696133
:10BF10006C730000496E697469616C730000000005
:10BF2000696E697469616C730000000055042C002F
:10BF300069642D61742D67656E65726174696F6ED9
:10BF40005175616C696669657200000047656E65D0
:10BF5000726174696F6E207175616C696669657272
:10BF60000000000067656E65726174696F6E5175DF
:10BF7000616C69666965720055040C0069642D6125
:10BF8000742D7469746C65005469746C65000000EC
:10BF90007469746C6500000055042E0069642D619D
:10BFA000742D646E5175616C69666965720000007C
:10BFB00044697374696E67756973686564204E615E
:10BFC0006D65207175616C696669657200000000BD
:10BFD000646E5175616C6966696572005504410053
:10BFE00069642D61742D70736575646F6E796D0071
:10BFF00050736575646F6E796D00000070736575C0
:10C00000646F6E796D0000000992268993F22C64AA
:10C010000119000069642D646F6D61696E436F6D75
:10C02000706F6E656E740000446F6D61696E2063A1
:10C030006F6D706F6E656E74000000004443000009
:10C0400055042D0069642D61742D756E69717565D7
:10C050004964656E7469666965720000556E697140
:10C060007565204964656E746966696572000000D3
:10C07000756E697175654964656E74696669657226
:10C080000000000050726F632D547970653A2034BF
:10C090002C454E43525950544544000044454B2DC5
:10C0A000496E666F3A204445532D454445332D4330
:10C0B00042432C0044454B2D496E666F3A2044455F
:10C0C000532D4342432C000044454B2D496E666F6F
:10C0D0003A204145532D000044454B2D496E666F73
:10C0E0003A204145532D3132382D4342432C000034
:10C0F00044454B2D496E666F3A204145532D3139E9
:10C10000322D4342432C000044454B2D496E666F4F
:10C110003A204145532D3235362D4342432C000001
:10C12000696E76616C696420504B00007273612EF9
:10C130004E0000007273612E4500000065636B6560
:10C14000792E51005253412D616C74004543445384
:10C150004100000045435F444800000045430000A3
:10C160002A864886F70D01050C0000002020504269
:10C170004B44463220285348413129202325643A34
:10C18000200000002A8648CE3D0101002A8648860C
:10C19000F70D010C010100002A864886F70D010504
:10C1A0000D0000002D2D2D2D2D454E4420525341C4
:10C1B0002050524956415445204B45592D2D2D2D87
:10C1C0002D0000002D2D2D2D2D424547494E20528A
:10C1D00053412050524956415445204B45592D2D2D
:10C1E0002D2D2D002D2D2D2D2D454E442045432048
:10C1F00050524956415445204B45592D2D2D2D2D3A
:10C20000000000002D2D2D2D2D424547494E204583
:10C21000432050524956415445204B45592D2D2D10
:10C220002D2D00002D2D2D2D2D454E4420505249F1
:10C2300056415445204B45592D2D2D2D2D000000E4
:10C240002D2D2D2D2D424547494E20505249564106
:10C250005445204B45592D2D2D2D2D002D2D2D2DA7
:10C260002D454E4420454E4352595054454420508C
:10C27000524956415445204B45592D2D2D2D2D0009
:10C280002D2D2D2D2D424547494E20454E435259C7
:10C29000505445442050524956415445204B45592D
:10C2A0002D2D2D2D2D0000002D2D2D2D2D454E44F5
:10C2B00020525341205055424C4943204B45592D63
:10C2C0002D2D2D2D000000002D2D2D2D2D4245470B
:10C2D000494E20525341205055424C4943204B4532
:10C2E000592D2D2D2D2D00002D2D2D2D2D454E445C
:10C2F000205055424C4943204B45592D2D2D2D2D75
:10C30000000000002D2D2D2D2D424547494E205077
:10C3100055424C4943204B45592D2D2D2D2D0000C4
:10C3200039323932373538343533303633443830B2
:10C33000334444363033443545373737443738385B
:10C340003845443144354246333537383631393053
:10C350004641324632334542433038343841454114
:10C360004444413932434136433344383042333216
:10C370004334443130394245304633364436414502
:10C3800037313330423943454437414344463534ED
:10C3900043464337353535414331344545424142C3
:10C3A00039334138393831334642463343344638DD
:10C3B00030363644324438303046374333384138EB
:10C3C00031414533313934323931373430334646EF
:10C3D00034393436423041383344334433453035D0
:10C3E000454535374336463546353630364642358F
:10C3F0004434424336434433344545303830314188
:10C4000035453934424237374230373530373233A9
:10C410003341304243374241433846393046373959
:10C42000000000004333364430454237464344322F
:10C430003835323233434642354141424135424438
:10C44000413344383243303143414431394541343A
:10C450003834413837454134333737363337453749
:10C46000353530304643423230303543354337443A
:10C470004436454334414330323343444132383506
:10C4800044373936433344394537354531454643DA
:10C490003432343838424234463144313341433304
:10C4A00030413537000000004330303044463531EC
:10C4B00041374337374145384437433733373043C3
:10C4C00031464635354236394532313143324239CB
:10C4D0004535444231454430424636314430443992
:10C4E00038393936323046343931304534313638DE
:10C4F00033383745334333304141314530304333AE
:10C5000033394137393530383834353244443936A7
:10C510004139413545413544394443413638444138
:10C520003633363033324146000000003234424662
:10C53000363138353436383738364644443330337C
:10C540003038334432354536344546433636434138
:10C550003437324243343444323533313032463862
:10C56000423441394433424641373530393133382A
:10C570003643303037373933374645333346413326
:10C580003235324432383835353833374145314227
:10C5900034383441384139413435463745453843DC
:10C5A00030433633344639394538434444463739C5
:10C5B00043354345303745453732433746313233CB
:10C5C00031343231393831363432333443414242F6
:10C5D00037323443463738423831373342394638B8
:10C5E00038304643383633323234303741463146BC
:10C5F000454446444445324245423637344341314E
:10C6000035463345383141313532314530373135B2
:10C610003133413145383542354446413033314676
:10C620003231454341453931413334440000000043
:10C6300031303030310000002020525341206B65F2
:10C64000792076616C69646174696F6E3A200000CC
:10C650007061737365640A2020504B43532331206B
:10C6600064656372797074696F6E203A200000000F
:10C670007061737365640A2020504B43532331204B
:10C68000656E6372797074696F6E203A20000000E5
:10C690002020504B4353233120646174612073691F
:10C6A000676E20203A2000007061737365640A2071
:10C6B00020504B43532331207369672E20766572D7
:10C6C0006966793A2000000020205348412D31202E
:10C6D00074657374202325643A20000042756666F1
:10C6E000657220616C6C6F636174696F6E20666146
:10C6F000696C65640000000020205348412D2564CA
:10C700002074657374202325643A2000544C532D03
:10C7100045434448452D45434453412D57495448CA
:10C720002D4145532D3132382D4342432D5348413D
:10C7300000000000756E6B6E6F776E00544C532DC9
:10C7400045434448452D45434453412D574954489A
:10C750002D4145532D3235362D4342432D5348410B
:10C7600000000000544C532D45434448452D45439B
:10C770004453412D574954482D4145532D313238AA
:10C780002D4342432D53484132353600544C532DEE
:10C7900045434448452D45434453412D574954484A
:10C7A0002D4145532D3132382D47434D2D534841AE
:10C7B00032353600544C532D45434448452D4543AE
:10C7C0004453412D574954482D4145532D32353658
:10C7D0002D4342432D53484133383400544C532D9C
:10C7E00045434448452D45434453412D57495448FA
:10C7F0002D4145532D3235362D47434D2D5348415C
:10C8000033383400544C532D45434448452D45435B
:10C810004453412D574954482D4145532D32353607
:10C820002D43434D00000000544C532D45434448D4
:10C83000452D45434453412D574954482D414553B7
:10C840002D3235362D43434D2D380000544C532D99
:10C8500045434448452D45434453412D5749544889
:10C860002D4145532D3132382D43434D00000000FA
:10C87000544C532D45434448452D45434453412D85
:10C88000574954482D4145532D3132382D43434D9E
:10C890002D380000544C532D45434448452D454305
:10C8A0004453412D574954482D43414D454C4C4923
:10C8B000412D3132382D4342432D534841323536D4
:10C8C00000000000544C532D45434448452D45433A
:10C8D0004453412D574954482D43414D454C4C49F3
:10C8E000412D3235362D4342432D534841333834A0
:10C8F00000000000544C532D45434448452D45430A
:10C900004453412D574954482D43414D454C4C49C2
:10C91000412D3132382D47434D2D53484132353664
:10C9200000000000544C532D45434448452D4543D9
:10C930004453412D574954482D43414D454C4C4992
:10C94000412D3235362D47434D2D53484133383430
:10C9500000000000544C532D45434448452D4543A9
:10C960004453412D574954482D334445532D454494
:10C97000452D4342432D534841000000544C532D54
:10C9800045434448452D5253412D574954482D4164
:10C9900045532D3132382D4342432D534841000039
:10C9A000544C532D45434448452D5253412D57492E
:10C9B00054482D4145532D3235362D4342432D5396
:10C9C00048410000544C532D45434448452D525393
:10C9D000412D574954482D4145532D3132382D436F
:10C9E00042432D534841323536000000544C532DFC
:10C9F00045434448452D5253412D574954482D41F4
:10CA000045532D3132382D47434D2D534841323552
:10CA100036000000544C532D45434448452D525395
:10CA2000412D574954482D4145532D3235362D431C
:10CA300042432D534841333834000000544C532DA9
:10CA400045434448452D5253412D574954482D41A3
:10CA500045532D3235362D47434D2D5348413338FC
:10CA600034000000544C532D45434448452D525347
:10CA7000412D574954482D43414D454C4C49412D7A
:10CA80003132382D4342432D534841323536000070
:10CA9000544C532D45434448452D5253412D57493D
:10CAA00054482D43414D454C4C49412D3235362D8E
:10CAB0004342432D5348413338340000544C532DE6
:10CAC00045434448452D5253412D574954482D4321
:10CAD000414D454C4C49412D3132382D47434D2D68
:10CAE0005348413235360000544C532D4543444899
:10CAF000452D5253412D574954482D43414D454CE6
:10CB00004C49412D3235362D47434D2D5348413345
:10CB100038340000544C532D45434448452D52535E
:10CB2000412D574954482D334445532D4544452DF7
:10CB30004342432D53484100544C532D4448452D06
:10CB40005253412D574954482D4145532D323536C6
:10CB50002D47434D2D53484133383400544C532D09
:10CB60004448452D5253412D574954482D41455372
:10CB70002D3132382D47434D2D5348413235360043
:10CB8000544C532D4448452D5253412D5749544838
:10CB90002D4145532D3132382D4342432D534841C9
:10CBA00032353600544C532D4448452D5253412DB7
:10CBB000574954482D4145532D3235362D43424374
:10CBC0002D53484132353600544C532D4448452DA1
:10CBD0005253412D574954482D4145532D31323838
:10CBE0002D4342432D53484100000000544C532D27
:10CBF0004448452D5253412D574954482D414553E2
:10CC00002D3235362D4342432D534841000000005C
:10CC1000544C532D4448452D5253412D57495448A7
:10CC20002D4145532D3235362D43434D0000000034
:10CC3000544C532D4448452D5253412D5749544887
:10CC40002D4145532D3235362D43434D2D380000AF
:10CC5000544C532D4448452D5253412D5749544867
:10CC60002D4145532D3132382D43434D00000000F6
:10CC7000544C532D4448452D5253412D5749544847
:10CC80002D4145532D3132382D43434D2D38000071
:10CC9000544C532D4448452D5253412D5749544827
:10CCA0002D43414D454C4C49412D3132382D4342A5
:10CCB000432D53484132353600000000544C532D6B
:10CCC0004448452D5253412D574954482D43414D19
:10CCD000454C4C49412D3235362D4342432D534866
:10CCE0004132353600000000544C532D4448452D48
:10CCF0005253412D574954482D43414D454C4C49C1
:10CD0000412D3132382D4342432D5348410000001C
:10CD1000544C532D4448452D5253412D57495448A6
:10CD20002D43414D454C4C49412D3235362D434222
:10CD3000432D534841000000544C532D4448452D89
:10CD40005253412D574954482D43414D454C4C4970
:10CD5000412D3132382D47434D2D53484132353620
:10CD600000000000544C532D4448452D5253412D92
:10CD7000574954482D43414D454C4C49412D32357E
:10CD8000362D47434D2D53484133383400000000C1
:10CD9000544C532D4448452D5253412D5749544826
:10CDA0002D334445532D4544452D4342432D53488F
:10CDB00041000000544C532D5253412D57495448C3
:10CDC0002D4145532D3235362D47434D2D53484186
:10CDD00033383400544C532D5253412D5749544845
:10CDE0002D4145532D3132382D47434D2D53484168
:10CDF00032353600544C532D5253412D5749544827
:10CE00002D4145532D3132382D4342432D53484156
:10CE100032353600544C532D5253412D5749544806
:10CE20002D4145532D3235362D4342432D53484134
:10CE300032353600544C532D5253412D57495448E6
:10CE40002D4145532D3132382D4342432D53484116
:10CE500000000000544C532D5253412D5749544863
:10CE60002D4145532D3235362D4342432D534841F4
:10CE700000000000544C532D5253412D5749544843
:10CE80002D4145532D3235362D43434D00000000D2
:10CE9000544C532D5253412D574954482D4145531D
:10CEA0002D3235362D43434D2D380000544C532D33
:10CEB0005253412D574954482D4145532D31323855
:10CEC0002D43434D00000000544C532D5253412D2F
:10CED000574954482D4145532D3132382D43434D48
:10CEE0002D380000544C532D5253412D574954486E
:10CEF0002D43414D454C4C49412D3132382D434253
:10CF0000432D53484132353600000000544C532D18
:10CF10005253412D574954482D43414D454C4C499E
:10CF2000412D3235362D4342432D5348413235365B
:10CF300000000000544C532D5253412D5749544882
:10CF40002D43414D454C4C49412D3132382D434202
:10CF5000432D534841000000544C532D5253412D52
:10CF6000574954482D43414D454C4C49412D32358C
:10CF7000362D4342432D534841000000544C532D5D
:10CF80005253412D574954482D43414D454C4C492E
:10CF9000412D3132382D47434D2D534841323536DE
:10CFA00000000000544C532D5253412D5749544812
:10CFB0002D43414D454C4C49412D3235362D47438B
:10CFC0004D2D53484133383400000000544C532D4C
:10CFD0005253412D574954482D334445532D454410
:10CFE000452D4342432D534841000000544C532DDE
:10CFF000454344482D5253412D574954482D4145EE
:10D00000532D3132382D4342432D53484100000007
:10D01000544C532D454344482D5253412D574954A8
:10D02000482D4145532D3235362D4342432D53482B
:10D0300041000000544C532D454344482D52534168
:10D040002D574954482D4145532D3132382D4342F7
:10D05000432D53484132353600000000544C532DC7
:10D06000454344482D5253412D574954482D41457D
:10D07000532D3132382D47434D2D534841323536EB
:10D0800000000000544C532D454344482D52534159
:10D090002D574954482D4145532D3235362D4342A5
:10D0A000432D53484133383400000000544C532D75
:10D0B000454344482D5253412D574954482D41452D
:10D0C000532D3235362D47434D2D53484133383497
:10D0D00000000000544C532D454344482D52534109
:10D0E0002D574954482D43414D454C4C49412D3114
:10D0F00032382D4342432D5348413235360000002B
:10D10000544C532D454344482D5253412D574954B7
:10D11000482D43414D454C4C49412D3235362D4328
:10D1200042432D534841333834000000544C532DB2
:10D13000454344482D5253412D574954482D4341AE
:10D140004D454C4C49412D3132382D47434D2D53DF
:10D150004841323536000000544C532D4543444875
:10D160002D5253412D574954482D43414D454C4C68
:10D1700049412D3235362D47434D2D5348413338E3
:10D1800034000000544C532D454344482D52534124
:10D190002D574954482D334445532D4544452D437F
:10D1A00042432D5348410000544C532D45434448BD
:10D1B0002D45434453412D574954482D4145532D46
:10D1C0003132382D4342432D53484100544C532DA6
:10D1D000454344482D45434453412D574954482D18
:10D1E0004145532D3235362D4342432D534841009E
:10D1F000544C532D454344482D45434453412D57EA
:10D200004954482D4145532D3132382D4342432D49
:10D210005348413235360000544C532D4543444861
:10D220002D45434453412D574954482D4145532DD5
:10D230003132382D47434D2D5348413235360000A9
:10D24000544C532D454344482D45434453412D5799
:10D250004954482D4145532D3235362D4342432DF7
:10D260005348413338340000544C532D454344480F
:10D270002D45434453412D574954482D4145532D85
:10D280003235362D47434D2D534841333834000055
:10D29000544C532D454344482D45434453412D5749
:10D2A0004954482D43414D454C4C49412D3132386C
:10D2B0002D4342432D53484132353600544C532DB3
:10D2C000454344482D45434453412D574954482D27
:10D2D00043414D454C4C49412D3235362D43424357
:10D2E0002D53484133383400544C532D4543444862
:10D2F0002D45434453412D574954482D43414D45F5
:10D300004C4C49412D3132382D47434D2D53484126
:10D3100032353600544C532D454344482D45434443
:10D3200053412D574954482D43414D454C4C49419B
:10D330002D3235362D47434D2D5348413338340077
:10D34000544C532D454344482D45434453412D5798
:10D350004954482D334445532D4544452D434243BC
:10D360002D53484100000000544C532D50534B2D79
:10D37000574954482D4145532D3132382D47434D9F
:10D380002D53484132353600544C532D50534B2DBC
:10D39000574954482D4145532D3235362D47434D7D
:10D3A0002D53484133383400544C532D50534B2D9A
:10D3B000574954482D4145532D3132382D4342436E
:10D3C0002D53484132353600544C532D50534B2D7C
:10D3D000574954482D4145532D3235362D4342434C
:10D3E0002D53484133383400544C532D50534B2D5A
:10D3F000574954482D4145532D3132382D4342432E
:10D400002D53484100000000544C532D50534B2DD8
:10D41000574954482D4145532D3235362D4342430B
:10D420002D53484100000000544C532D50534B2DB8
:10D43000574954482D4145532D3235362D43434DE0
:10D4400000000000544C532D50534B2D5749544865
:10D450002D4145532D3235362D43434D2D38000097
:10D46000544C532D50534B2D574954482D4145533F
:10D470002D3132382D43434D00000000544C532DC4
:10D4800050534B2D574954482D4145532D31323877
:10D490002D43434D2D380000544C532D50534B2DEC
:10D4A000574954482D43414D454C4C49412D31324B
:10D4B000382D4342432D5348413235360000000099
:10D4C000544C532D50534B2D574954482D43414DE7
:10D4D000454C4C49412D3235362D4342432D53485E
:10D4E0004133383400000000544C532D50534B2D21
:10D4F000574954482D43414D454C4C49412D3132FB
:10D50000382D47434D2D5348413235360000000039
:10D51000544C532D50534B2D574954482D43414D96
:10D52000454C4C49412D3235362D47434D2D5348FE
:10D530004133383400000000544C532D50534B2DD0
:10D54000574954482D334445532D4544452D4342B6
:10D55000432D534841000000544C532D4448452D61
:10D5600050534B2D574954482D4145532D31323896
:10D570002D47434D2D53484132353600544C532DE1
:10D580004448452D50534B2D574954482D41455340
:10D590002D3235362D47434D2D5348413338340015
:10D5A000544C532D4448452D50534B2D5749544806
:10D5B0002D4145532D3132382D4342432D5348419F
:10D5C00032353600544C532D4448452D50534B2D85
:10D5D000574954482D4145532D3235362D4342434A
:10D5E0002D53484133383400544C532D4448452D75
:10D5F00050534B2D574954482D4145532D31323806
:10D600002D4342432D53484100000000544C532DFC
:10D610004448452D50534B2D574954482D414553AF
:10D620002D3235362D4342432D5348410000000032
:10D63000544C532D4448452D50534B2D5749544875
:10D640002D4145532D3235362D43434D000000000A
:10D65000544C532D4448452D50534B2D5749544855
:10D660002D4145532D3235362D43434D2D38000085
:10D67000544C532D4448452D50534B2D5749544835
:10D680002D4145532D3132382D43434D00000000CC
:10D69000544C532D4448452D50534B2D5749544815
:10D6A0002D4145532D3132382D43434D2D38000047
:10D6B000544C532D4448452D50534B2D57495448F5
:10D6C0002D43414D454C4C49412D3132382D43427B
:10D6D000432D53484132353600000000544C532D41
:10D6E0004448452D50534B2D574954482D43414DE7
:10D6F000454C4C49412D3235362D4342432D53483C
:10D700004133383400000000544C532D4448452D1B
:10D7100050534B2D574954482D43414D454C4C498E
:10D72000412D3132382D47434D2D53484132353646
:10D7300000000000544C532D4448452D50534B2DB0
:10D74000574954482D43414D454C4C49412D3235A4
:10D75000362D47434D2D53484133383400000000E7
:10D76000544C532D4448452D50534B2D5749544844
:10D770002D334445532D4544452D4342432D5348B5
:10D7800041000000544C532D45434448452D50530F
:10D790004B2D574954482D4145532D3132382D4397
:10D7A00042432D534841323536000000544C532D2E
:10D7B00045434448452D50534B2D574954482D411E
:10D7C00045532D3235362D4342432D53484133388E
:10D7D00034000000544C532D45434448452D5053CC
:10D7E0004B2D574954482D4145532D3132382D4347
:10D7F00042432D5348410000544C532D4543444867
:10D80000452D50534B2D574954482D4145532D32EA
:10D8100035362D4342432D5348410000544C532D7F
:10D8200045434448452D50534B2D574954482D43AB
:10D83000414D454C4C49412D3132382D4342432D09
:10D840005348413235360000544C532D454344482B
:10D85000452D50534B2D574954482D43414D454C70
:10D860004C49412D3235362D4342432D53484133E7
:10D8700038340000544C532D45434448452D5053F3
:10D880004B2D574954482D334445532D4544452D80
:10D890004342432D53484100544C532D5253412D84
:10D8A00050534B2D574954482D4145532D31323853
:10D8B0002D47434D2D53484132353600544C532D9E
:10D8C0005253412D50534B2D574954482D414553E8
:10D8D0002D3235362D47434D2D53484133383400D2
:10D8E000544C532D5253412D50534B2D57495448AE
:10D8F0002D4145532D3132382D4342432D5348415C
:10D9000032353600544C532D5253412D50534B2D2C
:10D91000574954482D4145532D3235362D43424306
:10D920002D53484133383400544C532D5253412D1C
:10D9300050534B2D574954482D4145532D313238C2
:10D940002D4342432D53484100000000544C532DB9
:10D950005253412D50534B2D574954482D41455357
:10D960002D3235362D4342432D53484100000000EF
:10D97000544C532D5253412D50534B2D574954481D
:10D980002D43414D454C4C49412D3132382D4342B8
:10D99000432D53484132353600000000544C532D7E
:10D9A0005253412D50534B2D574954482D43414D0F
:10D9B000454C4C49412D3235362D4342432D534879
:10D9C0004133383400000000544C532D5253412D44
:10D9D00050534B2D574954482D43414D454C4C49CC
:10D9E000412D3132382D47434D2D53484132353684
:10D9F00000000000544C532D5253412D50534B2DD9
:10DA0000574954482D43414D454C4C49412D3235E1
:10DA1000362D47434D2D5348413338340000000024
:10DA2000544C532D5253412D50534B2D574954486C
:10DA30002D334445532D4544452D4342432D5348F2
:10DA400041000000636C69656E742066696E6973DD
:10DA5000686564007365727665722066696E6973C5
:10DA60006865640044544C5376312E300000000049
:10DA700044544C5376312E3200000000756E6B6EAC
:10DA80006F776E202844544C5329000065787465E4
:10DA90006E646564206D6173746572207365637272
:10DAA000657400006D6173746572207365637265DF
:10DAB000740000006B657920657870616E73696F22
:10DAC0006E00000053534C76332E3000544C537686
:10DAD000312E3000544C5376312E3100544C537655
:10DAE000312E3200202B20002C20000025733D0019
:10DAF0003F3F3D0025303258257300002E2E2E2E3C
:10DB0000000000002020582E3530392063657274E3
:10DB100069666963617465206C6F61643A20000016
:10DB20007061737365640A2020582E353039207374
:10DB300069676E6174757265207665726966793A97
:10DB4000200000002A864886F70D01010800000029
:10DB50003F3F3F00202825732C204D4746312D257F
:10DB6000732C203078253032582900002573206B23
:10DB700065792073697A650074727565000000002C
:10DB800066616C73650000000A43657274696669BA
:10DB90006361746520697320756E696E697469616B
:10DBA0006C69736564210A002573636572742E20A5
:10DBB00076657273696F6E20202020203A202564DC
:10DBC0000A000000257373657269616C206E756DC3
:10DBD00062657220202020203A2000000A25736907
:10DBE0007373756572206E616D6520202020202082
:10DBF000203A20000A25737375626A656374206E8B
:10DC0000616D652020202020203A20000A257369BC
:10DC1000737375656420206F6E20202020202020E3
:10DC2000203A20253034642D253032642D253032C1
:10DC30006420253032643A253032643A253032642B
:10DC4000000000000A257365787069726573206FA3
:10DC50006E20202020202020203A20253034642DE2
:10DC6000253032642D2530326420253032643A2547
:10DC70003032643A25303264000000000A257373A4
:10DC800069676E6564207573696E672020202020A7
:10DC9000203A20000A2573252D3138733A20256457
:10DCA00020626974730000000A25736261736963FE
:10DCB00020636F6E73747261696E7473203A2043CF
:10DCC000413D2573000000002C206D61785F70617C
:10DCD00074686C656E3D2564000000000A2573734E
:10DCE00075626A65637420616C74206E616D652075
:10DCF000203A20000A2573636572742E20747970AF
:10DD00006520202020202020203A20002573535316
:10DD10004C20436C69656E740000000025735353FA
:10DD20004C20536572766572000000002573456DC6
:10DD300061696C0025734F626A656374205369677B
:10DD40006E696E6700000000257352657365727618
:10DD500065640000257353534C20434100000000CC
:10DD60002573456D61696C204341000025734F6246
:10DD70006A656374205369676E696E67204341006A
:10DD80000A25736B657920757361676520202020F3
:10DD900020202020203A200025734469676974619F
:10DDA0006C205369676E61747572650025734E6FE0
:10DDB0006E205265707564696174696F6E00000051
:10DDC00025734B657920456E6369706865726D6572
:10DDD0006E74000025734461746120456E63697040
:10DDE0006865726D656E740025734B6579204167B7
:10DDF0007265656D656E740025734B6579204365AA
:10DE00007274205369676E00257343524C20536926
:10DE1000676E00002573456E636970686572204FF8
:10DE20006E6C790025734465636970686572204F74
:10DE30006E6C79000A2573657874206B657920759E
:10DE40007361676520202020203A20002573257308
:10DE50000000000054686520636572746966696338
:10DE60006174652076616C69646974792068617396
:10DE70002065787069726564000000002573257361
:10DE80000A0000002573556E6B6E6F776E20726509
:10DE900061736F6E2028746869732073686F756C86
:10DEA00064206E6F742068617070656E290A0000CE
:10DEB0002D2D2D2D2D424547494E20434552544985
:10DEC0004649434154452D2D2D2D2D002D2D2D2D11
:10DED0002D454E44204345525449464943415445FB
:10DEE0002D2D2D2D2D000000546865206365727462
:10DEF0006966696361746520686173206265656E37
:10DF0000207265766F6B656420286973206F6E20C0
:10DF1000612043524C290000546865206365727487
:10DF20006966696361746520436F6D6D6F6E204E25
:10DF3000616D652028434E2920646F6573206E6FE4
:10DF400074206D61746368207769746820746865F3
:10DF500020657870656374656420434E000000009E
:10DF600054686520636572746966696361746520CD
:10DF70006973206E6F7420636F72726563746C795D
:10DF8000207369676E656420627920746865207407
:10DF90007275737465642043410000005468652005
:10DFA00043524C206973206E6F7420636F727265E8
:10DFB00063746C79207369676E656420627920747C
:10DFC00068652074727573746564204341000000B5
:10DFD0005468652043524C206973206578706972DB
:10DFE00065640000436572746966696361746520E5
:10DFF000776173206D697373696E6700436572742E
:10E0000069666963617465207665726966696361D2
:10E0100074696F6E2077617320736B6970706564CB
:10E02000000000004F7468657220726561736F6E46
:10E03000202863616E2062652075736564206279B3
:10E04000207665726966792063616C6C6261636BCE
:10E05000290000005468652063657274696669630D
:10E060006174652076616C69646974792073746188
:10E0700072747320696E2074686520667574757299
:10E08000650000005468652043524C206973206687
:10E09000726F6D2074686520667574757265000016
:10E0A000557361676520646F6573206E6F74206DB2
:10E0B0006174636820746865206B65795573616766
:10E0C0006520657874656E73696F6E00557361675E
:10E0D0006520646F6573206E6F74206D6174636872
:10E0E0002074686520657874656E6465644B657935
:10E0F000557361676520657874656E73696F6E002E
:10E10000557361676520646F6573206E6F74206D51
:10E110006174636820746865206E7343657274541B
:10E1200079706520657874656E73696F6E000000A4
:10E1300054686520636572746966696361746520FB
:10E140006973207369676E656420776974682061FC
:10E150006E20756E61636365707461626C652068C2
:10E160006173682E00000000546865206365727456
:10E1700069666963617465206973207369676E6598
:10E1800064207769746820616E20756E61636365D1
:10E19000707461626C6520504B20616C672028654B
:10E1A0006720525341207673204543445341292E22
:10E1B00000000000546865206365727469666963D5
:10E1C000617465206973207369676E65642077697F
:10E1D000746820616E20756E61636365707461623E
:10E1E0006C65206B65792028656720626164206317
:10E1F000757276652C2052534120746F6F207368BE
:10E200006F7274292E0000005468652043524C2020
:10E210006973207369676E6564207769746820612B
:10E220006E20756E61636365707461626C652068F1
:10E230006173682E000000005468652043524C2032
:10E240006973207369676E656420776974682061FB
:10E250006E20756E61636365707461626C652050D9
:10E260004B20616C672028656720525341207673EC
:10E27000204543445341292E000000005468652086
:10E2800043524C206973207369676E656420776917
:10E29000746820616E20756E61636365707461627D
:10E2A0006C65206B65792028656720626164206356
:10E2B000757276652C2052534120746F6F207368FD
:10E2C0006F7274292E0000006173696E00000000F7
:10E2D000706F77007371727400000000504F5349E3
:10E2E00058000000494E4600696E66004E414E00DF
:10E2F0006E616E0030313233343536373839616211
:10E300006364656600000000286E756C6C2900006F
:10E31000303132333435363738396162636465669B
:10E320006768696A6B6C6D6E6F7071727374757605
:10E330007778797A00000000496E66696E697479B1
:10E34000000000004E614E00000100001C62002031
:10E350001200000000060000F8F702600A0000004A
:10E3600000020000ACF702604B0000000007000054
:10E3700060F702604B000000000300005CF70260E1
:10E38000000000000103090444F7026000000000DF
:10E39000020309042CF702600000000003030904D3
:10E3A00028650020000000000000000000000000C0
:10E3B000000000003030303030303030303030301D
:10E3C000303030303030303030303030303030304D
:10E3D00030303030000000000000000000208C4091
:10E3E00000000000AC530020145400207C54002096
:10E3F000000000000000000000000000000000001D
:10E40000000000000000000000000000000000000C
:10E4100000000000000000000000000000000000FC
:10E4200000000000000000000000000000000000EC
:10E4300000000000000000000000000000000000DC
:10E4400000000000000000000000000000000000CC
:10E4500000000000000000000000000000000000BC
:10E4600000000000000000000000000000000000AC
:10E47000000000000000000000000000000000009C
:10E48000000000000000000001000000000000008B
:10E490000E33CDAB34126DE6ECDE05000B00000050
:10E4A000000000000000000000000000000000006C
:10E4B000000000000000000000000000000000005C
:10E4C000000000000000000000000000000000004C
:10E4D000000000000000000000000000000000003C
:10E4E000000000000000000000000000000000002C
:10E4F000000000000000000000000000000000001C
:10E50000000000000000000000000000000000000B
:10E5100000000000000000000000000000000000FB
:10E5200000000000000000000000000000000000EB
:10E5300000000000000000000000000000000000DB
:10E5400000000000000000000000000000000000CB
:10E5500000000000000000000000000000000000BB
:10E5600000000000000000000000000000000000AB
:10E57000000000000000000000000000000000009B
:10E58000000000000000000000000000000000008B
:10E59000000000000000000000000000000000007B
:10E5A000000000000000000000000000000000006B
:10E5B000000000000000000000000000000000005B
:10E5C000000000000000000000000000000000004B
:10E5D000000000000000000000000000000000003B
:10E5E000000000000000000000000000000000002B
:10E5F000000000000000000000000000000000001B
:10E60000000000000000000000000000000000000A
:10E6100000000000000000000000000000000000FA
:10E6200000000000000000000000000000000000EA
:10E6300000000000000000000000000000000000DA
:10E6400000000000000000000000000000000000CA
:10E6500000000000000000000000000000000000BA
:10E6600000000000000000000000000000000000AA
:10E67000000000000000000000000000000000009A
:10E68000000000000000000000000000000000008A
:10E69000000000000000000000000000000000007A
:10E6A000000000000000000000000000000000006A
:10E6B000000000000000000000000000000000005A
:10E6C000000000000000000000000000000000004A
:10E6D000000000000000000000000000000000003A
:10E6E000000000000000000000000000000000002A
:10E6F000000000000000000000000000000000001A
:10E700000000000000000000000000000000000009
:10E7100000000000000000000000000000000000F9
:10E7200000000000000000000000000000000000E9
:10E7300000000000000000000000000000000000D9
:10E7400000000000000000000000000000000000C9
:10E7500000000000000000000000000000000000B9
:10E7600000000000000000000000000000000000A9
:10E770000000000000000000000000000000000099
:10E780000000000000000000000000000000000089
:10E790000000000000000000000000000000000079
:10E7A0000000000000000000000000000000000069
:10E7B0000000000000000000000000000000000059
:10E7C0000000000000000000000000000000000049
:10E7D0000000000000000000000000000000000039
:10E7E0000000000000000000000000000000000029
:10E7F0000000000000000000000000000000000019
:10E80000000000000000000000000000B82200002E
:10E81000B90800000029DE07007B9A1780817EFA84
:10E82000080000000000000000CC000080817EFD98
:10E83000080000000000000000CC0000500600208E
:10E8400000000000E8030000000000002C0600208B
:10E8500000000000E8030000000000000000194074
:10E86000E45A002000000000D8A40020D8A3002013
:10E870000000000000000000280000004000000030
:10E880002800000040000000000000000000000020
:10E890000000000000000000000000000000000078
:10E8A0000000000000000000000000002C06002016
:10E8B00000000000E8030000000000000080184095
:10E8C000805A00200000000000A5002018A40020AD
:10E8D00000000000000000002800000040000000D0
:10E8E00028000000400000000000000000000000C0
:10E8F0000000000000000000000000000000000018
:10E900000000000000000000000000002C060020B5
:10E9100000000000E80300000000000000001A40B2
:10E92000AC5B00200000000028A5002058A40020B7
:10E93000000000000000000028000000400000006F
:10E94000280000004000000000000000000000005F
:10E9500000000000000000000000000000000000B7
:10E960000000000000000000000000002C06002055
:10E9700000000000E80300000000000000C0194093
:10E98000485B00200000000050A5002098A4002053
:10E99000000000000000000028000000400000000F
:10E9A00028000000400000000000000000000000FF
:10E9B0000000000000000000000000000000000057
:10E9C000000000000000000000000000EC550020E6
:10E9D0002C5500204C560020780600200000000036
:10E9E000E80300000000000000003F40D8F602608D
:10E9F0000000000000000000000000000000000017
:10EA00000000000000000000000000000000000006
:10EA100000000000000000000000000000000000F6
:10EA200000000000000000000000000000000000E6
:10EA300000000000000000000000000000000000D6
:10EA400000000000000000000000000000000000C6
:10EA500000000000000000000000000000000000B6
:10EA600000000000000000000000000000000000A6
:10EA70000000000000000000000000000000000096
:10EA80000000000000000000000000000000000086
:10EA90000000000000000000000000000000000076
:10EAA0000000000000000000000000000000000066
:10EAB0000000000000000000000000000000000056
:10EAC0000000000000000000000000000000000046
:10EAD0000000000000000000000000000000000036
:10EAE0000000000000000000000000000000000026
:10EAF0000000000000000000000000000000000016
:10EB00000000000000000000000000000000000005
:10EB10000000000000000000780600200000000057
:10EB2000E80300000000000000803F4088F602601B
:10EB300000000000000000000000000000000000D5
:10EB400000000000000000000000000000000000C5
:10EB500000000000000000000000000000000000B5
:10EB600000000000000000000000000000000000A5
:10EB70000000000000000000000000000000000095
:10EB80000000000000000000000000000000000085
:10EB90000000000000000000000000000000000075
:10EBA0000000000000000000000000000000000065
:10EBB0000000000000000000000000000000000055
:10EBC0000000000000000000000000000000000045
:10EBD0000000000000000000000000000000000035
:10EBE0000000000000000000000000000000000025
:10EBF0000000000000000000000000000000000015
:10EC00000000000000000000000000000000000004
:10EC100000000000000000000000000000000000F4
:10EC200000000000000000000000000000000000E4
:10EC300000000000000000000000000000000000D4
:10EC400000000000000000000000000000000000C4
:10EC50000000000000000000780600200000000016
:10EC6000E80300000000000000C03F4038F60260EA
:10EC70000000000000000000000000000000000094
:10EC80000000000000000000000000000000000084
:10EC90000000000000000000000000000000000074
:10ECA0000000000000000000000000000000000064
:10ECB0000000000000000000000000000000000054
:10ECC0000000000000000000000000000000000044
:10ECD0000000000000000000000000000000000034
:10ECE0000000000000000000000000000000000024
:10ECF0000000000000000000000000000000000014
:10ED00000000000000000000000000000000000003
:10ED100000000000000000000000000000000000F3
:10ED200000000000000000000000000000000000E3
:10ED300000000000000000000000000000000000D3
:10ED400000000000000000000000000000000000C3
:10ED500000000000000000000000000000000000B3
:10ED600000000000000000000000000000000000A3
:10ED70000000000000000000000000000000000093
:10ED80000000000000000000000000000000000083
:10ED900000000000000000000000000080000000F3
:10EDA00002150000B9E30000B1FF000029F702607E
:10EDB00068C00F40000000300F000000020000009B
:10EDC0002C851F4001000000FF000000FF00000034
:10EDD00000000000000000000E0000000200000023
:10EDE00030851F4001000000FF000000FF00000010
:10EDF0000000000000000000130240002600180080
:10EE00007800000001170000ADE30000ADFF000036
:10EE100028F702606CC00F400000000307000000EC
:10EE20000200000040851F4002000000FF000000BB
:10EE3000FF000000000000000000000008000000CB
:10EE40000200000044851F4002000000FF00000097
:10EE5000FF0000000000000000000000FF00400074
:10EE6000260018007A000000061A0000D1E3000016
:10EE7000B9FF00002BF702607CC00F400000000CBF
:10EE80001C0000000200000058851F400100000027
:10EE9000FF000000FF000000000000000000000074
:10EEA0001D000000020000005C851F400100000002
:10EEB000FF000000FF000000000000000000000054
:10EEC000FF004000260018007D000000041B000029
:10EED000C5E30000B5FF00002AF7026080C00F40C4
:10EEE00000C00000150000000200000060851F4007
:10EEF000010000002E0000000200000060851F409D
:10EF000000000000140000000200000064851F40A3
:10EF1000010000002F0000000200000064851F4077
:10EF2000000000002B024000260018007E000000B8
:10EF30000000000080000000FFFFFFFF8030202065
:10EF4000430000000000000000000000000000007E
:10EF500000000000000000000000000000000000B1
:10EF6000430000000000000000000000000000005E
:10EF70000000000000000000000000000000000091
:10EF8000430000000000000000000000000000003E
:10EF90000000000000000000000000000000000071
:10EFA000430000000000000000000000000000001E
:10EFB0000000000000000000000000000000000051
:10EFC00043000000000000000000000000000000FE
:10EFD0000000000000000000000000000000000031
:10EFE00043000000000000000000000000000000DE
:10EFF0000000000000000000000000000000000011
:10F0000043000000000000000000000000000000BD
:10F0100000000000000000000000000000000000F0
:10F02000DD7401001135010000000000C808002057
:10F03000A44F0020C8220020C8220020C82200209F
:10F04000C8220020C8220020C8220020C822002098
:10F05000C8220020C8220020FFFFFFFFFFFFFFFFA4
:10F06000FFFFFFFFFFFF000001004153434949003C
:10F070000000000000000000000000000000000090
:10F080000000000000000000000041534349490017
:10F090000000000000000000000000000000000070
:10F0A0000000000000000000000000000000000060
:10F0B000000000008C5D00208C5D0020945D00202D
:10F0C000945D00209C5D00209C5D0020A45D0020DC
:10F0D000A45D0020AC5D0020AC5D0020B45D00208C
:10F0E000B45D0020BC5D0020BC5D0020C45D00203C
:10F0F000C45D0020CC5D0020CC5D0020D45D0020EC
:10F10000D45D0020DC5D0020DC5D0020E45D00209B
:10F11000E45D0020EC5D0020EC5D0020F45D00204B
:10F12000F45D0020FC5D0020FC5D0020045E0020FA
:10F13000045E00200C5E00200C5E0020145E0020A7
:10F14000145E00201C5E00201C5E0020245E002057
:10F15000245E00202C5E00202C5E0020345E002007
:10F16000345E00203C5E00203C5E0020445E0020B7
:10F17000445E00204C5E00204C5E0020545E002067
:10F18000545E00205C5E00205C5E0020645E002017
:10F19000645E00206C5E00206C5E0020745E0020C7
:10F1A000745E00207C5E00207C5E0020845E002077
:10F1B000845E00208C5E00208C5E0020945E002027
:10F1C000945E00209C5E00209C5E0020A45E0020D7
:10F1D000A45E0020AC5E0020AC5E0020B45E002087
:10F1E000B45E0020BC5E0020BC5E0020C45E002037
:10F1F000C45E0020CC5E0020CC5E0020D45E0020E7
:10F20000D45E0020DC5E0020DC5E0020E45E002096
:10F21000E45E0020EC5E0020EC5E0020F45E002046
:10F22000F45E0020FC5E0020FC5E0020045F0020F5
:10F23000045F00200C5F00200C5F0020145F0020A2
:10F24000145F00201C5F00201C5F0020245F002052
:10F25000245F00202C5F00202C5F0020345F002002
:10F26000345F00203C5F00203C5F0020445F0020B2
:10F27000445F00204C5F00204C5F0020545F002062
:10F28000545F00205C5F00205C5F0020645F002012
:10F29000645F00206C5F00206C5F0020745F0020C2
:10F2A000745F00207C5F00207C5F0020845F002072
:10F2B000845F00208C5F00208C5F0020945F002022
:10F2C000945F00209C5F00209C5F0020A45F0020D2
:10F2D000A45F0020AC5F0020AC5F0020B45F002082
:10F2E000B45F0020BC5F0020BC5F0020C45F002032
:10F2F000C45F0020CC5F0020CC5F0020D45F0020E2
:10F30000D45F0020DC5F0020DC5F0020E45F002091
:10F31000E45F0020EC5F0020EC5F0020F45F002041
:10F32000F45F0020FC5F0020FC5F002004600020F0
:10F33000046000200C6000200C600020146000209D
:10F34000146000201C6000201C600020246000204D
:10F35000246000202C6000202C60002034600020FD
:10F36000346000203C6000203C60002044600020AD
:10F37000446000204C6000204C600020546000205D
:10F38000546000205C6000205C600020646000200D
:10F39000646000206C6000206C60002074600020BD
:10F3A000746000207C6000207C600020846000206D
:10F3B000846000208C6000208C600020946000201D
:10F3C000946000209C6000209C600020A4600020CD
:10F3D000A4600020AC600020AC600020B46000207D
:10F3E000B4600020BC600020BC600020C46000202D
:10F3F000C4600020CC600020CC600020D4600020DD
:10F40000D4600020DC600020DC600020E46000208C
:10F41000E4600020EC600020EC600020F46000203C
:10F42000F4600020FC600020FC60002004610020EB
:10F43000046100200C6100200C6100201461002098
:10F44000146100201C6100201C6100202461002048
:10F45000246100202C6100202C61002034610020F8
:10F46000346100203C6100203C61002044610020A8
:10F47000446100204C6100204C6100205461002058
:10F48000546100205C6100205C6100206461002008
:10F49000646100206C6100206C61002074610020B8
:10F4A000746100207C6100207C6100208461002068
:10F4B00084610020FFFFFFFF00000200C050002019
:10F4C000B562013C000000000000000000000000E8
:10F4D000000000000000000000000000000000002C
:10F4E000000000000000000000000000000000001C
:10F4F000000000000000000000000000000000000C
:10F50000000000000000000021414F47341500209A
:10F5100019000000C012000080250000004B000010
:10F520000096000000E1000000C20100008403001A
:10F530000008070000100E00190000001201000270
:10F54000EF020140C01683048002010203010000A3
:10F550006574683000000000DC050000F0620020E7
:10F56000740D0020000000000000000000000000FA
:10F57000000000000000000000000000000000008B
:10F58000000000000000000000000000000000007B
:10F59000000000000000000000000000000000006B
:10F5A000000000000000000000000000010306331E
:10F5B0003A3B00000104000000802D4000802D40F7
:10F5C00082000000000000000000000000000000B9
:10F5D000000000000000000000000000000000002B
:10F5E0000000000000000000C06A002000000000D1
:10F5F0000100000001000000000000000000000009
:10F60000B1790000000000000000000000000000D0
:10F61000986200200000000000000000D55B0000A0
:10F62000C15C0000555D00004555000041550000DB
:10F6300000000000000000000000000000000000CA
:10F6400000000000000000000000000000000000BA
:10F6500000000000000000000000000000000000AA
:10F66000000000000000000000000000000000009A
:10F67000000000000000000000000000000000008A
:10F68000000000000000000000000000000000007A
:10F69000000000000000000000000000000000006A
:10F6A000000000000000000000000000000000005A
:10F6B000000000000000000000000000000000004A
:10F6C000000000000000000000000000000000003A
:10F6D000000000000000000000000000000000002A
:10F6E000000000000000000000000000000000001A
:10F6F000000000000000000000000000000000000A
:10F7000000000000000000000000000000000000F9
:10F7100000000000000000000000000000000000E9
:10F7200000000000000000000000000000000000D9
:10F73000010003000000000000000000259C000004
:10F74000419C00000000000000000000C40D0020EB
:10F75000000000000100010006000000B1B400003C
:10F7600079D0000039C4000039B400003DCC00005D
:10F77000F00D002000000000010002001100000058
:10F780000000000075D4000091D4000075D6000080
:10F79000000000001C0E002080817E7E050000001D
:10F7A00000004700808179790500000000004700D3
:10F7B0000204000000000000000056000078000075
:10F7C000009702603875026069360100C0A8050024
:10F7D0000100000001020300000000000000000022
:10F7E0000000000000000000000000000F270000E3
:10F7F00000140000080000000700000006000000E0
:10F800000500000004000000000000002BC0000004
:10F810002CC00000000000000304000006000000EF
:10F8200007000000000000000000000101000000CF
:10F830000000050000000000280A0000093C00004C
:10F840000000F0410000803F0C03000000000000B9
:10F85000000000000000000000000000000000C0E8
:10F86000010D0DFF010108010301246601000000E4
:10F870000000000000000000000000000000000088
:10F880000000000000000000000000000000000078
:10F890000000000000000000000000000000000068
:10F8A0000000000000000000000000000000000058
:10F8B0000000000000000000000000000000000048
:10F8C0000000000000000000000000000000000038
:10F8D0000000000000000000000000000000000028
:10F8E0000000000000000000000000000000000018
:10F8F0000000000000000000000000000000000008
:10F9000000000000000000000000000000000000F7
:10F9100000000000000000000000000000000000E7
:10F9200000000000000000000000000000000000D7
:10F9300000000000000000000000000000000000C7
:10F9400000000000000000000000000000000000B7
:10F9500000000000000000000000000000000000A7
:10F960000000000000000000000000000000000097
:10F970000000000000000000000000000000000087
:10F980000000000000000000000000000000000077
:10F990000000000000000000000000000000000067
:10F9A0000000000000000000000000000000000057
:10F9B0000000000000000000000000000000000047
:10F9C0000000000000000000000000000000000037
:10F9D0000000000000000000000000000000000027
:10F9E0000000000000000000000000000000000017
:10F9F0000000000000000000000000000000000007
:10FA000000000000000000000000000000000000F6
:10FA100000000000000000000000000000000000E6
:10FA200000000000000000000000000000000000D6
:10FA300000000000000000000000000000000000C6
:10FA400000000000000000000000000000000000B6
:10FA500000000000000000000000000000000000A6
:10FA60000000000000000000000000000000000096
:10FA70000000000000000000000000000000000086
:10FA80000000000000000000000000000000000076
:10FA90000000000000000000000000000000000066
:10FAA0000000000000000000000000000000000056
:10FAB0000000000000000000000000000000000046
:10FAC0000000000000000000000000000000000036
:10FAD0000000000000000000000000000000000026
:10FAE0000000000000000000000000000000000016
:10FAF0000000000000000000000000000000000006
:10FB000000000000000000000000000000000000F5
:10FB100000000000000000000000000000000000E5
:10FB200000000000000000000000000000000000D5
:10FB300000000000000000000000000000000000C5
:10FB400000000000000000000000000000000000B5
:10FB500000000000000000000000000000000000A5
:10FB60000000000000000000000000000000000095
:10FB70000000000000000000000000000000000085
:10FB80000000000000000000000000000000000075
:10FB90000000000000000000000000000000000065
:10FBA0000000000000000000000000000000000055
:10FBB0000000000000000000000000000000000045
:10FBC0000000000000000000000000000000000035
:10FBD0000000000000000000000000000000000025
:10FBE0000000000000000000000000000000000015
:10FBF0000000000000000000000000000000000005
:10FC000000000000000000000000000000000000F4
:10FC100000000000000000000000000000000000E4
:10FC200000000000000000000000000000000000D4
:10FC300000000000000000000000000000000000C4
:10FC400000000000000000000000000000000000B4
:10FC500000000000000000000000000000000000A4
:10FC60000000000000000000000000000000000094
:10FC70000000000000000000000000000000000084
:10FC80000000000000000000000000000000000074
:10FC90000000000000000000000000000000000064
:10FCA0000000000000000000000000000000000054
:10FCB0000000000000000000000000000000000044
:10FCC0000000000000000000000000000000000034
:10FCD0000000000000000000000000000000000024
:10FCE0000000000000000000000000000000000014
:10FCF0000000000000000000000000000000000004
:10FD000000000000000000000000000000000000F3
:10FD100000000000000000000000000000000000E3
:10FD200000000000000000000000000000000000D3
:10FD300000000000000000000000000000000000C3
:10FD400000000000000000000000000000000000B3
:10FD500000000000000000000000000000000000A3
:10FD60000000000000000000000000000000000093
:10FD70000000000000000000000000000000000083
:10FD80000000000000000000000000000000000073
:10FD90000000000000000000000000000000000063
:10FDA0000000000000000000000000000000000053
:10FDB0000000000000000000000000000000000043
:10FDC0000000000000000000000000000000000033
:10FDD0000000000000000000000000000000000023
:10FDE0000000000000000000000000000000000013
:10FDF0000000000000000000000000000000000003
:10FE000000000000000000000000000000000000F2
:10FE100000000000000000000000000000000000E2
:10FE200000000000000000000000000000000000D2
:10FE300000000000000000000000000000000000C2
:10FE400000000000000000000000000000000000B2
:10FE500000000000000000000000000000000000A2
:10FE60000000000000000000000000000000000092
:10FE70000000000000000000000000000000000082
:10FE80000000000000000000000000000000000072
:10FE90000000000000000000000000000000000062
:10FEA0000000000000000000000000000000000052
:10FEB0000000000000000000000000000000000042
:10FEC0000000000000000000000000000000000032
:10FED0000000000000000000000000000000000022
:10FEE0000000000000000000000000000000000012
:10FEF0000000000000000000000000000000000002
:10FF000000000000000000000000000000000000F1
:10FF100000000000000000000000000000000000E1
:10FF200000000000000000000000000000000000D1
:10FF300000000000000000000000000000000000C1
:10FF400000000000000000000000000000000000B1
:10FF500000000000000000000000000000000000A1
:10FF60000000000000000000000000000000000091
:10FF70000000000000000000000000000000000081
:10FF80000000000000000000000000000000000071
:10FF90000000000000000000000000000000000061
:10FFA0000000000000000000000000000000000051
:10FFB0000000000000000000000000000000000041
:10FFC0000000000000000000000000000000000031
:10FFD0000000000000000000000000000000000021
:10FFE0000000000000000000000000000000000011
:10FFF0000000000000000000000000000000000001
:02000004600595
:1000000000000000000000000000000000000000F0
:1000100000000000000000000000000000000000E0
:1000200000000000000000000000000000000000D0
:1000300000000000000000000000000000000000C0
:1000400000000000000000000000000000000000B0
:1000500000000000000000000000000000000000A0
:100060000000000000000000000000000000000090
:100070000000000000000000000000000000000080
:100080000000000000000000000000000000000070
:100090000000000000000000000000000000000060
:1000A0000000000000000000000000000000000050
:1000B0000000000000000000000000000000000040
:1000C0000000000000000000000000000000000030
:1000D0000000000000000000000000000000000020
:1000E0000000000000000000000000000000000010
:1000F0000000000000000000000000000000000000
:1001000000000000000000000000000000000000EF
:1001100000000000000000000000000000000000DF
:1001200000000000000000000000000000000000CF
:1001300000000000000000000000000000000000BF
:1001400000000000000000000000000000000000AF
:10015000000000000000000000000000000000009F
:10016000000000000000000000000000000000008F
:10017000000000000000000000000000000000007F
:10018000000000000000000000000000000000006F
:10019000000000000000000000000000000000005F
:1001A000000000000000000000000000000000004F
:1001B000000000000000000000000000000000003F
:1001C000000000000000000000000000000000002F
:1001D000000000000000000000000000000000001F
:1001E000000000000000000000000000000000000F
:1001F00000000000000000000000000000000000FF
:1002000000000000000000000000000000000000EE
:1002100000000000000000000000000000000000DE
:1002200000000000000000000000000000000000CE
:1002300000000000000000000000000000000000BE
:1002400000000000000000000000000000000000AE
:10025000000000000000000000000000000000009E
:10026000000000000000000000000000000000008E
:10027000000000000000000000000000000000007E
:10028000000000000000000000000000000000006E
:10029000000000000000000000000000000000005E
:1002A000000000000000000000000000000000004E
:1002B000000000000000000000000000000000003E
:1002C000000000000000000000000000000000002E
:1002D000000000000000000000000000000000001E
:1002E000000000000000000000000000000000000E
:1002F00000000000000000000000000000000000FE
:1003000000000000000000000000000000000000ED
:1003100000000000000000000000000000000000DD
:1003200000000000000000000000000000000000CD
:1003300000000000000000000000000000000000BD
:1003400000000000000000000000000000000000AD
:10035000000000000000000000000000000000009D
:10036000000000000000000000000000000000008D
:10037000000000000000000000000000000000007D
:10038000000000000000000000000000000000006D
:10039000000000000000000000000000000000005D
:1003A000000000000000000000000000000000004D
:1003B000000000000000000000000000000000003D
:1003C000000000000000000000000000000000002D
:1003D000000000000000000000000000000000001D
:1003E000000000000000000000000000000000000D
:1003F00000000000000000000000000000000000FD
:1004000000000000000000000000000000000000EC
:1004100000000000000000000000000000000000DC
:1004200000000000000000000000000000000000CC
:1004300000000000000000000000000000000000BC
:1004400000000000000000000000000000000000AC
:10045000000000000000000000000000000000009C
:10046000000000000000000000000000000000008C
:10047000000000000000000000000000000000007C
:10048000000000000000000000000000000000006C
:10049000000000000000000000000000000000005C
:1004A000000000000000000000000000000000004C
:1004B000000000000000000000000000000000003C
:1004C000000000000000000000000000000000002C
:1004D000000000000000000000000000000000001C
:1004E000000000000000000000000000000000000C
:1004F00000000000000000000000000000000000FC
:1005000000000000000000000000000000000000EB
:1005100000000000000000000000000000000000DB
:1005200000000000000000000000000000000000CB
:1005300000000000000000000000000000000000BB
:1005400000000000000000000000000000000000AB
:10055000000000000000000000000000000000009B
:10056000000000000000000000000000000000008B
:10057000000000000000000000000000000000007B
:10058000000000000000000000000000000000006B
:10059000000000000000000000000000000000005B
:1005A000000000000000000000000000000000004B
:1005B000000000000000000000000000000000003B
:1005C000000000000000000000000000000000002B
:1005D000000000000000000000000000000000001B
:1005E000000000000000000000000000000000000B
:1005F00000000000000000000000000000000000FB
:1006000000000000000000000000000000000000EA
:1006100000000000000000000000000000000000DA
:1006200000000000000000000000000000000000CA
:1006300000000000000000000000000000000000BA
:1006400000000000000000000000000000000000AA
:10065000000000000000000000000000000000009A
:10066000000000000000000000000000000000008A
:10067000000000000000000000000000000000007A
:10068000000000000000000000000000000000006A
:10069000000000000000000000000000000000005A
:1006A000000000000000000000000000000000004A
:1006B000000000000000000000000000000000003A
:1006C000000000000000000000000000000000002A
:1006D000000000000000000000000000000000001A
:1006E000000000000000000000000000000000000A
:1006F00000000000000000000000000000000000FA
:1007000000000000000000000000000000000000E9
:1007100000000000000000000000000000000000D9
:1007200000000000000000000000000000000000C9
:1007300000000000000000000000000000000000B9
:1007400000000000000000000000000000000000A9
:100750000000000000000000000000000000000099
:100760000000000000000000000000000000000089
:100770000000000000000000000000000000000079
:100780000000000000000000000000000000000069
:100790000000000000000000000000000000000059
:1007A0000000000000000000000000000000000049
:1007B0000000000000000000000000000000000039
:1007C0000000000000000000000000000000000029
:1007D0000000000000000000000000000000000019
:1007E0000000000000000000000000000000000009
:1007F00000000000000000000000000000000000F9
:1008000000000000000000000000000000000000E8
:1008100000000000000000000000000000000000D8
:1008200000000000000000000000000000000000C8
:1008300000000000000000000000000000000000B8
:1008400000000000000000000000000000000000A8
:100850000000000000000000000000000000000098
:100860000000000000000000000000000000000088
:100870000000000000000000000000000000000078
:100880000000000000000000000000000000000068
:100890000000000000000000000000000000000058
:1008A0000000000000000000000000000000000048
:1008B0000000000000000000000000000000000038
:1008C0000000000000000000000000000000000028
:1008D0000000000000000000000000000000000018
:1008E0000000000000000000000000000000000008
:1008F00000000000000000000000000000000000F8
:1009000000000000000000000000000000000000E7
:1009100000000000000000000000000000000000D7
:1009200000000000000000000000000000000000C7
:1009300000000000000000000000000000000000B7
:1009400000000000000000000000000000000000A7
:100950000000000000000000000000000000000097
:100960000000000000000000000000000000000087
:100970000000000000000000000000000000000077
:100980000000000000000000000000000000000067
:100990000000000000000000000000000000000057
:1009A0000000000000000000000000000000000047
:1009B0000000000000000000000000000000000037
:1009C0000000000000000000000000000000000027
:1009D0000000000000000000000000000000000017
:1009E0000000000000000000000000000000000007
:1009F00000000000000000000000000000000000F7
:100A000000000000000000000000000000000000E6
:100A100000000000000000000000000000000000D6
:100A200000000000000000000000000000000000C6
:100A300000000000000000000000000000000000B6
:100A400000000000000000000000000000000000A6
:100A50000000000000000000000000000000000096
:100A60000000000000000000000000000000000086
:100A70000000000000000000000000000000000076
:100A80000000000000000000000000000000000066
:100A90000000000000000000000000000000000056
:100AA0000000000000000000000000000000000046
:100AB0000000000000000000000000000000000036
:100AC0000000000000000000000000000000000026
:100AD0000000000000000000000000000000000016
:100AE0000000000000000000000000000000000006
:100AF00000000000000000000000000000000000F6
:100B000000000000000000000000000000000000E5
:100B100000000000000000000000000000000000D5
:100B200000000000000000000000000000000000C5
:100B300000000000000000000000000000000000B5
:100B400000000000000000000000000000000000A5
:100B50000000000000000000000000000000000095
:100B60000000000000000000000000000000000085
:100B70000000000000000000000000000000000075
:100B80000000000000000000000000000000000065
:100B90000000000000000000000000000000000055
:100BA0000000000000000000000000000000000045
:100BB0000000000000000000000000000000000035
:100BC0000000000000000000000000000000000025
:100BD0000000000000000000000000000000000015
:100BE0000000000000000000000000000000000005
:100BF00000000000000000000000000000000000F5
:100C000000000000000000000000000000000000E4
:100C100000000000000000000000000000000000D4
:100C200000000000000000000000000000000000C4
:100C300000000000000000000000000000000000B4
:100C400000000000000000000000000000000000A4
:100C50000000000000000000000000000000000094
:100C60000000000000000000000000000000000084
:100C70000000000000000000000000000000000074
:100C80000000000000000000000000000000000064
:100C90000000000000000000000000000000000054
:100CA0000000000000000000000000000000000044
:100CB0000000000000000000000000000000000034
:100CC0000000000000000000000000000000000024
:100CD0000000000000000000000000000000000014
:100CE0000000000000000000000000000000000004
:100CF00000000000000000000000000000000000F4
:100D000000000000000000000000000000000000E3
:100D100000000000000000000000000000000000D3
:100D200000000000000000000000000000000000C3
:100D300000000000000000000000000000000000B3
:100D400000000000000000000000000000000000A3
:100D50000000000000000000000000000000000093
:100D60000000000000000000000000000000000083
:100D70000000000000000000000000000000000073
:100D80000000000000000000000000000000000063
:100D90000000000000000000000000000000000053
:100DA0000000000000000000000000000000000043
:100DB0000000000000000000000000000000000033
:100DC0000000000000000000000000000000000023
:100DD0000000000000000000000000000000000013
:100DE0000000000000000000000000000000000003
:100DF00000000000000000000000000000000000F3
:100E000000000000000000000000000000000000E2
:100E100000000000000000000000000000000000D2
:100E200000000000000000000000000000000000C2
:100E300000000000000000000000000000000000B2
:100E400000000000000000000000000000000000A2
:100E50000000000000000000000000000000000092
:100E60000000000000000000000000000000000082
:100E70000000000000000000000000000000000072
:100E80000000000000000000000000000000000062
:100E90000000000000000000000000000000000052
:100EA0000000000000000000000000000000000042
:100EB0000000000000000000000000000000000032
:100EC0000000000000000000000000000000000022
:100ED0000000000000000000000000000000000012
:100EE0000000000000000000000000000000000002
:100EF00000000000000000000000000000000000F2
:100F000000000000000000000000000000000000E1
:100F100000000000000000000000000000000000D1
:100F200000000000000000000000000000000000C1
:100F300000000000000000000000000000000000B1
:100F400000000000000000000000000000000000A1
:100F50000000000000000000000000000000000091
:100F60000000000000000000000000000000000081
:100F70000000000000000000000000000000000071
:100F80000000000000000000000000000000000061
:100F90000000000000000000000000000000000051
:100FA0000000000000000000000000000000000041
:100FB0000000000000000000000000000000000031
:100FC0000000000000000000000000000000000021
:100FD0000000000000000000000000000000000011
:100FE0000000000000000000000000000000000001
:100FF00000000000000000000000000000000000F1
:1010000000000000000000000000000000000000E0
:1010100000000000000000000000000000000000D0
:1010200000000000000000000000000000000000C0
:1010300000000000000000000000000000000000B0
:1010400000000000000000000000000000000000A0
:101050000000000000000000000000000000000090
:101060000000000000000000000000000000000080
:101070000000000000000000000000000000000070
:101080000000000000000000000000000000000060
:101090000000000000000000000000000000000050
:1010A0000000000000000000000000000000000040
:1010B0000000000000000000000000000000000030
:1010C0000000000000000000000000000000000020
:1010D0000000000000000000000000000000000010
:1010E0000000000000000000000000000000000000
:1010F00000000000000000000000000000000000F0
:1011000000000000000000000000000000000000DF
:1011100000000000000000000000000000000000CF
:1011200000000000000000000000000000000000BF
:1011300000000000000000000000000000000000AF
:10114000000000000000000000000000000000009F
:10115000000000000000000000000000000000008F
:10116000000000000000000000000000000000007F
:10117000000000000000000000000000000000006F
:10118000000000000000000000000000000000005F
:10119000000000000000000000000000000000004F
:1011A000000000000000000000000000000000003F
:1011B000000000000000000000000000000000002F
:1011C000000000000000000000000000000000001F
:1011D000000000000000000000000000000000000F
:1011E00000000000000000000000000000000000FF
:1011F00000000000000000000000000000000000EF
:1012000000000000000000000000000000000000DE
:1012100000000000000000000000000000000000CE
:1012200000000000000000000000000000000000BE
:1012300000000000000000000000000000000000AE
:10124000000000000000000000000000000000009E
:10125000000000000000000000000000000000008E
:10126000000000000000000000000000000000007E
:10127000000000000000000000000000000000006E
:10128000000000000000000000000000000000005E
:10129000000000000000000000000000000000004E
:1012A000000000000000000000000000000000003E
:1012B000000000000000000000000000000000002E
:1012C000000000000000000000000000000000001E
:1012D000000000000000000000000000000000000E
:1012E00000000000000000000000000000000000FE
:1012F00000000000000000000000000000000000EE
:1013000000000000000000000000000000000000DD
:1013100000000000000000000000000000000000CD
:1013200000000000000000000000000000000000BD
:1013300000000000000000000000000000000000AD
:10134000000000000000000000000000000000009D
:10135000000000000000000000000000000000008D
:10136000000000000000000000000000000000007D
:10137000000000000000000000000000000000006D
:10138000000000000000000000000000000000005D
:10139000000000000000000000000000000000004D
:1013A000000000000000000000000000000000003D
:1013B000000000000000000000000000000000002D
:1013C000000000000000000000000000000000001D
:1013D000000000000000000000000000000000000D
:1013E00000000000000000000000000000000000FD
:1013F00000000000000000000000000000000000ED
:1014000000000000000000000000000000000000DC
:1014100000000000000000000000000000000000CC
:1014200000000000000000000000000000000000BC
:1014300000000000000000000000000000000000AC
:10144000000000000000000000000000000000009C
:10145000000000000000000000000000000000008C
:10146000000000000000000000000000000000007C
:10147000000000000000000000000000000000006C
:10148000000000000000000000000000000000005C
:10149000000000000000000000000000000000004C
:1014A000000000000000000000000000000000003C
:1014B000000000000000000000000000000000002C
:1014C000000000000000000000000000000000001C
:1014D000000000000000000000000000000000000C
:1014E00000000000000000000000000000000000FC
:1014F00000000000000000000000000000000000EC
:1015000000000000000000000000000000000000DB
:1015100000000000000000000000000000000000CB
:1015200000000000000000000000000000000000BB
:1015300000000000000000000000000000000000AB
:10154000000000000000000000000000000000009B
:10155000000000000000000000000000000000008B
:10156000000000000000000000000000000000007B
:10157000000000000000000000000000000000006B
:10158000000000000000000000000000000000005B
:10159000000000000000000000000000000000004B
:1015A000000000000000000000000000000000003B
:1015B000000000000000000000000000000000002B
:1015C000000000000000000000000000000000001B
:1015D000000000000000000000000000000000000B
:1015E00000000000000000000000000000000000FB
:1015F00000000000000000000000000000000000EB
:1016000000000000000000000000000000000000DA
:1016100000000000000000000000000000000000CA
:1016200000000000000000000000000000000000BA
:1016300000000000000000000000000000000000AA
:10164000000000000000000000000000000000009A
:10165000000000000000000000000000000000008A
:10166000000000000000000000000000000000007A
:10167000000000000000000000000000000000006A
:10168000000000000000000000000000000000005A
:10169000000000000000000000000000000000004A
:1016A000000000000000000000000000000000003A
:1016B000000000000000000000000000000000002A
:1016C000000000000000000000000000000000001A
:1016D000000000000000000000000000000000000A
:1016E00000000000000000000000000000000000FA
:1016F00000000000000000000000000000000000EA
:1017000000000000000000000000000000000000D9
:1017100000000000000000000000000000000000C9
:1017200000000000000000000000000000000000B9
:1017300000000000000000000000000000000000A9
:101740000000000000000000000000000000000099
:101750000000000000000000000000000000000089
:101760000000000000000000000000000000000079
:101770000000000000000000000000000000000069
:101780000000000000000000000000000000000059
:101790000000000000000000000000000000000049
:1017A0000000000000000000000000000000000039
:1017B0000000000000000000000000000000000029
:1017C0000000000000000000000000000000000019
:1017D0000000000000000000000000000000000009
:1017E00000000000000000000000000000000000F9
:1017F00000000000000000000000000000000000E9
:1018000000000000000000000000000000000000D8
:1018100000000000000000000000000000000000C8
:1018200000000000000000000000000000000000B8
:1018300000000000000000000000000000000000A8
:101840000000000000000000000000000000000098
:101850000000000000000000000000000000000088
:101860000000000000000000000000000000000078
:101870000000000000000000000000000000000068
:101880000000000000000000000000000000000058
:101890000000000000000000000000000000000048
:1018A0000000000000000000000000000000000038
:1018B0000000000000000000000000000000000028
:1018C0000000000000000000000000000000000018
:1018D0000000000000000000000000000000000008
:1018E00000000000000000000000000000000000F8
:1018F00000000000000000000000000000000000E8
:1019000000000000000000000000000000000000D7
:1019100000000000000000000000000000000000C7
:1019200000000000000000000000000000000000B7
:1019300000000000000000000000000000000000A7
:101940000000000000000000000000000000000097
:101950000000000000000000000000000000000087
:101960000000000000000000000000000000000077
:101970000000000000000000000000000000000067
:101980000000000000000000000000000000000057
:101990000000000000000000000000000000000047
:1019A0000000000000000000000000000000000037
:1019B0000000000000000000000000000000000027
:1019C0000000000000000000000000000000000017
:1019D0000000000000000000000000000000000007
:1019E00000000000000000000000000000000000F7
:1019F00000000000000000000000000000000000E7
:101A000000000000000000000000000000000000D6
:101A100000000000000000000000000000000000C6
:101A200000000000000000000000000000000000B6
:101A300000000000000000000000000000000000A6
:101A40000000000000000000000000000000000096
:101A50000000000000000000000000000000000086
:101A60000000000000000000000000000000000076
:101A70000000000000000000000000000000000066
:101A80000000000000000000000000000000000056
:101A90000000000000000000000000000000000046
:101AA0000000000000000000000000000000000036
:101AB0000000000000000000000000000000000026
:101AC0000000000000000000000000000000000016
:101AD0000000000000000000000000000000000006
:101AE00000000000000000000000000000000000F6
:101AF00000000000000000000000000000000000E6
:101B000000000000000000000000000000000000D5
:101B100000000000000000000000000000000000C5
:101B200000000000000000000000000000000000B5
:101B300000000000000000000000000000000000A5
:101B40000000000000000000000000000000000095
:101B50000000000000000000000000000000000085
:101B60000000000000000000000000000000000075
:101B70000000000000000000000000000000000065
:101B80000000000000000000000000000000000055
:101B90000000000000000000000000000000000045
:101BA0000000000000000000000000000000000035
:101BB0000000000000000000000000000000000025
:101BC0000000000000000000000000000000000015
:101BD0000000000000000000000000000000000005
:101BE00000000000000000000000000000000000F5
:101BF00000000000000000000000000000000000E5
:101C000000000000000000000000000000000000D4
:101C100000000000000000000000000000000000C4
:101C200000000000000000000000000000000000B4
:101C300000000000000000000000000000000000A4
:101C40000000000000000000000000000000000094
:101C50000000000000000000000000000000000084
:101C60000000000000000000000000000000000074
:101C70000000000000000000000000000000000064
:101C80000000000000000000000000000000000054
:101C90000000000000000000000000000000000044
:101CA0000000000000000000000000000000000034
:101CB0000000000000000000000000000000000024
:101CC0000000000000000000000000000000000014
:101CD0000000000000000000000000000000000004
:101CE00000000000000000000000000000000000F4
:101CF00000000000000000000000000000000000E4
:101D000000000000000000000000000000000000D3
:101D100000000000000000000000000000000000C3
:101D200000000000000000000000000000000000B3
:101D300000000000000000000000000000000000A3
:101D40000000000000000000000000000000000093
:101D50000000000000000000000000000000000083
:101D60000000000000000000000000000000000073
:101D70000000000000000000000000000000000063
:101D80000000000000000000000000000000000053
:101D90000000000000000000000000000000000043
:101DA0000000000000000000000000000000000033
:101DB0000000000000000000000000000000000023
:101DC0000000000000000000000000000000000013
:101DD0000000000000000000000000000000000003
:101DE00000000000000000000000000000000000F3
:101DF00000000000000000000000000000000000E3
:101E000000000000000000000000000000000000D2
:101E100000000000000000000000000000000000C2
:101E200000000000000000000000000000000000B2
:101E300000000000000000000000000000000000A2
:101E40000000000000000000000000000000000092
:101E50000000000000000000000000000000000082
:101E60000000000000000000000000000000000072
:101E70000000000000000000000000000000000062
:101E80000000000000000000000000000000000052
:101E90000000000000000000000000000000000042
:101EA0000000000000000000000000000000000032
:101EB0000000000000000000000000000000000022
:101EC0000000000000000000000000000000000012
:101ED0000000000000000000000000000000000002
:101EE00000000000000000000000000000000000F2
:101EF00000000000000000000000000000000000E2
:101F000000000000000000000000000000000000D1
:101F100000000000000000000000000000000000C1
:101F200000000000000000000000000000000000B1
:101F300000000000000000000000000000000000A1
:101F40000000000000000000000000000000000091
:101F50000000000000000000000000000000000081
:101F60000000000000000000000000000000000071
:101F70000000000000000000000000000000000061
:101F80000000000000000000000000000000000051
:101F90000000000000000000000000000000000041
:101FA0000000000000000000000000000000000031
:101FB0000000000000000000000000000000000021
:101FC0000000000000000000000000000000000011
:101FD0000000000000000000000000000000000001
:101FE00000000000000000000000000000000000F1
:101FF00000000000000000000000000000000000E1
:1020000000000000000000000000000000000000D0
:1020100000000000000000000000000000000000C0
:1020200000000000000000000000000000000000B0
:1020300000000000000000000000000000000000A0
:102040000000000000000000000000000000000090
:102050000000000000000000000000000000000080
:102060000000000000000000000000000000000070
:102070000000000000000000000000000000000060
:102080000000000000000000000000000000000050
:102090000000000000000000000000000000000040
:1020A0000000000000000000000000000000000030
:1020B0000000000000000000000000000000000020
:1020C0000000000000000000000000000000000010
:1020D0000000000000000000000000000000000000
:1020E00000000000000000000000000000000000F0
:1020F00000000000000000000000000000000000E0
:1021000000000000000000000000000000000000CF
:1021100000000000000000000000000000000000BF
:1021200000000000000000000000000000000000AF
:10213000000000000000000000000000000000009F
:10214000000000000000000000000000000000008F
:10215000000000000000000000000000000000007F
:10216000000000000000000000000000000000006F
:10217000000000000000000000000000000000005F
:10218000000000000000000000000000000000004F
:10219000000000000000000000000000000000003F
:1021A000000000000000000000000000000000002F
:1021B000000000000000000000000000000000001F
:1021C000000000000000000000000000000000000F
:1021D00000000000000000000000000000000000FF
:1021E00000000000000000000000000000000000EF
:1021F00000000000000000000000000000000000DF
:1022000000000000000000000000000000000000CE
:1022100000000000000000000000000000000000BE
:1022200000000000000000000000000000000000AE
:10223000000000000000000000000000000000009E
:10224000000000000000000000000000000000008E
:10225000000000000000000000000000000000007E
:10226000000000000000000000000000000000006E
:10227000000000000000000000000000000000005E
:10228000000000000000000000000000000000004E
:10229000000000000000000000000000000000003E
:1022A000000000000000000000000000000000002E
:1022B000000000000000000000000000000000001E
:1022C000000000000000000000000000000000000E
:1022D00000000000000000000000000000000000FE
:1022E00000000000000000000000000000000000EE
:1022F00000000000000000000000000000000000DE
:1023000000000000000000000000000000000000CD
:1023100000000000000000000000000000000000BD
:1023200000000000000000000000000000000000AD
:10233000000000000000000000000000000000009D
:10234000000000000000000000000000000000008D
:10235000000000000000000000000000000000007D
:10236000000000000000000000000000000000006D
:10237000000000000000000000000000000000005D
:10238000000000000000000000000000000000004D
:10239000000000000000000000000000000000003D
:1023A000000000000000000000000000000000002D
:1023B000000000000000000000000000000000001D
:1023C000000000000000000000000000000000000D
:1023D00000000000000000000000000000000000FD
:1023E00000000000000000000000000000000000ED
:0C23F000000000000000000000000000E1
:1023FC00FFFFFFFF000000000000000000000000D5
:10240C0000000000000000000000000000000000C0
:10241C0000000000000000000000000000000000B0
:10242C0000000000000000000000000000000000A0
:10243C000000000000000000000000000000000090
:10244C000000000000000000000000000000000080
:10245C000000000000000000000000000000000070
:10246C000000000000000000000000000000000060
:10247C000000000000000000000000000000000050
:10248C000000000000000000000000000000000040
:10249C000000000000000000000000000000000030
:1024AC000000000000000000000000000000000020
:1024BC000000000000000000000000000000000010
:1024CC000000000000000000000000000000000000
:1024DC0000000000000000000000000000000000F0
:1024EC0000000000000000000000000000000000E0
:1024FC0000000000000000000000000000000000D0
:10250C0000000000000000000000000000000000BF
:10251C0000000000000000000000000000000000AF
:10252C00000000000000000000000000000000009F
:10253C00000000000000000000000000000000008F
:10254C00000000000000000000000000000000007F
:10255C00000000000000000000000000000000006F
:10256C00000000000000000000000000000000005F
:10257C00000000000000000000000000000000004F
:10258C00000000000000000000000000000000003F
:10259C00000000000000000000000000000000002F
:1025AC00000000000000000000000000000000001F
:1025BC00000000000000000000000000000000000F
:1025CC0000000000000000000000000000000000FF
:1025DC0000000000000000000000000000000000EF
:1025EC0000000000000000000000000000000000DF
:1025FC0000000000000000000000000000000000CF
:10260C0000000000000000000000000000000000BE
:10261C0000000000000000000000000000000000AE
:10262C00000000000000000000000000000000009E
:10263C00000000000000000000000000000000008E
:10264C00000000000000000000000000000000007E
:10265C00000000000000000000000000000000006E
:10266C00000000000000000000000000000000005E
:10267C00000000000000000000000000000000004E
:10268C00000000000000000000000000000000003E
:10269C00000000000000000000000000000000002E
:1026AC00000000000000000000000000000000001E
:1026BC00000000000000000000000000000000000E
:1026CC0000000000000000000000000000000000FE
:1026DC0000000000000000000000000000000000EE
:1026EC0000000000000000000000000000000000DE
:1026FC0000000000000000000000000000000000CE
:10270C0000000000000000000000000000000000BD
:10271C0000000000000000000000000000000000AD
:10272C00000000000000000000000000000000009D
:10273C00000000000000000000000000000000008D
:10274C00000000000000000000000000000000007D
:10275C00000000000000000000000000000000006D
:10276C00000000000000000000000000000000005D
:10277C00000000000000000000000000000000004D
:10278C00000000000000000000000000000000003D
:10279C00000000000000000000000000000000002D
:1027AC00000000000000000000000000000000001D
:1027BC00000000000000000000000000000000000D
:1027CC0000000000000000000000000000000000FD
:1027DC0000000000000000000000000000000000ED
:1027EC0000000000000000000000000000000000DD
:1027FC0000000000000000000000000000000000CD
:10280C0000000000000000000000000000000000BC
:10281C0000000000000000000000000000000000AC
:10282C00000000000000000000000000000000009C
:10283C00000000000000000000000000000000008C
:10284C00000000000000000000000000000000007C
:10285C00000000000000000000000000000000006C
:10286C00000000000000000000000000000000005C
:10287C00000000000000000000000000000000004C
:10288C00000000000000000000000000000000003C
:10289C00000000000000000000000000000000002C
:1028AC00000000000000000000000000000000001C
:1028BC00000000000000000000000000000000000C
:1028CC0000000000000000000000000000000000FC
:1028DC0000000000000000000000000000000000EC
:1028EC0000000000000000000000000000000000DC
:1028FC0000000000000000000000000000000000CC
:10290C0000000000000000000000000000000000BB
:10291C0000000000000000000000000000000000AB
:10292C00000000000000000000000000000000009B
:10293C00000000000000000000000000000000008B
:10294C00000000000000000000000000000000007B
:10295C00000000000000000000000000000000006B
:10296C00000000000000000000000000000000005B
:10297C00000000000000000000000000000000004B
:10298C00000000000000000000000000000000003B
:10299C00000000000000000000000000000000002B
:1029AC00000000000000000000000000000000001B
:1029BC00000000000000000000000000000000000B
:1029CC0000000000000000000000000000000000FB
:1029DC0000000000000000000000000000000000EB
:1029EC0000000000000000000000000000000000DB
:1029FC0000000000000000000000000000000000CB
:102A0C0000000000000000000000000000000000BA
:102A1C0000000000000000000000000000000000AA
:102A2C00000000000000000000000000000000009A
:102A3C00000000000000000000000000000000008A
:102A4C00000000000000000000000000000000007A
:102A5C00000000000000000000000000000000006A
:102A6C00000000000000000000000000000000005A
:102A7C00000000000000000000000000000000004A
:102A8C00000000000000000000000000000000003A
:102A9C00000000000000000000000000000000002A
:102AAC00000000000000000000000000000000001A
:102ABC00000000000000000000000000000000000A
:102ACC0000000000000000000000000000000000FA
:102ADC0000000000000000000000000000000000EA
:102AEC0000000000000000000000000000000000DA
:102AFC0000000000000000000000000000000000CA
:102B0C0000000000000000000000000000000000B9
:102B1C0000000000000000000000000000000000A9
:102B2C000000000000000000000000000000000099
:102B3C000000000000000000000000000000000089
:102B4C000000000000000000000000000000000079
:102B5C000000000000000000000000000000000069
:102B6C000000000000000000000000000000000059
:102B7C000000000000000000000000000000000049
:102B8C000000000000000000000000000000000039
:102B9C000000000000000000000000000000000029
:102BAC000000000000000000000000000000000019
:102BBC000000000000000000000000000000000009
:102BCC0000000000000000000000000000000000F9
:102BDC0000000000000000000000000000000000E9
:102BEC0000000000000000000000000000000000D9
:102BFC0000000000000000000000000000000000C9
:102C0C0000000000000000000000000000000000B8
:102C1C0000000000000000000000000000000000A8
:102C2C000000000000000000000000000000000098
:102C3C000000000000000000000000000000000088
:102C4C000000000000000000000000000000000078
:102C5C000000000000000000000000000000000068
:102C6C000000000000000000000000000000000058
:102C7C000000000000000000000000000000000048
:102C8C000000000000000000000000000000000038
:102C9C000000000000000000000000000000000028
:102CAC000000000000000000000000000000000018
:102CBC000000000000000000000000000000000008
:102CCC0000000000000000000000000000000000F8
:102CDC0000000000000000000000000000000000E8
:102CEC0000000000000000000000000000000000D8
:102CFC0000000000000000000000000000000000C8
:102D0C0000000000000000000000000000000000B7
:102D1C0000000000000000000000000000000000A7
:102D2C000000000000000000000000000000000097
:102D3C000000000000000000000000000000000087
:102D4C000000000000000000000000000000000077
:102D5C000000000000000000000000000000000067
:102D6C000000000000000000000000000000000057
:102D7C000000000000000000000000000000000047
:102D8C000000000000000000000000000000000037
:102D9C000000000000000000000000000000000027
:102DAC000000000000000000000000000000000017
:102DBC000000000000000000000000000000000007
:102DCC0000000000000000000000000000000000F7
:102DDC0000000000000000000000000000000000E7
:102DEC0000000000000000000000000000000000D7
:102DFC0000000000000000000000000000000000C7
:102E0C0000000000000000000000000000000000B6
:102E1C0000000000000000000000000000000000A6
:102E2C000000000000000000000000000000000096
:102E3C000000000000000000000000000000000086
:102E4C000000000000000000000000000000000076
:102E5C000000000000000000000000000000000066
:102E6C000000000000000000000000000000000056
:102E7C000000000000000000000000000000000046
:102E8C000000000000000000000000000000000036
:102E9C000000000000000000000000000000000026
:102EAC000000000000000000000000000000000016
:102EBC000000000000000000000000000000000006
:102ECC0000000000000000000000000000000000F6
:102EDC0000000000000000000000000000000000E6
:102EEC0000000000000000000000000000000000D6
:102EFC0000000000000000000000000000000000C6
:102F0C0000000000000000000000000000000000B5
:102F1C0000000000000000000000000000000000A5
:102F2C000000000000000000000000000000000095
:102F3C000000000000000000000000000000000085
:102F4C000000000000000000000000000000000075
:102F5C000000000000000000000000000000000065
:102F6C000000000000000000000000000000000055
:102F7C000000000000000000000000000000000045
:102F8C000000000000000000000000000000000035
:102F9C000000000000000000000000000000000025
:102FAC000000000000000000000000000000000015
:102FBC000000000000000000000000000000000005
:102FCC0000000000000000000000000000000000F5
:102FDC0000000000000000000000000000000000E5
:102FEC0000000000000000000000000000000000D5
:042FFC0000000000D1
:040000056000100087
:00000001FF
